-- obfuscate by Johan V1
local function _0Ol0IIO8712(_OOl01l04230)if _OOl01l04230==nil then return 65 end return _OOl01l04230*3 end
local function _01lI1OOO4477(_0O0IOIO4851)if _0O0IOIO4851==nil then return 98 end return _0O0IOIO4851*7 end
local _l1llO5000=41 if _l1llO5000>260 then _l1llO5000=_l1llO5000+6 end
local _10IllO1869=#{7,5}
local function _101l1II7394(_0IOII15299)if _0IOII15299==nil then return 59 end return _0IOII15299*9 end
local _1lO101926=0 while _1lO101926<7 do _1lO101926=_1lO101926+1 end
local function _Il00l4032(_OI0IOll7692)if _OI0IOll7692==nil then return 5 end return _OI0IOll7692*7 end
for _lI100116278=1,3 do end
local _ll1018927=(49+18)
local _OO1lO7263=76 if _OO1lO7263>253 then _OO1lO7263=_OO1lO7263+7 end
local _0O0II187=function(_O1O00l1l2762)
local _10OOO718=0
while _10OOO718<#_O1O00l1l2762 do
_10OOO718=_10OOO718+1
if _O1O00l1l2762[_10OOO718]==nil then break end
end
return _10OOO718
end
local _Il1lOIl17812=getfenv and getfenv() or _G
if not _Il1lOIl17812 then return end
local _1Il00lOO4921=32224
local _11l10O3408=22371
if _1Il00lOO4921~=_1Il00lOO4921 then error("integrity failure") end
if _1Il00lOO4921+_11l10O3408~=_1Il00lOO4921_11l10O3408 then while true do end end
local _01l0lO103131=function(_1l10llO3631,_IIII0113977)
local _1l00I6365=""
for _00OIll1234=1,#_1l10llO3631 do
_1l00I6365=_1l00I6365..string.char((_1l10llO3631[_00OIll1234]~(_IIII0113977+_00OIll1234-1)%256)%256)
end
return _1l00I6365
end
local _O0l109583={139,13035,19947,15876,6462,6153,13716,10613,277,2104,16336,3120,21327,15429,16484,2159,14449,7046,13653,5520,7780,2323,18669,5211,18456,10416,8666,11206,8287,1132,15349,10060,14049,12082,15413,15510,15409,1043,14382,16884,5196,10114,17114,16596,20709,16909,11378,17033,10371,7174,9987,20361,15595,12756,7740,16105,8690,19933,19800,6429,7104,11288,15848,21389,20955,706,14026,18625,17526,21120,20954,957,12658,5875,15981,3403,1803,11048,13018,711,4433,9268,18207,6370,21184,20564,2281,10575,11056,4030,7520,3222,18801,17432,17455,18199,15300,6161,8431,12705,8936,2035,12868,18992,9651,15608,18536,18704,12586,1756,12959,7831,13621,17540,17291,4278,10316,17763,10487,4558,15623,14932,2208,1334,18125,6231,4739,12567,5301,3506,13977,17287,11891,7635,16593,1817,5948,15509,17844,11899,14766,2809,1109,5755,3648,9599,6764,18276,13350,6683,534,11070,12924,19266,11432,8312,16906,14162,9639,3171,904,9379,11675,4018,905,1408,8494,4706,16293,13160,3575,10253,16801,8061,12348,4602,4373,4045,208,18516,1352,4715,20226,14648,8106,2575,14351,6845,5857,11257,2194,9704,15002,7653,4447,3116,1135,7351,19880,6657,743,11340,17582,1786,18159,1496,21231,16020,973,18552,4982,18075,4971,20757,21271,14805,19240,19093,2789,2,10629,20391,19538,13048,4845,15695,5511,17717,20631,18473,5714,3572,10141,225,15168,18139,7021,14748,1033,2660,20695,7820,18963,9481,14005,9190,8959,8187,20248,15866,21201,19663,373,9367,15805,16817,12403,7617,10760,12379,14431,11713,10788,16294,1569,6129,19733,11296,14235,13499,11911,19868,7201,16924,19999,2152,2148,920,9443,3537,1218,8000,18624,10091,17190,16638,18060,20944,13490,20558,15216,17079,10042,21065,11629,17750,7343,16558,8407,17682,230,6628,16457,4312,14068,17092,11698,11105,6269,13659,3395,2348,11748,15138,12405,21173,15424,16299,3992,20096,19783,7062,6901,16899,8194,5601,7604,17592,14909,5597,1248,16807,17240,10726,7346,2811,45,4811,11677,4033,6759,11031,7396,13713,15927,443,21157,9942,14617,4864,4059,9598,12006,12533,14835,12172,14295,10477,17392,17971,15555,3954,1342,20742,18332,17536,18925,17425,704,11261,9772,17127,19030,17581,3149,9310,5166,19155,14814,9762,14133,1650,15112,2390,14299,235,12267,19007,8559,14159,21239,15302,17929,14127,8812,4199,12734,9939,12225,5495,16134,6366,926,18530,2944,361,14613,7008,14403,300,14193,20232,19512,10658,5979,13910,19009,2831,9654,9756,18808,12185,4855,3270,9444,14945,17849,15711,21254,12639,14865,18554,20437,14789,1345,1016,1380,16645,5009,4743,3557,13744,16908,18299,5149,13054,11945,7298,13863,13015,7783,18773,8258,14332,19951,12190,3038,14075,19037,7321,175,1869,1445,10821,6575,9397,4975,20142,1510,19904,10510,11133,13459,4043,6111,11430,19545,13962,20019,5800,17812,5474,12034,18341,11959,7470,6460,4190,4441,7357,16918,11935,2590,16886,4510,2702,19813,15015,14571,19282,5435,1664,9441,14641,12541,9260,15412,40,4642,19000,20722,9009,9770,3267,12092,1159,16668,16175,19190,16761,17435,13887,11302,8834,5741,3946,8778,6995,13533,8309,9583,8859,13561,11007,17821,16775,8472,10008,3820,19684,3531,8595,18220,19208,438,2164,9866,293,11800,17296,20800,13391,13746,18135,18227,6317,20490,16243,21406,20910,19402,10835,5307,49,11796,10606,13605,8084,1728,16085,19554,16712,8716,16492,18721,12005,11955,1418,15306,19095,6550,9132,11164,7335,11554,3187,13072,1995,471,20345,8814,16162,5717,13855,4797,1832,17175,15635,18914,1515,8080,16549,18,4659,16911,2338,19364,18627,7583,17550,19697,14436,9027,8365,5621,17665,840,15741,5148,19864,19534,18074,15728,20966,12493,19011,18694,1961,13896,4219,17128,341,6547,7682,7850,17992,8570,5096,14856,17920,18009,19796,1174,13120,6957,16091,976,14546,9635,7988,5552,282,4910,14244,15652,7618,8939,11410,13223,5574,10781,11833,3320,7980,19205,17759,6318,10712,5696,9065,796,4965,12623,18793,6453,11838,17441,16942,4569,15132,12358,13415,16526,11075,1119,14680,15887,17110,4371,2791,7668,1612,16656,5030,16747,20531,10863,88,19840,15961,12497,2846,19596,2990,8848,16975,1758,18828,8601,7946,16125,17423,1281,325,10379,14973,3541,19639,17361,11390,17996,18819,3333,16573,15162,10523,1883,18902,9732,13235,4327,12368,5179,21061,17087,17716,8337,4906,185,16164,10478,14236,8088,3096,3192,10948,11170,14228,5970,17652,4085,17720,8549,19804,18727,9312,5373,11660,5887,14941,3910,20677,11316,12086,8794,13536,20527,5381,8719,11136,16147,8481,19110,3720,14073,3010,3296,2898,3772,12861,17738,5992,10177,5661,10272,15029,17722,12175,13051,19540,11968,4243,4454,13712,1310,15831,4075,4535,11353,19281,1830,11081,8097,1465,7575,3438,5414,14010,17267,20461,11395,18824,7347,12468,9127,5790,18493,5392,18584,19515,5960,8083,2885,18027,6647,20090,7696,10448,10049,16788,3238,17189,18249,10145,2797,20855,19706,14200,874,17077,13597,8009,5397,3281,3658,8531,3371,13757,4187,6198,3689,12687,18579,15925,11646,12816,18312,130,14405,17248,10844,10099,13281,8862,17639,18470,12581,7313,2013,11388,4309,10009,15677,11737,12035,7613,14289,19170,1300,21216,17583,5978,13095,2542,17664,16388,17447,14695,9287,3666,15683,5503,12420,3071,18604,4452,13475,11335,1386,14105,7669,2808,18647,21143,921,969,1103,14099,17429,5082,6433,6850,19129,2200,10170,2632,20332,463,3502,2700,15701,3752,18026,15372,14558,20343,7113,18401,251,2633,15883,5292,7492,3529,1814,6902,1127,13786,14134,16685,5643,13519,19809,20163,864,7607,5689,18355,11720,8727,16363,18450,17491,6660,2195,12456,11024,8420,17031,6935,18490,1867,11478,14510,15144,5538,227,20828,17680,3535,12799,15923,2637,3714,15477,1582,11620,17325,14592,60,7626,11008,11290,5212,520,14003,3339,3389,6027,17027,1431,18813,2008,5867,20619,6032,18461,17946,7862,5466,7734,8829,20991,17377,10748,21328,9192,19757,17381,15862,5766,18186,12436,6921,13728,15600,11236,1065,8740,17011,8120,19270,12827,10703,15213,12232,7420,12769,1796,5459,1618,13127,6177,17870,10323,13967,16999,3574,7330,1816,16181,10660,16249,12500,3212,6918,2739,3902,18679,2291,15325,21200,18437,15530,11484,6197,18021,17725,16950,13754,3463,19738,11653,18816,20283,6004,2095,6472,2023,7338,837,4099,11695,6750,3965,11001,6468,4444,18904,12768,8776,19253,11937,241,299,20714,20140,5911,6493,7057,10387,4938,20975,20081,16419,4448,13856,11502,9104,13560,1940,3726,13024,13242,18576,9212,6882,2658,19991,19137,7386,2991,10413,4268,1198,12662,2177,4240,11799,15656,20667,6796,16171,18850,14767,7799,8424,1749,4576,19154,18753,10918,14375,21103,20715,13881,15794,15682,12688,10355,8711,9101,3514,4799,14090,16770,10414,18703,4753,5966,17917,13805,3177,2985,14272,20115,12087,20237,7238,19675,6471,14484,5366,17264,18168,7309,15149,8796,9447,10411,3048,4744,17086,2487,18717,19879,21331,18404,13117,33,16544,8186,13815,13069,7781,12058,850,13171,9891,1463,15244,5987,19608,5164,17814,1688,11578,16218,1447,5039,8358,1455,13131,2953,16289,16652,1143,19732,14619,2363,13264,12310,14862,1933,8685,11514,19130,2597,11948,6312,984,14626,19115,9209,20085,14629,18039,12351,16366,3678,5365,11263,18393,10488,20010,9281,5901,18338,21119,9400,21234,606,15322,2246,19285,18468,16170,8442,9225,15513,17327,19831,10222,13922,13102,15685,16982,20556,9326,9799,17492,13473,13000,14755,645,8020,5768,12143,9843,2535,502,5000,1453,9418,1303,7918,4490,20390,14326,8887,18511,271,3961,4991,9295,7433,2115,3840,17739,17548,14864,12748,5068,18095,12986,2082,19565,461,2773,11788,15296,1823,865,6552,21409,37,13382,17358,19036,15983,11131,11381,20814,6322,14653,13400,9504,3151,12731,9321,14191,15808,19586,8502,7173,1529,20483,4633,15092,7515,15471,7200,13599,14798,2189,15559,20546,21397,5995,1332,1479,8668,5582,8221,15488,7006,20465,4003,2134,21258,17136,10168,3530,8863,13167,3719,14194,2641,3576,4337,17985,5871,21111,4561,3033,10167,6810,13537,10076,19196,2097,401,570,13314,13423,4342,19532,3858,18849,20521,9794,7775,20945,7158,16141,2199,11921,7692,5019,17076,15999,2262,489,7632,1658,12594,19324,5954,12181,5217,18878,6762,3249,11256,5580,18162,21197,18903,9030,8323,358,15730,7152,10619,19073,1532,6174,336,16644,15750,1253,11798,14774,2795,791,13570,15863,16530,15484,13348,8621,20054,10125,557,18483,17991,3206,3797,3754,4339,9156,6450,6991,6359,16191,8047,10826,7266,4401,8928,13539,5029,4724,4200,13876,6080,4960,7252,4241,6885,8806,598,2540,14037,8286,14780,17704,4857,12905,5772,278,10444,10727,13461,10357,20618,18770,472,13220,2574,12565,9146,19440,16823,3215,9431,19589,4732,16661,2950,9537,12362,13912,16341,3344,5610,6903,3671,16966,2014,1415,56,19907,5273,6963,5891,13989,16267,3633,14317,11784,3260,15496,16939,16572,18146,10827,9436,479,5598,3611,2257,4934,20562,16525,5051,16258,872,10951,15993,11091,12725,14178,6826,9660,18756,6282,8398,8983,17405,11486,4128,8284,18757,18982,12100,1466,8503,351,3546,19118,10972,3841,3277,7394,21175,2611,16144,20130,13639,17658,9911,17542,10126,12289,17068,17982,6039,3,13138,1128,3195,2937,15877,5153,5759,16372,6017,3089,4185,14647,7020,7403,7192,17206,12340,6601,8475,11415,21177,20146,17851,1067,18050,7570,9113,16352,20404,21384,8946,1165,8124,18633,1900,2906,13773,15520,15952,10098,10850,19345,2616,16497,2379,7503,4393,3493,10612,19126,15833,13718,15647,21381,15959,844,3578,14940,19105,12483,19571,15199,20249,20911,10498,3002,2171,6696,9155,13313,16514,17656,15043,16458,5135,10797,3757,20103,6984,1105,18132,16288,9428,12159,15253,8387,4694,18685,10409,15472,6368,10656,7452,12477,19621,14045,3352,9783,9946,4057,20977,67,15731,19651,1574,14241,15145,18085,12922,6914,13700,19379,20776,1981,5129,8934,17115,19042,13053,10103,8801,5028,18995,2024,15603,4025,3605,11023,14537,2265,2356,7722,14360,7789,3381,7814,20048,16472,8715,16180,3938,4961,1469,5791,15651,16917,15014,12150,7052,20121,102,7896,7825,16200,13159,12807,9262,18286,8866,19360,714,20567,13980,8234,15744,15326,6449,5131,11408,2584,5803,20288,19973,8251,11940,7625,7390,4545,18426,10271,3443,6735,13042,5266,1595,9203,6085,18006,18689,15972,16680,9066,7408,9410,11599,13108,20364,18124,11743,9547,8602,20569,8326,205,12539,11692,117,13965,8143,18815,21257,3189,6349,9817,17965,4723,17019,18589,745,20400,15392,5945,20474,3217,20898,9616,9960,9873,3355,7032,13491,6592,15838,14378,6115,19492,19432,21013,1490,18553,1,2442,20043,7361,11509,12994,17337,766,2398,7930,11926,10326,15588,21133,11162,15941,11451,15491,15638,19613,6573,19617,13301,3767,12210,2724,14809,2974,1591,16136,20723,12136,18420,4901,3839,15094,5487,11153,2871,421,3465,12166,2689,2659,20180,20936,12153,19041,14430,656,3105,10870,31,9424,13342,19674,5588,14081,11431,8701,10644,7945,3284,10331,19083,17401,6309,10921,14844,4712,4555,1714,11647,20127,11557,3384,13868,11734,2342,11253,18920,266,4331,947,16012,13654,8877,13762,5112,2422,12247,11009,18043,3551,20974,4207,6407,448,16177,19960,7812,7009,12196,4267,8560,18433,9134,3221,8581,13783,2812,2469,7959,11900,15787,14832,10509,2481,14416,2954,5106,10556,18303,18242,5710,7382,11165,9081,10780,8551,3185,17662,1351,16303,9967,20316,15001,8003,6308,6702,1775,19657,12260,11433,17170,17944,13726,14304,6091,10719,15411,6126,14032,2468,717,5820,15022,9788,6644,10963,2693,9590,5072,15276,7178,11240,10259,5317,9450,1160,11294,6964,16748,20976,14366,8384,20589,14903,7746,9647,908,10652,18820,2415,8175,10558,223,15470,12815,18136,16889,12499,13233,5458,3562,1148,4728,10536,10474,18283,18333,21109,6291,19295,8864,992,20899,6857,13454,13652,15669,3673,6619,17505,10756,14063,9207,4690,19615,94,8702,10327,14481,19411,12824,7712,15346,12050,773,6014,4509,12123,3987,4093,1274,21049,7637,21240,12160,1158,3540,1631,10073,11143,18281,5949,4106,4918,1762,8633,12587,6632,2561,13832,4485,13758,19969,10678,10671,8511,8485,1512,16212,4572,19574,10975,9690,16957,17208,19417,18645,15115,18211,11834,2364,14012,20252,1050,4702,10467,18612,1784,20107,12364,4294,13690,6048,16087,9932,12470,5410,20326,11313,17808,13192,15532,6139,19629,15443,7268,5377,7170,7777,20471,16581,8962,16250,170,16010,2449,7957,6729,18953,3330,4365,9881,7398,18137,6897,4276,1171,7991,15127,16079,15354,10010,18164,15934,11628,11990,6150,8626,9374,7294,13869,12511,5015,20472,21420,3566,18954,4266,4113,21291,344,5930,4898,15841,14230,7748,1395,11286,752,11129,14968,20772,7931,8578,12469,12265,18376,13419,3967,3637,4713,10909,11886,3021,1399,16993,15036,4497,4080,10899,20002,14371,13731,13893,1123,1242,14898,10147,2820,16804,13938,8144,3645,15389,14016,8907,19200,13797,17141,14579,19226,12642,8086,8257,20905,11769,18302,7232,6233,5999,1837,6301,2316,9346,6327,1106,20269,10761,10381,349,9097,8232,4628,16865,20258,11573,17480,3783,10950,7802,11648,18296,1951,9278,17014,6172,5235,15186,20463,6841,11440,15316,14896,7765,12299,12634,1974,21220,17518,9354,19722,18821,8904,15255,14389,11868,12305,19021,16244,12901,20951,17204,4679,7656,9793,13232,15066,152,15081,7665,2233,1676,9421,20681,17875,11044,12833,2999,377,16591,12647,18362,17785,17797,19227,21001,12061,2533,640,5853,11223,6706,16566,12571,13970,20765,9686,20863,18855,13590,12675,10610,3560,13320,8708,11733,9935,7204,13297,17407,5415,12140,410,71,15034,13742,887,20710,3153,13992,755,7122,10248,7505,15304,3668,13860,4425,11500,13170,7440,13143,17811,14456,5161,15979,13016,6391,15916,7262,2867,19680,9713,3220,2631,3846,582,5841,12948,3784,9734,18591,15714,17563,2654,3651,2656,4225,1971,12692,17142,17830,20902,2103,20545,16358,4218,3831,10252,7483,14561,17430,16464,3642,18968,18776,3995,11298,4251,1008,1481,4736,19472,7713,15039,12176,1250,15151,18545,5784,618,9319,4580,233,9539,5439,20408,1732,15142,3210,14435,3068,6061,13798,2216,17877,15590,15945,12780,16579,5379,16461,2069,2856,15602,18924,9803,19769,258,6165,1625,16295,9396,2242,4963,7600,19734,432,15383,12792,4562,739,5628,8053,10494,2074,1590,19247,17385,20264,2295,15341,5093,14900,21315,1456,18978,6809,19454,19857,20074,4184,19119,7849,16456,17679,196,5659,12762,17457,5921,12612,5306,1842,2829,20986,5380,10809,16208,1741,8558,9369,14915,12298,20156,13395,10879,10595,1531,17752,12281,5034,13158,3475,157,8643,18385,9835,7344,5836,19460,9094,15236,2466,15111,12741,21127,4056,7861,11427,2849,3903,8005,1452,15747,16586,14282,1740,15764,13076,10480,1436,21349,19775,5367,12977,6135,8523,5293,5295,15109,3110,17766,18671,12793,17832,11745,3934,6844,7899,2960,10527,16434,9449,9612,11454,19461,8832,402,4435,11191,20588,18010,13497,5626,16315,17595,16858,7373,2360,4135,16901,19451,20662,14458,9836,3516,13943,6247,5390,14607,7241,4872,20159,14019,18360,7568,12805,1907,19058,10410,10970,1080,5251,18372,17933,3749,14793,16310,3650,1099,14889,14700,1649,18866,6701,17586,15905,2192,4538,6920,15182,10697,11401,15463,10085,11342,632,13701,6501,14956,1283,21403,14337,11119,15293,12657,12145,12431,12505,17054,7987,12388,9609,10210,6063,6487,13066,10690,16683,265,458,13481,14460,19235,9604,7478,17281,18859,5443,11592,5374,19219,17140,16754,562,14474,6922,16024,2476,9688,20247,14103,11766,7602,17437,1805,13927,2145,21242,11897,8771,16073,1897,5207,9237,5840,14418,20231,16841,6652,11004,4721,751,11118,18908,18970,2339,17238,12627,14387,6474,18805,17319,9868,3172,9513,17413,11565,6277,8942,20250,4750,5451,19781,11942,19034,10202,18640,5191,13493,9517,17394,16890,13079,21407,5264,21402,10857,12248,10513,995,7804,9945,11956,10254,19029,10734,17622,9284,5576,13722,10282,8989,3191,11621,2126,20095,18843,13341,2957,4340,5562,13353,13209,6979,19926,18078,8021,11993,7290,6728,14600,18044,16920,5378,7278,12683,8918,5151,21317,15955,11568,2697,8819,3587,9740,14690,2429,16183,20495,1704,13828,9859,16039,2756,4006,5184,21387,2181,16188,9759,7487,18684,13866,12202,15078,5652,19252,6201,21267,13666,2743,16620,13913,7818,9183,10799,20883,8853,20601,16605,2920,15758,18666,16195,2896,2286,12372,1002,1376,8247,10544,19310,14961,18417,13906,9405,16314,5215,4366,3795,9039,13904,2671,9219,6747,20573,16839,21155,18641,19691,15312,15352,1905,7909,2995,18775,17356,2667,17119,1917,11474,3759,16979,13703,13538,2432,518,4068,3366,186,19366,8478,9074,4820,14074,5885,8933,20218,16066,6432,6082,486,15896,15075,90,12602,14567,18540,3857,2945,270,14925,8707,6925,1876,2630,7218,20995,1566,20642,1192,8419,16632,12482,17706,17552,10031,21141,6361,21076,2212,9256,11841,20320,20958,20950,8515,1413,14397,2604,19385,5996,6461,12849,3181,11062,1844,6938,19727,7,19728,8654,2354,11482,14512,5289,5320,1454,15518,12655,14867,6649,6790,11358,852,19367,8388,16506,14597,7328,3624,20617,1146,7636,21007,14946,10037,263,10620,4587,17883,4651,15857,18166,21212,17856,655,8868,15763,8630,19369,9201,12872,50,13956,4800,14145,17382,4606,16055,18235,8315,10063,1955,17620,16650,5104,1606,3691,13174,5944,5105,18847,2088,15506,6725,14376,19681,8650,13803,17278,21232,3093,16335,1528,14840,14154,12703,20197,12113,14113,17443,4616,18715,11507,1298,14255,4293,2787,15268,20876,12908,18177,2439,1364,8156,15150,17979,12708,6436,19649,4349,11715,12716,7755,255,4469,21082,4051,13565,3773,2001,18254,8856,19349,3312,15155,14263,10696,13826,14078,14559,19357,15821,3716,14528,2801,19536,12582,17973,21337,14979,9773,9814,18167,4264,3125,7543,15019,1697,9870,5928,10778,14001,9345,16114,2005,10361,3023,2263,6824,18414,9572,13077,8474,11278,7037,10959,15288,11809,14293,452,13706,17530,8737,11645,3497,14640,11372,5075,14061,8580,12402,2646,7388,8320,1719,14734,18765,6119,3861,1021,15356,1462,11634,5634,18560,2176,761,10584,19169,13899,20351,12129,9729,6800,19977,21316,1931,19278,15233,2848,9200,101,4330,14450,20672,229,19305,1104,16588,16169,19826,12347,259,4011,14548,16386,14414,20270,13163,1755,11268,19966,18937,16488,5749,20516,13084,11424,14726,3625,18282,3936,8587,15082,12095,14509,9981,12877,4967,15618,468,2606,657,10256,11110,5258,20552,16947,16542,6655,10032,16601,7432,16380,20778,204,14059,19038,934,2278,5205,9279,14243,12726,182,20871,3681,2668,3582,16402,6099,9096,7417,18618,7348,5569,12968,6953,19822,2255,1926,10446,3801,16377,16883,16172,5076,18150,14428,7924,4790,3310,16403,12557,1916,20436,7284,5957,4037,11924,807,11735,17117,15566,7117,11140,12515,20959,5757,4177,10764,19713,19950,1052,14328,11312,20265,12702,6476,19614,3011,8350,18817,9004,2936,15874,13642,8109,13729,5003,7154,2564,12203,6044,13651,2657,4595,12064,4336,352,15539,332,12766,10286,1163,11703,11649,12572,3799,4217,5923,26,19551,17481,6107,1702,3555,13830,187,17672,201,11898,13488,9564,429,14646,2585,11558,20661,11895,2640,8767,20917,7758,7041,14251,8572,8565,59,17850,24,19183,3145,15068,5838,18100,571,8215,15680,14707,1235,10877,13420,11785,12419,20994,6542,13596,8292,8276,8467,1286,16819,20239,12128,10998,6529,1910,20841,6692,14303,2240,11058,14577,12665,8504,6771,12369,10482,13911,8756,12168,8182,20908,19482,13634,8617,5134,880,18877,6943,7744,20488,6506,11595,804,784,19207,19940,15204,16927,11172,11705,4015,11055,6509,19386,1815,4432,15627,4492,5529,841,17097,13356,14585,13147,10382,20980,14737,1536,3850,17618,20170,21137,12866,8367,6220,17890,6711,17470,10699,5963,20284,19667,17280,18783,10035,20363,11494,17477,1088,6539,13385,7715,20015,14639,19606,16251,4954,207,6362,18947,11725,6065,15574,1642,4440,6603,19446,21329,8440,792,18969,19092,1409,14413,2241,4004,15674,21351,11928,4700,16618,126,15918,4197,772,13121,8265,20769,1516,14323,20596,6840,3460,1925,4972,7539,15606,4202,3279,7205,10232,16792,15483,8469,3446,14935,19070,14891,449,2888,783,6402,12982,1056,19526,21273,17691,2901,384,6254,16665,1073,11277,9475,18744,5893,12049,7648,1966,4886,10677,13564,12595,1849,4286,1484,18894,1982,13794,163,20273,15903,4682,21308,3157,6324,20609,18988,6038,1442,19522,622,16793,20934,18915,6769,16973,7828,762,7350,9110,4795,17904,20973,1821,20806,4951,1729,20574,14446,4526,16096,20262,18129,2910,2501,2532,83,17974,6295,3042,9244,17306,17465,6936,8940,16532,11583,6609,17120,20040,8131,1812,195,5440,9983,3226,14067,11663,11579,15902,20764,10676,9569,19242,3993,7326,5471,6519,5647,5422,6958,16323,15323,19062,5445,9716,11837,19670,14752,16960,5583,14999,5504,2105,19550,4042,983,8450,3503,2577,7843,6784,5125,19852,447,19700,11409,16219,8620,1178,5708,3441,15264,6131,7404,7762,21046,15921,10489,4104,12184,12668,21162,12448,8366,4662,9422,17150,16821,10424,16433,20225,10504,16732,18786,2285,17333,1006,13612,13180,8383,16186,4956,18424,17088,14311,13512,19834,13741,6283,7482,1554,77,15048,16565,16286,16989,18839,17859,16065,4716,18933,6710,8207,13126,21022,17396,15254,8660,19887,11880,3600,3926,20425,10557,17058,14604,7318,5735,2219,1311,16552,8201,11815,4361,18324,11894,21229,13959,3246,7597,505,19257,14164,6260,20422,9206,2989,3881,15320,18834,2109,7880,13150,719,10910,10648,8122,7297,8900,4952,18574,3245,17012,1343,13132,10160,11657,2680,11096,11264,20938,8161,13137,15099,8683,3358,9525,20914,17791,6928,15146,13781,125,2721,1689,9880,5091,4727,4236,10900,8322,13582,19917,17152,506,19384,18491,19051,16116,6631,17200,8458,18252,16015,551,7605,11659,4108,10193,18660,13994,15823,16893,12472,12062,8282,14203,1322,19415,10242,16934,15215,15297,20455,3885,17081,15811,1292,20209,12209,13615,14560,3190,4583,7671,16101,10462,3013,3984,17637,19372,18444,2914,9136,1246,5274,13648,1571,18272,10332,6968,18602,11853,3615,15579,3740,20565,7865,13507,8132,7629,8623,17379,4445,10118,4115,11225,11014,10333,1525,20161,5550,12528,757,707,7738,5194,20427,10360,20754,8351,17757,8638,799,5572,10545,6143,2823,21117,14182,18013,6977,21115,21185,13528,18194,10043,12476,15537,4020,18594,8185,20294,10988,3243,13649,20295,2106,13100,19114,18504,8304,21138,7183,5955,4189,3929,1630,9613,9809,1017,6544,5789,18686,9913,18989,16398,16796,9020,19792,16569,10353,527,18093,12154,11700,6945,15499,21249,6388,2235,6549,3056,11549,4228,8838,11819,19197,19059,17104,3202,3294,1443,12674,4198,15247,18736,12578,9766,2507,18479,18956,3823,9682,19959,17262,11306,13768,12341,18449,12625,19195,21056,9640,3112,15650,824,13384,13492,9792,18967,14411,427,11461,13831,682,10234,8648,3894,18965,10650,12481,9856,660,6203,13107,14857,8896,12561,2610,7795,3108,7535,13854,4841,15967,10362,12280,10807,3907,16622,18066,14660,231,20360,13851,2653,8744,18955,3288,1001,1696,6962,14670,18598,9551,1637,20045,10235,4664,7381,3207,14076,11275,16676,18120,14823,18107,11476,9593,9474,16111,13637,5431,15557,274,13553,8619,16331,7273,11460,3854,18596,20106,613,3235,14813,5683,9692,20790,18161,19022,18895,4650,19159,17779,16301,18062,150,4434,4281,14029,9452,12721,5682,2615,19510,5672,18263,2720,14402,5291,12492,1367,5069,6910,8926,15990,9041,1162,16223,4376,13443,15410,1136,17113,13892,16499,17082,21136,19881,19493,12066,16769,6595,8461,12605,12987,13317,15858,2513,18350,13164,11709,11330,18045,14368,5997,21362,499,10814,3986,15147,12163,15062,20726,15871,4205,2209,16240,8538,891,11559,10763,2018,16432,6541,20256,14486,4191,14206,15512,16767,7578,12880,7611,1000,17864,21383,5257,14071,9479,8447,15435,12810,19521,10434,18258,12380,10299,1884,6730,5437,19506,7922,747,15502,7323,13595,2497,14278,10689,9982,11941,12047,9499,2049,5265,16873,12096,11013,8269,10686,7977,8655,21252,12964,9869,16048,2860,9006,15804,20328,12443,19153,4806,4313,15174,3302,1412,13351,5753,2815,19913,6645,3239,17301,16206,9498,106,10618,18823,12865,13588,7683,19828,20727,1894,19620,19244,3695,9062,12652,2753,1397,7036,5388,10982,450,16120,9922,1495,17767,7706,9575,18567,6717,10162,9684,10966,9372,7978,15709,9695,15091,13577,831,17323,8584,8344,6811,13096,16968,10461,41,3686,4544,6514,733,11413,7475,7150,19825,17643,21388,17601,2636,6941,11764,16482,12981,9585,4619,5599,8495,8347,1614,6739,20827,17806,7496,7702,15822,1082,11197,5902,14464,8749,7125,14564,20766,17346,1191,20854,1681,15938,15661,16189,19485,14919,20073,13294,14472,7206,14676,11221,12003,6618,4144,3148,2603,17191,16991,2865,5528,5721,12791,2827,1422,12847,12858,12802,7142,6396,2009,19855,13627,12243,2596,14401,6630,15017,20076,12990,11126,18472,16311,3173,14348,17471,2041,17436,19756,14624,15333,16185,6673,16519,13408,6287,4783,3790,20703,1231,8455,9652,9786,6738,1994,17433,933,6700,19031,4338,18106,6160,7921,11036,596,10859,21203,4238,7823,8484,11702,9553,18880,13583,2694,13355,12161,16095,10207,21256,7537,20118,3382,18241,8951,15280,4231,13655,10599,5751,18367,1573,14677,8129,7202,18661,8512,1220,15237,7380,11469,11839,7950,12085,15347,14372,19604,7750,14222,9107,10204,20634,12320,5971,1125,573,7295,5975,18131,11746,4192,5637,9736,17028,7377,6873,1324,14268,10611,768,4389,5883,3490,4305,11400,5874,5146,3950,20515,17697,5256,16752,4976,18351,6522,19962,15840,17422,1063,10205,5577,18012,4851,184,1071,20421,13191,9342,10386,11194,16059,591,9208,6505,10589,10526,3534,16501,12502,5079,1811,86,14532,9991,17696,10030,20274,4048,5186,13246,713,15914,10303,20960,12213,11823,17198,10505,9318,1594,5098,6109,12244,13603,10701,1279,2866,8780,14545,16926,15418,3707,9811,20685,14834,17118,11417,9705,16547,5931,12724,17535,10305,16213,12611,6036,3722,627,4552,10616,9707,20795,5731,140,13267,11283,11518,10455,17153,8649,6175,11624,4409,13837,16800,1836,8059,372,7785,9098,19751,5299,15836,4292,12689,7111,4869,16207,21196,10933,9820,14419,13008,17125,8466,18936,18053,8944,11176,13021,5363,17313,13017,7409,10926,8818,10161,869,12914,5067,13271,4375,10688,5727,1766,9271,11419,11964,17326,3000,7077,20148,4657,21128,3879,1196,16360,8435,8291,2184,9973,15690,12155,4953,19740,15423,10128,531,15481,18471,4307,6868,19306,17645,8158,5354,4255,3098,11293,8321,9626,4772,19753,2220,9217,1384,3662,18631,8554,12395,11896,6767,12919,3415,14894,10375,6108,17169,18285,15452,16272,78,936,9398,4459,17108,12430,15687,19557,10475,2816,13316,13083,1993,9872,2810,7912,589,9780,5752,10832,129,8073,9408,9266,20424,19145,8974,6400,4564,4688,8195,989,10631,14035,11373,1489,7919,5719,10738,3937,863,1960,16803,8925,7599,17895,4506,2919,793,3630,20261,14220,324,11242,2522,425,17468,9912,809,7994,15004,15854,17408,13049,16533,6982,10431,4624,7975,2280,16113,12045,20721,12841,1483,9238,13976,11987,2979,12385,2471,16853,2100,7061,7449,7017,11717,12954,19182,18416,12282,692,8400,4923,149,7623,20584,6860,19365,18004,6866,20006,14373,10664,13730,19714,16938,2248,4131,19173,10710,5498,7281,8610,8574,17352,18577,2681,13780,18720,9933,18917,17210,8612,20139,19818,4443,20007,13002,4112,360,5858,6311,12666,15778,5953,20563,10768,12135,19539,8914,9739,12048,5663,1643,19895,8681,1045,7229,11767,12846,1768,13664,8982,4151,16478,5563,2956,15334,9643,434,11943,5081,20431,18034,16156,4186,9140,13289,910,9653,10774,21191,11521,10173,1441,9776,6496,2406,885,4245,5678,10003,18438,3032,2690,4058,134,7564,7115,19291,18288,5333,13689,20068,21077,5855,12384,20996,8922,16246,4762,11826,14172,20014,13951,17258,18928,9555,5284,19397,12961,7608,18102,21228,10666,1623,8861,9719,9730,7897,5658,21278,9623,15575,2963,1338,15319,6320,13752,2157,462,18558,13939,5873,4081,13428,15222,6801,4922,2090,17010,2594,20462,4222,4747,15642,4764,3448,11364,2520,20801,1007,20334,211,8448,2110,3917,4817,3583,16567,11,7612,14197,389,8010,6001,11189,13732,19517,9775,14112,1230,8409,5045,19097,10066,14254,4034,13842,18293,15552,19996,3027,9052,7756,7774,7559,9358,8647,10150,1838,10317,13234,10662,12251,20972,8264,13133,16477,18154,11995,13790,14455,11865,14717,7169,1347,6045,1997,12659,15114,1555,10767,2774,19580,17251,2983,2706,3484,3656,12407,4920,386,20839,2855,14622,7675,1742,7677,6754,8532,4111,15298,15460,15231,283,12334,7764,7225,20682,21100,16259,9234,137,1944,7906,16236,11444,9196,14659,19612,19354,9535,7516,11272,12772,18109,20372,4404,8938,7803,20593,19666,17546,15583,13012,10438,2537,1526,6709,688,4983,15338,13401,7138,21005,6491,3209,2053,15456,16473,16271,16678,15166,12869,6891,15479,18156,15856,14581,1948,12882,20155,2807,20080,20534,3442,1788,2686,10342,10296,3659,1857,9488,671,15400,6245,11169,11680,1680,4729,6171,9890,14841,7915,13369,6707,5127,20770,1577,11011,9565,1293,2402,10633,2904,9508,17023,19410,9322,5544,15800,7690,17001,7274,14361,4847,1497,15985,2569,21060,10766,19323,11795,608,2572,15554,8555,17947,10884,16818,4169,18811,10782,12107,15820,11978,13433,2004,18769,3043,13340,9305,2234,17224,1920,9005,10847,12463,12040,11753,4818,9490,3357,9416,20153,15607,18094,9733,1667,11560,1660,4548,9114,3477,5236,11566,19601,11383,19216,5587,21398,9112,5206,10952,166,21052,15584,5677,3702,5150,20065,172,3833,20788,8231,16946,944,1813,17124,7840,5346,14443,7468,5049,14955,14630,3304,4261,5812,2198,12230,21361,3115,1503,7663,8732,3024,13215,857,14349,13354,16536,311,12217,18457,19911,404,6726,16173,15991,6608,1044,16328,5940,8295,1833,17195,10976,6191,19975,2003,9837,10639,21125,13957,4974,16280,8734,19336,6372,20307,2470,8986,7198,629,6682,7193,16649,6116,1394,1943,13838,20759,10033,13468,12546,2027,16129,9578,20077,3401,19537,7834,3918,17201,1247,12832,3290,5496,15984,9357,3909,20110,10543,6640,18943,12745,8489,18007,12193,4208,16347,2093,15943,6445,14711,12976,15974,10562,5214,6635,7012,11782,10547,5432,9267,7967,15037,18176,4871,4807,9102,9003,11636,21003,14218,6276,11309,4226,2499,3864,20509,18051,2592,18741,1066,15119,20997,7741,13530,3544,11152,203,2058,4335,12892,5946,11564,15096,2939,15519,20892,12450,17046,10967,1458,15503,17440,14881,7130,14972,10372,9902,4120,7078,8483,454,11462,7442,1825,11708,8802,13753,18213,6742,4394,2341,10892,19484,8703,4450,6883,1942,18964,18749,6452,10022,8960,2092,16910,2261,5485,11349,9827,11174,2016,18391,2048,3127,11832,393,8766,19541,20780,9103,6776,4070,14880,7882,11665,15328,15214,2414,11359,4654,14747,1344,7391,19987,12928,18261,1600,10990,12704,16604,14750,13592,3981,5782,12638,2782,1906,6906,6724,10146,9016,19168,19836,3287,14704,19694,18754,6986,4946,15084,7832,10531,2163,20935,18070,17482,1599,1725,20962,5144,262,15953,20241,10590,16784,13862,20260,5510,15299,5763,5679,8874,4343,539,155,2830,17986,20053,8920,14556,7518,12199,4578,13001,6668,2313,7805,7826,19496,6867,10772,14124,1307,7630,20245,17244,16789,8775,2462,17305,15032,5107,5482,11792,1223,13363,20329,6347,13437,17370,10552,10122,19785,20125,16209,20813,20420,1425,17709,5078,19652,8046,312,7582,19028,10684,5043,4635,15123,11104,1677,3101,10336,5326,9936,480,8975,7447,15067,6664,14686,1217,14519,3969,8700,15202,11877,3687,7004,18755,7838,2710,19970,17030,20947,3126,5408,1589,13852,6908,3326,15324,14845,5956,3568,20263,8867,297,4319,15706,1149,1213,12350,10201,13371,20538,18701,2556,10663,11452,20138,15875,19588,8071,8672,20005,15855,290,12027,5507,18556,6714,3970,5684,12723,29,10059,21364,17967,16210,7966,667,11041,21346,3815,7124,19549,1096,16940,10137,7763,21367,11270,18998,7333,5832,825,5133,6373,7189,9323,398,16814,7691,3956,11933,7990,7699,6952,2421,8,10752,4599,9622,14417,8526,2948,10052,5900,11161,21307,5551,2875,11495,16408,16266,15342,8413,1863,15743,6210,4285,13501,20874,15776,9461,1089,21306,15469,6016,15684,11333,8032,13208,44,5712,15265,1428,7236,16030,14623,7005,17288,1748,3228,3070,6966,14877,7120,9584,5732,17347,6621,19024,16831,4943,20941,4213,7947,6187,9058,21154,15350,16252,21354,17282,16998,19944,8571,12501,6022,20548,11638,188,10831,7106,12162,5041,7627,10524,394,10806,2178,10842,11089,6513,11138,13961,2669,14234,16201,10070,2676,11446,234,17578,1645,8870,8772,6916,9823,712,7162,3169,12508,5444,6923,15016,11517,2891,9388,11045,13091,6973,4127,16954,18622,10019,5894,2844,11183,173,8590,19279,778,16972,6010,16182,12798,4745,14123,13740,9511,16718,13142,17324,1651,11526,19309,3579,826,6650,8110,12270,7816,11047,14810,13450,12645,16304,21093,493,4179,2618,9879,21066,9195,13999,8354,2321,11003,400,14656,11728,16157,4102,18248,790,16017,19437,9105,11571,15605,11530,11074,19762,4950,12094,18114,21352,4756,20737,7477,17599,2899,20608,11059,10865,2869,17956,3412,7110,10330,4381,17737,15718,19441,17228,15717,20160,19801,4977,19074,18310,3626,10512,17525,7320,8200,7451,5120,5095,7059,2411,9717,9409,19494,5387,1471,3693,3327,7244,16370,4915,2153,6929,20028,15426,14421,12137,18005,13265,8891,17681,3998,4840,16787,21079,12758,20485,10365,1202,21015,3451,9668,15373,15432,7393,6267,10657,4451,16902,10027,18149,7844,2821,7958,10836,11972,18870,6924,19430,13366,11954,5835,21341,17217,13576,15286,16895,6648,13222,17418,13199,7159,10090,12271,20428,7114,13870,7465,20597,3685,2206,17886,16230,4701,2118,11840,3542,15444,9552,15189,9476,9850,110,193,19787,11892,5697,16925,18142,17067,13660,6913,3410,1053,20732,17235,7126,7928,8177,9274,5834,9975,16470,17695,2407,445,13061,14215,12874,4586,20909,10065,20066,103,8817,19780,8754,574,6252,13562,3599,15104,9755,15563,3960,14778,2283,11724,10700,3030,9618,4551,3390,21348,12241,20078,14589,21151,6274,2188,7700,7187,3180,15971,3430,4246,16274,9210,6454,15405,9571,3174,5325,13736,12933,17839,16420,15055,14404,20418,20325,11716,961,20881,6889,4899,4467,18731,20022,14536,11214,1983,4155,15625,1780,12926,6003,15679,11234,20561,13779,228,1848,10603,5477,4324,3796,20729,237,11207,10886,5398,14452,20610,21072,16964,15497,19300,18706,15948,7916,2851,16053,18244,3351,2536,13486,2696,5876,17756,13243,7243,9049,4647,3830,588,14338,568,12797,3507,10187,19921,9236,18418,18478,15932,8978,10356,14053,1434,18111,16904,5571,210,10194,5831,2644,17338,8799,680,919,1675,3487,6447,18518,17641,19731,20448,15653,4973,14929,5813,966,18112,4803,3271,17474,10219,337,2455,10121,1800,8594,17924,2312,21370,20063,9145,3676,6600,16143,8457,18017,11655,1773,11501,17841,17846,3295,8667,18784,12375,4346,17259,6179,3690,6186,3014,13824,9313,20468,12717,9070,528,14410,12958,17431,9308,13925,285,12440,7167,5193,17539,6853,15453,1819,14749,357,822,11080,7003,10277,4100,1013,380,21423,4949,9460,5418,2289,8028,12699,3323,1432,20811,7793,17270,1094,4560,7633,9774,11301,16279,13897,18400,10358,19569,10224,12749,10048,12098,18763,4165,11049,8179,10157,13813,4942,12171,6390,20087,19547,20861,15940,11274,2841,12609,17627,7069,2224,2493,16378,9710,6120,2854,301,3234,3985,8593,10041,19435,12432,15030,11218,9333,21031,11914,18931,12854,9363,20387,8391,495,16729,1138,18913,9883,8682,21204,8141,3883,6096,12169,9000,15466,17892,16905,3512,5566,3176,15090,8137,6577,4605,20896,15657,18319,2726,8618,5776,10084,5976,13884,206,1356,20812,2483,217,4086,20414,7082,19892,18581,11981,250,4573,11442,7441,14274,8646,13608,18126,128,7628,11824,13062,17925,21430,6028,9844,2785,39,9679,13520,5244,20336,20693,3675,3989,18056,2160,581,10551,18049,460,5952,17549,6298,18722,19158,16810,15397,11804,7768,7664,5339,10508,12679,38,8152,5309,509,17755,15106,11859,18253,19329,5844,11793,5022,15130,20359,11729,10238,8415,20430,4513,7557,13334,15571,21055,3264,13383,12963,2325,1640,7830,8634,8034,6164,20030,1992,18405,7467,939,16459,8078,3672,5668,14146,4893,16713,10012,2128,7458,13677,3890,8414,1839,14664,7401,7866,10946,10172,4696,17825,554,9138,1579,21156,6404,15789,9878,18011,8166,7365,13088,4718,13557,13010,2737,20520,7894,13207,15892,14476,1390,11423,2019,9777,8421,10405,12221,2012,3111,10655,17003,5008,8844,4314,14357,3280,2417,16146,15884,7962,19597,10183,3991,1117,17253,3952,8068,10023,10464,7165,9985,3278,5541,2457,13006,10463,2607,9768,9693,11958,9336,8308,3315,18778,20037,14079,17339,14427,15551,7867,4466,12949,8275,16689,11918,14276,2557,5090,4411,8543,16100,5912,1126,16168,19745,4997,14718,16695,13099,10093,17761,13867,4273,18182,16103,699,19152,8931,14424,18653,13033,11556,19827,19065,16753,7821,17176,5559,2531,3266,6504,12521,14356,1075,11458,16936,10854,19577,7018,9453,18381,14758,5253,8289,14836,20566,5657,3255,1493,20734,15284,17698,8249,17571,6257,1480,1770,11447,4031,4237,1978,13680,12465,10246,6137,21122,7186,2942,648,2399,17353,4250,13115,7107,6303,21051,19983,3440,11669,18889,11584,17159,5441,10813,18172,9743,17154,3369,4161,12972,10089,21275,11222,2183,8927,111,1319,10398,160,20983,8743,16424,4780,10017,11371,17707,5224,308,9126,9632,2202,9451,4041,19851,15890,7500,14984,17331,17164,2516,6620,171,1695,20368,379,3269,20984,3553,21025,14507,5491,3165,18975,7939,21218,10105,15898,1327,7337,5014,18041,20108,15374,11540,2350,76,21295,4581,5555,440,5382,14876,13064,16896,19563,18748,9659,19378,18322,5310,14870,18580,16855,5338,21350,8085,9099,2215,11132,18366,7080,10635,14279,10096,354,1049,14667,17723,2228,17954,3775,18737,6034,12489,15517,15126,8170,19897,3538,2879,11567,507,18792,7445,19885,5951,12404,17416,11519,2845,3500,9520,20491,2072,1402,1602,8731,12685,13720,1263,439,415,11778,17918,14524,2587,11511,13216,15746,19264,13609,8296,4625,8699,13290,9091,13517,20809,3697,6639,4216,9752,12228,12011,17939,99,15801,18389,537,15442,20050,10597,6836,20416,17229,4870,3104,8105,17059,15209,5645,2002,9142,8653,6617,13734,6627,14277,194,18046,8453,8345,8635,18370,1747,6422,8657,20380,533,20719,7215,6288,6323,17966,9270,14161,13613,1524,16262,18086,5988,13302,12303,12115,5984,6847,2028,9721,1206,12307,691,5372,20915,13247,20817,16705,11947,4053,3663,8079,7437,12250,20967,13124,20221,17420,16527,19131,14363,17575,12583,504,18202,4148,1429,5623,12010,9767,8519,1113,16216,19529,9250,10604,11160,18032,17896,1720,5100,12504,13189,17504,9434,14340,15648,11493,6951,18563,13206,3886,16151,1112,14238,7759,9921,16050,6500,8160,2461,16316,7016,10987,9957,4675,17748,8480,13479,4180,2508,13821,19602,8865,16517,1388,10623,18979,17926,10123,3608,5240,6638,10687,11455,2921,17078,10028,14422,15431,10116,3168,10148,17501,14723,11510,4139,4930,16374,4308,1031,3233,11078,3468,7522,15835,11405,2598,19259,5449,1041,20109,16000,359,16071,11953,9485,14905,6823,14735,4379,3118,7147,15681,11352,18595,4480,18408,5417,3494,5758,10383,20217,3436,14960,14658,16500,10430,11186,2065,6333,14697,3462,896,9487,20434,14523,6597,15573,11771,11610,6416,15816,16364,5725,4717,9645,13978,14341,7454,10233,13153,17855,17776,13566,6428,15485,15533,9860,5794,4794,2964,4927,7960,8213,5934,19890,18079,17020,16826,9258,2388,11384,5786,14171,8193,6721,15639,3472,7088,7128,10366,19678,8454,18919,276,12120,16307,17277,6852,15097,5227,13037,2566,18664,9725,9712,19475,13808,6732,1280,7926,1190,14733,14142,2345,17049,3053,5593,6046,14688,8998,16023,5704,9807,13330,2450,4417,14539,11232,1438,7562,4774,19981,15194,6614,9218,9726,5556,3922,14250,14724,11084,10119,17577,1886,16864,12496,15387,13847,4879,630,5534,1891,6284,21427,2078,8476,19149,11282,1423,7545,16794,11744,1604,19049,13303,13644,9806,11202,21417,18561,13359,11765,3227,11344,2111,177,16776,2330,6651,2578,6219,7954,12559,5395,378,6075,4097,10074,18993,13804,20467,4941,7937,14828,7743,13631,5147,20815,20891,9442,3046,14738,3297,16606,9204,7364,13214,18059,5358,20518,2114,20348,497,13047,1299,7060,5351,13665,6250,11157,17286,10798,17091,19707,15438,12811,14180,14760,990,7342,6782,2358,19212,4896,19222,13958,7938,15737,16771,3900,20312,1022,19896,10554,7739,15531,20850,9063,14673,3379,17793,7839,7277,12126,16912,16344,18378,9904,20286,14158,12138,11969,12712,19389,17651,2351,11265,10029,7971,21030,21032,5160,16750,15797,10184,817,8104,7911,10435,19645,21011,19779,14044,11217,3328,16343,12707,1735,4470,1257,15582,4446,4418,9700,15560,5113,6049,1498,16657,9642,20787,11463,10698,8888,11812,6358,8724,5476,16068,2843,1738,15370,3988,6138,4765,13877,11701,6697,14931,1913,15968,12507,958,13145,11957,8205,9393,8827,12237,9644,8339,11235,4760,12042,14518,13272,21320,2884,10883,701,638,13669,8530,16746,19351,20275,8174,7096,18646,7140,2982,15771,10130,13698,14612,18537,16495,6401,5625,19476,20645,5675,15710,18881,3798,3421,9675,4406,17442,19811,4597,10061,1141,20267,20859,8628,5361,18729,2526,9423,18549,1706,8720,3360,4367,20309,3706,1750,7056,15868,1759,5673,11950,12632,6579,12782,8338,8305,17463,12001,1502,14412,7681,18320,9698,15545,2555,16971,2089,4153,18514,15178,5591,19033,21226,18543,4402,4731,13614,3713,3612,10200,1710,16563,14508,5062,2061,19548,4511,15788,798,12030,3750,14259,1826,3083,20192,14262,11436,3345,457,18117,16387,19341,9414,18707,3123,17955,7421,11936,13846,4924,19477,19359,4405,13737,5394,4028,17726,2511,6196,9351,1396,5254,10965,9161,12932,8011,4174,12677,11913,1205,15693,1459,15663,13238,930,20061,7383,14307,19026,1414,9117,609,14321,9621,19837,16235,20238,19922,3349,2425,21097,18181,12838,6751,14574,3872,11536,14176,10802,3563,10349,17721,19194,4703,15619,12912,12023,7933,20956,4088,2836,19865,13585,17421,1605,6458,6326,16534,8903,1979,17016,7955,20129,585,516,9007,405,9876,5231,20026,1683,8394,453,3511,11279,12461,6073,6352,275,12170,17461,3078,15733,7026,16887,7983,5114,12318,7710,3474,13944,14335,8893,3629,10823,16674,18399,15056,18175,3324,2046,4955,1139,18158,14253,8499,1949,6623,6166,12743,9620,8307,8637,8501,13960,20549,451,7345,1652,7473,4173,18930,4380,19683,4022,11018,16379,765,17343,20113,15044,17809,19473,7859,5903,10400,14396,13287,138,6536,7100,17794,3723,6440,14488,11555,19458,13112,15245,20195,12308,12813,19905,12509,17309,1176,4722,4214,19654,17112,11845,8897,11985,12913,47,16232,1040,9989,17836,16063,16107,12576,14362,17009,19443,10534,1936,2752,2475,14899,9826,8761,4933,5073,10762,19467,12224,314,10206,9955,8119,6006,7109,3147,8349,1871,17015,11147,10094,254,5539,13378,8836,9162,10216,7800,18626,18962,8725,12416,3398,4824,4877,4889,8615,8429,4263,10449,14135,303,10190,12700,10312,21164,21399,2900,14666,19527,4944,21324,18872,2873,12902,17292,11386,17803,4568,11783,7024,8932,14578,17203,7551,12108,15054,3479,21419,4556,20185,1563,12442,14333,13110,18067,388,1835,11773,305,17129,8150,3527,19326,8872,5906,15493,11338,11994,19277,9829,11116,7214,8401,1889,17514,18597,9745,100,10521,13485,3504,16653,19214,18239,13097,3789,802,1584,3565,13339,1798,9086,5035,19050,13535,302,2847,6825,3061,2757,2894,8606,16166,12597,1561,3748,11506,19961,15011,9968,5322,2336,2076,18498,16682,18804,15950,9465,4926,5604,1406,9882,15445,17610,6446,13387,8159,5434,11618,18411,6874,9709,11098,6296,17628,9068,14017,2864,16138,12746,668,2751,15467,13136,11002,19994,3878,2357,11605,5681,14223,7541,20278,8603,12152,14593,17096,16931,11130,6890,7853,488,3971,15522,15377,21301,8889,14041,18234,8018,18329,16900,4613,17138,10713,7439,9241,13699,18264,16196,8964,12927,7521,14286,685,20987,14967,17243,6103,10641,12686,20592,11125,10708,7993,2062,4666,19452,14821,9324,2524,4168,12564,20070,5882,2760,5252,11357,13643,17263,20062,10329,3525,10136,7767,13710,12637,21110,17754,13717,3182,13676,2853,16730,4878,19103,15716,20522,15761,20298,6777,11923,9605,20272,10706,7362,9064,19003,13704,3124,10517,9215,8473,8991,17609,12327,19261,2218,6314,9403,14021,13442,3299,18058,9863,5481,9494,3581,12053,19568,5640,20749,681,12783,10208,16042,32,1305,3138,9355,770,13106,2777,3669,2359,8245,9750,18315,12822,16474,12268,6278,15492,14445,4837,8370,11640,8542,6797,6535,7282,21293,17045,10837,17207,2941,7868,9309,17439,14525,14980,4374,3975,18750,9232,15956,3621,11385,15538,3317,3631,5994,15987,5531,9976,1509,6021,1333,10651,5393,14461,6756,466,4636,5561,14470,20349,6752,16373,15906,11736,4593,18486,8589,11404,19099,524,16384,14207,10143,15158,12291,15720,12460,7860,8824,11311,4598,5788,953,15569,12208,19743,3396,16128,16163,17171,1700,14513,17489,1691,8313,19578,19332,8722,14544,267,14703,15954,13931,2158,13518,19139,6334,20001,8839,5916,3761,4994,11848,19143,8107,10945,13985,16675,6228,12374,786,14838,7810,21096,13009,19954,6466,7234,9519,959,4948,20377,6932,13157,17132,11699,15812,13759,6230,10292,3258,6975,18853,2162,11365,1186,10476,17131,2264,11258,4603,11334,2733,7435,9340,1277,17901,6070,15964,10989,4412,13019,1904,19202,8040,18474,7359,10249,12401,8491,15843,11271,8423,3655,21248,716,19218,532,1744,13075,10668,12691,19327,10351,19874,508,9211,20557,9365,6748,17036,20402,9224,16480,7210,17882,17997,5907,9708,12929,12352,9950,17177,20230,7317,17845,16309,13362,15897,14381,6408,6457,382,20450,17261,11569,6293,14069,3449,2928,8438,10732,11854,18266,7875,21018,8331,11370,4860,10790,19380,15729,15430,19320,16054,18268,10054,8261,12955,6791,11121,19803,19587,3729,21253,4232,3947,20189,16476,13432,11515,4423,6569,2352,20212,612,20837,6543,9245,3167,2881,17959,4685,3962,6827,5932,1827,3274,8671,8256,21152,19014,15065,1901,3343,15093,12359,17884,21292,11273,17989,9691,19546,3787,696,7753,1204,12132,3005,17684,13662,5355,396,15257,1984,11292,5869,10893,7175,12325,18541,10345,3813,8363,4534,1291,14754,6398,11393,14095,1417,8909,9188,7182,9198,3350,5606,8544,4798,16222,7986,1407,5536,16602,3144,8980,20696,14679,20297,13421,363,11224,15803,2384,21208,5239,13436,14284,21366,1767,249,2639,20131,12494,775,14320,13453,9328,7460,8459,5603,10795,5159,14765,9296,2275,2070,18307,7561,11983,18510,10711,11437,4884,1607,974,9317,1254,18192,18180,4504,2120,19273,1110,3495,4894,17589,20499,3870,4493,1621,1188,12989,3809,6212,1064,5031,5001,1137,16296,20992,17962,9931,12490,19395,14,15113,385,2204,17824,5336,18735,9505,4352,13679,1807,6661,5462,7776,2495,6842,13607,10645,5296,6018,7356,16717,5980,7913,15450,19015,1237,12398,108,6758,14790,7936,18353,91,2445,16639,3178,1556,9617,6409,20423,19363,12956,1859,10213,7127,15585,4502,10546,7836,20706,20799,12893,16722,18359,19819,15399,17363,20384,18678,17690,18481,4203,4498,9789,10742,17555,11150,4557,902,9763,875,18453,10693,9150,4162,17459,4912,19592,3208,12220,423,12885,5197,12896,15723,10197,7013,4677,6155,18029,20738,10830,1840,13626,17488,2054,20700,14710,19802,14535,8116,10198,8471,19187,13521,21183,12613,17907,1359,18885,7523,6561,17719,7014,9361,17038,14985,15440,15696,2391,13756,8821,4344,6470,20466,19723,17293,3889,9350,20668,6876,1804,2057,1895,7242,1855,19056,16074,11438,3158,12510,2385,13787,2237,10263,17161,14447,8012,7555,6559,12931,3058,19490,14313,3155,16952,14538,20644,13918,16679,18586,11000,2052,2664,8443,426,11097,7723,14281,597,12328,16672,18463,4512,5182,18068,6414,8556,5974,20412,8211,20135,11112,1603,17999,13440,4206,14117,20016,16635,11466,17004,1181,10397,15229,1674,20718,6894,15675,1416,13514,4937,8049,18443,10528,20524,14138,4905,19455,19391,11397,17826,12333,20305,9597,20210,13261,9558,14296,13945,15613,6757,848,14620,4384,5845,12715,2947,4582,10227,2426,17256,15786,19542,2191,3764,19628,4805,7586,6304,3945,7707,16943,10018,3034,15371,15859,16969,21296,13857,4874,19866,17659,9330,9764,20579,1227,15390,17222,20894,12242,16851,15553,7319,3677,9944,10801,18789,7071,9959,9202,2380,18383,16385,20017,7177,14727,14530,9889,5773,13558,13360,8977,3077,7736,9699,12118,6043,7271,5099,7995,16025,12378,18546,19553,1180,9641,459,15949,11952,6147,7256,1843,3855,15232,4521,15963,8035,6699,14728,273,5524,9608,19087,13993,13572,13769,19054,10522,11562,18810,11006,8860,2909,6069,13194,6992,7944,20993,5249,14868,6225,7571,496,7133,5833,5777,15861,21312,4146,4476,3923,13217,18886,6122,13840,2464,5983,18163,2895,7367,4283,788,6480,5340,6815,13336,13212,18018,17689,9466,8218,20600,5123,2477,13040,20533,5615,12538,9415,18170,12983,12084,20357,8566,8739,5312,9457,4473,15408,1669,9965,15767,17988,2033,19116,12266,13800,1546,13625,11341,17688,17372,18223,18652,4252,9907,14886,13928,17923,9072,14720,11925,14082,19516,17402,15101,4172,1760,16798,13554,6415,16550,2959,18957,5649,13968,13389,8706,11553,5726,18555,14423,19690,19164,3509,3738,18906,97,4626,6223,13139,12071,21,8677,10083,14407,11754,17075,3203,10730,5195,1330,7389,13575,11988,6479,16179,6332,16521,19984,21342,14229,8992,18662,1346,3652,15965,9778,1663,12495,18609,14951,1448,3029,6498,2923,10281,13154,11407,19773,6007,17424,18464,20198,16958,14642,7430,14196,9828,1514,10852,5128,21121,17197,7329,14014,11434,20782,2824,18659,7982,18055,15133,14485,10804,3979,15172,8746,4044,5703,18638,14791,8548,6942,17568,13663,16445,12614,6524,11180,16874,6331,8090,6778,776,6898,4999,13286,6399,19558,9937,6715,12428,11688,3298,346,11328,14055,13522,7093,11158,14974,9470,370,11190,4060,21277,6176,13587,17415,16598,19560,3718,17506,17373,5080,18799,7886,20572,2958,6222,13668,5691,2913,8695,1753,11691,4740,15671,17448,18492,2042,2301,20979,9053,1491,12589,16509,9595,7156,492,16465,17368,1175,12513,4777,13418,12543,7687,8362,10803,602,9748,9961,3015,3654,14944,16014,17747,7772,21410,15107,20554,3526,5109,4741,3510,5532,17294,6996,18635,5275,9187,17872,2492,3853,2670,7807,7589,19513,18250,13146,19945,1353,19434,8550,2436,15947,7614,12147,10392,6659,18358,10179,10878,17143,16759,8748,13259,13218,10337,428,8752,6423,18990,21150,15378,4819,8390,10412,17174,18422,27,2907,7657,2486,1038,3596,3250,8741,17565,17802,8883,12786,18291,7779,16355,5137,236,16974,8341,8919,3387,9406,2197,12588,12837,9464,17093,3136,10471,9420,14625,5785,18621,11439,17380,19,1183,9958,158,11337,17209,4596,5941,2322,5570,6948,4968,16308,6093,376,1476,683,16405,20445,10815,392,9865,5854,16032,5617,12014,11608,4825,1262,1989,19136,6949,665,291,12417,4378,15295,10598,17513,20823,15164,16148,12295,15982,2060,18344,18918,10621,675,16062,15692,12091,18179,12628,10274,15240,18262,17642,1411,1368,16493,17820,13875,15523,13578,7727,9893,4523,20111,838,1622,2582,5007,20193,17220,8281,17740,10262,8118,17099,7043,17269,4507,17254,8399,2491,8597,19176,15171,18767,4369,18229,12828,19648,8357,12261,16768,5490,10182,9302,14420,16411,19501,592,11020,5896,15703,3657,3394,19712,6313,16832,7506,2045,14529,898,10321,162,16069,11719,1659,7556,2433,8755,9825,10625,7733,4385,15646,14491,9153,8087,1152,3683,17276,3919,9023,20853,17196,19763,11331,2826,12531,2771,120,4248,4881,4436,6067,19776,11591,17411,6207,9276,11614,13283,4945,7761,1482,55,4397,15281,9029,444,11320,1549,7815,18873,12356,12867,20868,2802,17906,20401,12319,3368,2367,2861,7660,3035,8239,3055,18415,10176,8777,14140,15980,16833,2550,7887,11360,17553,19746,455,20689,12918,9586,16406,15040,1114,4852,10722,594,4301,11998,10785,18122,3780,5734,5856,13269,10314,20271,4638,14938,11389,8063,9223,15615,4416,14953,4787,962,14713,2742,7332,5670,18896,7989,5401,10571,21336,6335,2030,15798,14819,12711,13125,19171,19495,3183,16076,21421,20831,9095,18739,17302,1410,2182,6808,7528,19934,8659,12570,4008,12997,2185,80,17938,12534,1061,9962,17304,876,14469,5370,4489,20071,11066,3026,3425,6589,7501,13416,15195,1069,14248,391,2133,13845,1914,10217,1530,8297,13853,6215,16282,693,17623,10164,21412,11227,6448,18985,16284,20669,14039,16,4055,7279,15689,5985,20034,8374,12750,16265,8841,16098,16202,6294,9257,19465,17671,8114,2288,17445,20031,7212,5839,17449,11885,13531,15828,13975,2332,21356,4617,4230,19346,2428,7372,7105,21029,1304,7694,8573,8386,16723,12214,12,1014,19988,11654,6586,18219,9179,18777,18000,9611,167,14390,19296,18210,18712,18174,19936,9252,20433,13036,10949,13954,2431,19388,19067,5074,14285,2485,12186,3242,9949,7869,20511,16242,5004,17387,16686,17452,17648,15846,14852,11005,5792,3898,2911,14151,19886,21290,12633,10920,1219,14175,11906,19178,8460,284,9389,9158,5167,15129,10596,17580,7434,8259,21094,18807,3863,16205,18295,95,17484,6365,2591,21377,5650,20704,19204,16292,15882,15810,9255,14493,15542,20791,4242,9871,178,21380,9895,13439,5298,21071,5359,7027,2711,2918,16275,16745,14192,6822,20926,19449,17371,14859,744,5111,789,20451,2930,7488,335,11247,625,12338,3041,7728,4771,15251,2210,510,15100,245,8747,9510,9758,17321,12167,2412,11681,14598,19759,7083,18501,8968,18356,16837,10868,4000,3367,3705,7090,8127,19806,18535,8751,7199,13254,4859,17773,15847,8509,220,5352,1060,5837,18616,6779,1858,2167,1872,8605,21368,16696,15348,17285,12229,20313,2643,15784,8184,12294,10731,13878,10691,9175,558,5595,17768,17561,20184,14031,8007,3303,1155,12263,7426,3518,19716,216,12592,8393,4091,17265,9327,9343,13226,17633,20222,19328,19764,19390,16568,7510,7010,5847,2510,12604,11758,7563,8126,8148,17485,21107,4,3577,7168,8176,12503,16617,2205,10244,12630,10819,6339,16992,12021,2434,19963,18330,19321,18118,10514,5537,16857,2274,13544,6585,12018,6310,10199,13111,3803,3684,15198,14114,1911,3331,6054,18497,3744,16417,7228,20712,18327,3865,13109,18392,21146,1686,9168,14204,5620,16692,2328,20632,18340,474,7222,18246,19882,20452,14520,6184,10174,14950,13622,14584,10936,15725,11380,19821,17039,4160,20747,13291,2170,7287,8789,10911,11412,12851,1451,18695,5938,11307,5283,4640,8376,12279,15292,1358,915,21390,12879,19256,14776,19127,17107,4667,6346,16415,9050,10270,4936,8524,19530,13063,20352,8803,8723,7103,12951,10839,16583,19774,889,9380,19555,19744,8192,15591,20171,113,1373,15395,2298,16418,3473,7023,1870,3106,15939,12727,10953,5986,3150,17279,11280,5619,10659,1222,10115,11503,8236,200,18038,6691,4536,8528,9615,20907,21297,16772,913,15117,7376,18651,8598,7549,7489,10912,1124,11361,2473,9061,20114,6353,20846,6062,3458,21063,11612,12451,12906,13275,14008,3219,16443,1845,6218,16412,18233,11711,8675,5899,13196,18313,8924,19711,20638,14499,19424,1193,6490,1764,13683,561,16710,13969,4300,498,1751,1226,9394,3114,10180,9523,371,9067,15780,11991,11491,9411,7940,13996,14851,15337,16479,16381,17644,16907,16083,1527,4321,16607,13812,9680,8470,18432,1272,25,750,17130,1565,1296,14107,11355,4332,11480,4610,16139,12610,20673,147,3935,684,15770,1116,7876,19046,6031,9071,12889,10191,16019,4645,9567,4823,9791,5578,9227,8592,14027,14214,3558,14550,1111,8846,3314,16937,17137,11086,6279,13277,16766,659,15272,13629,20502,17376,12789,17916,15668,8164,17828,2915,10800,6214,13367,7902,6972,16684,12390,17172,19246,662,5170,11574,9055,20925,10579,16610,82,16825,19280,17393,5017,6705,6117,15165,16737,19325,21105,13349,19404,18015,15544,1189,7725,9455,8917,6581,14226,9971,17202,12346,1004,14871,18728,13771,15824,477,12818,17978,3075,1312,7721,17587,11061,16871,8178,5718,11233,12088,2303,9914,6051,18304,15829,20459,11317,19582,16077,580,633,20196,12415,6961,12278,14495,16425,4395,19686,6307,21238,2196,3930,15116,3399,15170,9997,16126,16603,11010,8154,9193,3064,18693,19340,5357,16709,9390,1550,16192,1991,8229,6484,4821,18569,3464,19185,8128,8333,17495,7697,14993,2903,14928,18901,12028,1251,19786,3776,2655,21298,16625,5747,5573,17927,494,2129,2877,8497,14157,610,17029,19824,5676,19486,19215,3022,9790,19659,3319,5780,9473,6385,1036,4646,6229,20224,6770,8553,15235,6195,16790,348,517,10466,1377,19505,5817,13874,7864,8882,11881,3489,4069,11289,485,3146,3139,7448,4363,18654,15951,7647,2534,11321,17503,9503,19791,13414,17619,18946,13500,6832,4061,6502,10359,18841,3734,3080,1587,11550,6849,6156,12563,8586,17274,9540,6019,15834,9556,14850,10608,16502,20847,4304,13086,16413,20929,4047,144,619,9263,20172,2232,13176,19767,20728,9877,3241,13374,13156,15655,4013,8639,9129,9894,20011,8220,15760,6611,8522,17498,13022,10002,18910,7879,20834,10319,20126,979,2952,2416,6687,14516,2623,14492,5190,18190,7369,10280,153,5548,9080,14693,18515,2258,2728,20302,21148,4494,19459,5622,13249,1615,15726,3275,17266,6768,3564,20971,2778,10567,2638,12165,20382,9492,13020,9683,21041,12690,13372,6148,3521,7531,2091,501,11889,21222,1684,7827,4257,4021,19708,14978,8382,6775,21145,11042,7650,13715,5202,20744,13288,15593,4109,8852,9381,3338,19622,15315,14168,10040,11922,6548,11139,422,18458,21359,9370,10511,3852,16516,19193,5760,17588,12355,13984,13685,6489,16253,6900,17945,11356,19017,2260,20289,17094,14089,13188,2050,19287,18365,11209,11471,18057,20708,8067,20818,19633,1980,12673,3062,20117,15809,12549,8138,927,21279,4827,11457,10744,9021,13402,9554,6486,4017,12383,12862,20651,19863,13322,20021,19453,19655,12585,4958,12148,8674,16324,2121,8787,7139,20582,20819,8718,13074,10226,11106,2772,13873,2883,16802,14565,15570,1950,6718,6256,2862,6275,20720,4455,13948,15455,19660,7829,12967,13253,11883,12399,7064,8670,9614,14651,13276,7053,15059,15064,18971,20254,20641,11402,11963,10290,7146,9483,13285,5965,21045,1221,21084,20927,17342,18412,13230,2786,21165,9524,4672,19376,1617,2494,9874,6182,19748,6154,5618,3873,2142,13059,15501,1552,2719,12055,7247,9083,1209,21106,16677,19498,15136,21429,6342,3708,3912,4791,1501,10718,20547,8074,5138,18608,17006,6976,13602,18023,366,17144,8147,19502,12736,21326,12876,19406,530,18256,16511,2299,15534,9627,4010,12992,19311,6011,16850,6255,6047,21405,5508,7050,416,13785,17940,13763,1976,14398,18200,20867,12653,3824,14345,2761,17829,20594,13810,5228,13078,7349,16264,576,18513,5116,6467,15870,19646,10502,11336,3461,16044,17089,4040,16123,2718,15388,1314,14855,19730,9650,7878,14957,15785,3698,12433,14365,923,4749,7981,10287,15850,1210,5685,19832,19793,6159,16809,15369,12843,20625,1366,1385,5353,6746,15922,18318,19471,16350,10845,17573,3812,12825,4302,5132,18014,6273,7565,10034,15673,1962,3601,331,12287,10654,16137,8209,9413,9557,5830,6532,13657,7984,18305,3347,8607,17913,3405,16612,15621,1927,18724,16856,11099,3543,11052,987,7651,6163,19914,1545,9815,21009,3807,4269,5130,1730,12875,10215,3006,1601,20932,10209,11934,13460,8228,7751,5268,19108,16226,17710,960,14091,14987,2897,8820,2247,5695,18573,19849,11167,18999,18113,12406,2156,5058,18323,19284,3743,12548,15765,7091,20365,16305,12343,11543,20679,11231,11200,15359,15057,14359,19561,21188,15464,8108,8625,17732,4553,2135,6374,14699,15881,11108,13248,13444,5475,19289,1115,13197,2746,10940,19319,1379,18033,20676,19293,4812,16228,424,16193,9785,4475,19509,9131,18119,10447,8408,10898,9588,20086,11250,803,3386,12052,6410,14271,821,14739,1831,15396,11367,3391,5328,538,5255,13462,17600,13498,11949,2273,16870,13733,17888,17071,14051,1564,12131,13296,8966,5914,6813,8437,1288,13974,15086,8665,8468,16986,15576,19990,2214,5071,15391,15353,4341,18505,17584,20758,14743,15724,8359,615,5237,21085,1924,15252,9760,342,7935,17226,6494,17981,3913,1320,3779,8525,20149,15228,13087,3623,3365,10418,8733,12423,20774,650,2254,12848,4810,1736,14757,9433,2565,698,20654,13823,20523,2817,2754,240,11464,3704,2707,5765,18019,7858,21147,17185,5890,1341,20093,20885,2683,14202,4050,18196,2874,8963,15487,18796,9082,15802,73,7511,2307,9368,3262,6289,3456,8500,12238,8884,20952,9382,9189,20748,10325,4496,3322,15458,1633,1051,6076,8418,20169,8557,7461,15807,15010,11772,14918,17970,6253,18138,4770,21227,2731,12188,18226,10541,5542,2961,1393,3237,16400,3832,17192,4618,4052,16844,10605,14257,280,9440,3908,5047,20585,8676,19064,10980,14070,14638,1313,8392,11604,7270,20650,16247,21189,13937,3065,3416,6443,5272,14526,14958,14149,8183,12414,7285,13909,4516,8364,11185,16626,3646,10838,12009,10275,19201,13503,17035,3204,7824,36,11128,11697,1179,11120,1588,15547,8742,4814,10368,12441,14504,14131,4392,18883,8488,21014,19585,11760,13004,13451,971,16930,17494,10875,16690,4683,11718,13681,13393,19850,4639,4171,8710,3874,14631,4182,4691,5636,1464,2675,5343,14716,15781,15177,2223,17823,12757,11882,10935,18116,17080,6990,4663,7068,19055,5210,19805,7481,9417,832,1613,19669,16773,19923,1539,16109,2732,6376,8967,12089,15049,13593,16967,10499,15207,2699,21088,15526,2663,21416,8579,16733,1511,15611,12002,20244,18892,19312,2588,10996,16245,2217,7847,7968,12774,10285,12418,3332,20505,11155,15594,13827,8875,13055,5248,14872,3159,11867,14848,15899,10493,9043,4234,3755,17617,12915,6881,16872,3485,19856,21044,8694,5456,18430,1954,9338,12907,3079,1400,7250,18205,13764,18787,10062,3868,8081,8094,9566,12258,20439,4089,9751,6905,21303,19150,5509,11178,12522,16860,20512,17574,15154,986,3407,7871,6265,9325,9727,10991,19480,20581,12763,12562,5961,3337,16659,4188,16178,4103,18875,11814,14879,19433,2976,2250,14963,18539,10450,10075,1763,16150,8487,12536,20056,11768,1778,14911,16359,11635,7811,14030,20394,174,5716,17968,17386,11597,16704,11135,9507,3882,14917,10974,18001,9111,19072,15020,13081,14391,15270,17466,12617,12600,4735,3622,4291,17866,12636,3370,8180,20494,3316,4408,20924,464,20514,8912,15878,21129,12966,21101,17303,3439,8191,2612,13604,10081,7972,12903,17247,9294,20083,411,8121,4989,3963,11035,6939,9512,16762,156,15332,21209,16660,18346,4661,19394,3161,219,20280,8790,5042,2489,15632,7581,17062,6970,15698,20613,18440,6663,20092,10586,61,7459,11497,3732,11962,13885,20540,10092,19817,7641,19877,21358,6363,12065,11376,11870,7307,3747,14201,12487,19436,11193,8858,20243,355,1500,12603,5033,15428,801,3082,16037,21418,7716,5843,9678,79,469,19872,5958,816,21244,11829,21386,16429,9858,17316,16448,521,6677,5648,4209,5489,14689,16490,13895,964,5666,14280,12701,6168,13930,1560,19903,2955,4637,18738,4026,226,4612,13003,6208,1517,5811,21340,19543,10962,9366,7757,16462,12779,11485,16609,10564,14975,3050,19315,5644,8736,1010,14824,8113,8910,5730,16013,12410,15277,14217,19392,11904,17646,16764,16734,3972,2490,5426,19157,16394,16838,3763,1331,3845,16835,11490,19958,7179,16029,14549,17915,3643,9706,12344,4890,4296,5018,17666,15071,18165,12012,2269,4849,19428,14655,16221,1692,4547,21310,14336,893,18334,7592,16574,16781,20543,1195,17860,15294,5654,4668,19605,17122,7374,16026,8857,3964,6290,12342,16300,9307,12462,6719,13933,14383,11989,18583,10538,7985,18699,2620,12142,13045,13795,12900,12812,1276,11615,19581,4590,21169,12488,19623,5493,13258,6887,916,19331,11324,15548,16932,16592,21034,6572,20179,10624,14869,6194,3837,17366,12090,11449,1739,14861,18848,7904,21332,20614,10765,19133,13379,6895,3263,20353,18127,6520,8759,4355,18723,19893,365,12109,18193,6169,14227,10822,8762,7813,16460,8661,12962,3904,8477,6020,9275,18688,13908,14066,6555,19140,10846,11391,5936,11037,11492,12425,19974,5919,3129,19314,16278,14773,20141,17911,21098,19899,20038,4676,17919,19470,408,4697,7908,16671,20311,13181,20948,5851,4904,13955,820,4204,2661,11630,20920,8379,18452,15351,20478,4594,4653,16392,7914,3099,13005,4752,17412,244,21174,19409,12212,9426,4152,14692,11598,10068,8103,587,10267,17066,18022,11332,133,3999,20417,9587,6341,4801,3361,5405,10347,12039,7952,10308,9311,9546,21299,12332,2931,3983,6482,2529,16367,21160,20347,18487,2571,14042,8826,6679,6605,13312,8417,1450,13923,17786,5592,17472,8077,19894,18455,7166,13245,16498,4316,18419,20918,20013,2047,4390,5630,9078,12312,20186,8791,8804,16365,20392,9412,2144,12514,16983,5554,12553,304,8327,16634,21090,12444,1967,16640,8941,16174,14887,10140,4449,16600,19210,3194,16225,1662,15364,4931,11637,13825,16921,20128,9383,614,21374,12590,8299,19618,18593,7661,18747,20340,4215,19420,759,4929,11755,5420,13429,2822,11122,607,2870,141,8342,19148,1608,436,948,9085,16356,7949,2044,18280,9017,708,8263,10363,9607,8696,1234,3265,14219,4559,16056,4212,7640,19982,5877,7892,2617,345,18559,15546,6703,8433,3636,5828,9658,92,15060,11351,19104,17635,1535,10566,19919,10704,1878,4866,3692,16047,5059,19942,12974,15819,9456,5464,13946,19086,12881,10211,21259,21043,18533,6571,16463,15045,18771,15459,6878,10080,18500,10594,2294,6008,10106,6227,8410,4759,9761,11843,14882,19163,6130,1655,14426,14459,720,7366,11801,11212,12353,18682,721,7353,13274,15699,1264,15308,18402,3373,10540,12337,12830,14741,16990,18377,2682,19765,81,565,18538,12730,9151,11127,5515,17700,5762,19249,11093,17237,15806,6343,5950,6568,20701,2601,6537,2079,7731,17703,13338,135,12826,17149,11811,18629,9144,17718,950,11714,18496,9128,13162,19262,15313,7070,2161,15457,21019,15208,17660,8885,14208,19742,4719,12980,5502,19488,1793,21026,3273,19175,15708,11611,17162,13901,19234,8328,18160,17887,20743,11794,11779,737,17636,15626,4403,16375,18702,14854,3196,19111,17395,14669,10456,17013,1005,18600,7851,476,8770,1898,4520,7042,813,30,4221,11802,18198,20698,15124,19747,6221,4733,11030,19109,15587,11255,8031,11973,9832,21428,9339,6379,10109,5242,4699,17788,9570,4035,21391,601,1365,17534,18606,2935,1419,2755,6463,14771,550,7639,10928,18173,16512,967,10791,18983,9526,10485,14308,20367,19121,15933,7216,5220,12939,15827,20735,16553,6237,1547,7920,1698,18879,17934,7794,12139,19177,16160,595,20784,9489,13186,11658,13513,17090,12075,18987,17047,3205,18547,20702,17307,19025,16691,14275,6151,13204,5972,4686,13972,911,9694,5208,4233,8072,19052,12478,16980,2857,18566,19469,19631,20660,2558,114,17355,2081,10828,13409,523,18352,8902,14119,7719,690,4488,14572,6787,6851,982,10307,7577,9491,2987,17675,19232,10902,1375,21263,2503,15928,8002,8993,4350,1875,2039,6241,21073,1551,16197,8879,8013,10889,17547,1161,12729,12382,14751,12759,5053,19172,13478,9674,19503,4928,8651,4137,17451,20137,14557,2420,9671,20383,19682,8465,4005,6258,8070,7536,15688,11732,11046,8343,2245,16481,19236,3069,5823,3028,14936,17021,17275,14463,8199,18942,11946,4133,3253,4579,5308,15742,7160,5221,4322,5407,19075,15860,17770,7153,2404,9847,16273,5172,11094,3470,11103,7355,16570,13796,7034,12671,10436,19079,19479,9387,9356,21339,4274,8527,12219,6206,14437,8840,8397,5455,13929,2381,16981,5345,8652,2763,10437,11445,1401,19071,2102,19298,18890,20331,6405,14143,11827,2709,18676,5402,1885,15762,395,10458,17840,14018,10561,18605,15667,13477,15535,2112,14291,6875,9956,4002,9119,7219,7472,21176,6955,16238,17958,5277,16145,17868,16325,782,2792,17213,17910,21010,10339,3522,10260,4914,4883,14763,12227,8757,19302,17051,4465,4519,928,1731,14224,13319,19463,6749,8805,727,17475,2251,679,17157,5233,14804,15069,4842,34,10021,1505,9714,13388,20205,3594,11534,5962,4892,16706,3818,7245,11443,7486,209,118,7877,15220,16785,15907,11739,13422,931,11137,797,13404,13767,18887,5461,17103,12619,10403,10284,981,6805,6516,1810,343,14732,7251,19427,13898,6435,7809,13195,119,18782,11535,7116,16885,3012,14187,11893,17606,16133,20990,4439,12957,4372,16389,16531,10717,124,4630,20447,2034,4101,12246,4094,296,19878,19579,12157,2734,46,165,10423,3057,12710,7676,15660,8227,11967,3739,20513,2549,815,21335,3109,20378,15335,13889,16662,8008,16159,10871,19043,4486,16707,13542,15234,7698,8082,10241,10811,5048,16816,8016,21224,9115,21139,13448,20154,19583,3828,15844,14986,2244,13849,13403,3261,13098,18520,17044,9994,490,3437,9648,3285,19225,21023,10302,20964,7558,19997,15793,10293,851,4508,2951,4793,16001,4479,19221,12453,19687,1381,20873,14615,18607,3211,3980,7291,11026,19040,1387,9797,4826,20658,1372,19528,8093,15361,21431,11065,3842,4966,2770,16681,12101,7552,8212,14920,18752,17733,10736,13438,12457,15290,3730,11027,13482,14829,6508,8961,17234,17219,9335,14606,2794,13760,20374,84,5543,15357,14233,18169,19258,12947,14847,3569,4574,6209,18284,1771,878,18204,19275,18790,15140,19570,10741,10097,3869,18677,3782,3003,19591,17858,14643,4482,8785,10675,14301,18842,399,1646,2187,5728,8906,9139,3721,14614,10005,3517,4463,1308,13995,5738,4831,12253,2747,10707,12269,8219,4984,18431,14050,13279,6622,7258,12392,18909,20840,1444,18830,10665,4391,5433,11215,21247,2179,9077,11626,3533,7387,11262,2067,18459,1727,4239,14358,6722,6988,1797,6806,17701,9088,17596,19635,5880,11145,6802,11589,3388,18517,7745,4995,4130,15755,2563,15225,7550,20318,15556,12894,14531,13452,17273,15616,16840,18675,2496,6002,15345,15617,21027,1329,4575,6727,18758,2515,1169,20097,3627,7227,4542,6478,10867,5761,8705,9980,11148,12738,15163,12187,15676,430,15219,20069,1624,5290,6695,3052,11512,20308,5771,16698,11527,7197,242,16165,2735,8260,5178,10661,9917,17519,21050,6394,5705,15437,19835,12231,15415,15407,12376,11585,374,2173,1236,4410,6271,12446,2796,14438,19704,8604,7469,11835,17409,5010,17231,12077,8356,15662,11284,12971,17148,6944,3154,3696,20341,20162,16421,18587,19925,16697,15908,20216,20091,4589,4223,326,20762,10954,14671,13695,2839,2650,19702,16923,18480,3620,21108,20946,11109,7942,4193,11910,20240,7002,7151,16382,9943,14502,5216,4258,20822,14170,2437,7964,10851,15799,7267,1357,17486,10901,14408,6074,7444,6127,6381,17070,6643,20872,13332,15482,956,20913,1987,5036,8692,20458,11761,14863,11548,8279,8505,18225,10086,2374,18203,15813,7402,16555,19355,19978,14976,13748,12326,2007,15754,8004,794,18700,8577,14729,5,15865,14190,2852,9013,2842,15490,4461,17607,21074,9037,10968,3532,7601,2020,9057,14136,9084,20371,17585,14054,6259,15869,14096,6560,15206,5656,3197,5860,13123,628,8813,2695,12693,10916,10680,18224,8066,10685,19992,17221,2000,10261,17500,13661,12041,9108,21338,10758,3847,3418,6667,3102,19533,556,11421,2287,17025,16067,14736,13467,4887,9,18171,13817,1792,14199,4571,3731,7145,11085,10841,11960,2573,10181,13211,19735,16007,21280,20432,2521,5175,14849,18860,16613,7464,10047,19971,7997,4540,19661,5468,6528,17557,14843,12189,13940,9194,3417,11808,20919,7141,5581,18230,9199,1170,14085,3756,14231,20895,15053,11722,7188,13263,8758,11195,17521,20475,9427,9173,871,20120,13953,7649,785,19012,7413,9141,9972,11326,16510,11844,19180,16913,5101,18680,970,11939,12435,5991,2276,1802,14087,20041,6316,2602,6507,14184,991,2966,12345,17374,19018,4543,10417,12074,14487,13224,4362,8139,10304,433,11617,20257,12754,17935,12452,15837,686,20783,13025,15702,18973,18073,940,3959,7108,10887,7655,17693,15414,334,10506,7791,5119,18697,5969,5989,13598,9703,4023,15256,4320,14393,18328,10185,10082,13694,2068,6909,6745,2066,7406,8253,11524,18751,19610,19531,19107,19889,1880,16545,19918,17801,13916,903,8855,13697,14947,1421,861,11319,7485,13739,703,20481,18590,15622,883,1259,12177,11601,2408,10445,1090,6387,9123,13057,5204,12459,14392,1670,14370,18279,15238,2978,1269,318,10914,11213,10171,2326,19096,13183,12056,8783,403,13447,13691,2270,1472,20643,17853,18806,4477,11860,18488,279,13466,7135,3001,16444,14077,6786,8464,14315,14013,3559,5122,19986,6525,10723,17984,13903,8058,16561,5821,9929,1743,19166,14517,8905,1789,5245,14897,18845,3467,3084,8995,17497,7885,17881,10266,11791,18084,10636,10776,5117,15707,6042,11529,9347,13636,5409,18298,9528,10117,18958,321,18369,21363,10670,2560,20229,2124,2527,877,12464,12895,16848,2389,16211,20233,7560,19245,3051,10622,18195,19487,12739,14769,1457,13471,8823,5641,319,4947,2168,5209,2372,5152,18743,9629,20369,6367,2386,2071,13496,20659,20653,10904,2805,16987,5616,19250,8050,17239,10843,16963,9851,5688,20304,8673,18442,563,4734,1273,4326,20655,9657,19689,12026,5315,192,20084,3501,1548,5913,4643,2593,4124,4464,19421,15021,4176,12031,19634,19761,19902,5729,12722,20136,2467,14015,3639,15900,20760,8750,7302,12845,20330,14566,15461,17460,19699,18829,7293,17980,16888,7874,10313,13390,6766,16827,16229,12015,9056,9329,13041,9738,19572,3895,6515,1969,13165,19113,6345,9884,20529,4398,17545,13140,19082,6578,2665,17799,12781,19632,4808,6912,20335,18835,21008,11230,731,17842,4992,14102,1258,3218,5486,6965,7418,10276,2506,15960,13116,15227,543,2552,15970,10581,694,12484,12975,20000,20206,20094,10908,18115,16368,8368,11572,8001,20820,181,2395,6911,7526,11539,9360,6243,16302,15672,10102,16716,17205,12475,21195,18434,8042,18040,2252,18874,10155,21414,16270,5594,5085,15586,14796,3019,4711,15992,18482,10468,10107,11339,13187,19260,20877,1070,5497,7631,19862,873,8254,4708,9665,17885,12130,4809,15367,21081,13864,9261,309,5922,11747,13331,1922,10874,14346,13270,2858,1042,15777,10709,2317,20498,1585,19685,4846,16404,16933,11465,15920,2762,7970,9176,20020,19619,16585,10166,4090,5429,7953,8815,856,8091,9497,2378,4785,9542,2123,7341,11377,14511,5870,16440,9233,9810,19771,12599,12179,143,15597,5488,11776,1154,7149,7857,19294,2698,19799,4563,13641,17613,19839,18972,4125,2361,11623,16719,19098,18368,16233,20616,12222,2037,17728,5364,715,1629,1641,5769,19611,20277,14590,14555,11712,17792,15631,6676,15558,5523,19927,12387,14627,14247,11561,16058,20889,997,14586,17348,11453,12223,10876,17163,13820,14006,13574,14901,14239,12314,3363,8976,6492,5607,17670,12884,7566,1285,9133,8656,16306,14883,4962,15936,5736,473,15398,1946,20279,4092,4629,19908,7331,830,9696,17649,16738,1370,12360,17322,13569,938,18209,15636,9184,560,9559,21037,8479,12473,16345,7065,19784,6814,17760,5627,13782,5575,10425,2478,5745,1355,1572,21161,9222,19677,3049,1233,3777,12719,9054,12036,1765,17714,18089,17943,12568,12454,7030,3554,6512,19241,8990,9446,20630,6183,14890,18065,10896,3618,15886,17745,10956,18528,12937,15879,10324,7529,16755,7490,17349,20344,5655,9996,16115,15018,4537,6306,8405,1708,11281,286,9301,11905,21067,13458,2396,17591,1091,2538,20803,16320,20266,7796,11927,6052,8416,7425,13546,6217,9079,17669,14591,862,12696,14583,6397,8567,14434,1166,3880,4529,7673,8540,9073,6015,9813,3476,12883,20541,8014,3291,11874,15314,7956,18445,1678,19016,3804,18949,5200,19307,10995,9015,12264,19668,15649,14120,15694,19871,13850,19688,4908,15137,68,16916,20276,15035,13386,20968,20354,10389,19709,6350,9845,13987,15598,2905,8117,7524,7969,4123,7462,9948,14399,8921,8728,14795,14820,20836,3893,281,10243,859,15360,13988,10338,20591,13032,17533,5145,6235,19333,4138,12618,15700,4009,13309,12206,9149,2327,13489,10607,6384,6393,6755,3117,1047,19373,8099,14198,4156,16621,12121,16149,14453,10013,11159,1404,1977,2586,20838,9885,18893,21237,5933,6665,19915,17193,6112,2108,2541,20745,15382,6816,2902,17516,16330,2609,9747,6280,6974,12878,924,1207,20143,5126,8406,7384,7259,14118,3921,12408,21311,20469,7180,15814,15474,9248,3128,13891,14759,4471,19199,16965,14088,18617,8377,15966,21235,7998,6329,12434,3891,5421,19370,5115,3791,11740,8658,2625,11228,9471,20731,2231,14895,624,2337,9669,7895,7701,3090,10195,9401,2803,2279,4117,3480,1534,176,4815,13094,19350,20042,8807,18672,18191,6641,7066,10749,16847,6971,18564,1972,6591,11596,19627,637,5518,1153,16135,14527,20856,11858,21372,19308,15283,2140,17977,6226,17567,9550,20519,19869,3214,16486,3059,2969,9243,4704,10374,11639,15880,20204,14808,13670,17069,12760,8729,12276,2613,4909,8822,9596,5545,7714,18740,6590,11318,2543,17778,3066,7246,6072,14674,9530,17975,3498,12059,17922,8155,13745,9304,21274,3586,13449,2465,16423,10306,6733,16329,5362,1035,6983,15524,17241,17744,20457,10888,5083,13365,18814,5632,5865,11932,10129,21142,11266,9160,11187,5012,2026,3087,13426,20692,8123,7695,19901,6831,11366,15507,12331,13480,7224,1861,11123,13628,11475,9509,1520,1672,3849,15568,18568,7207,14683,21334,19358,20730,4528,3230,7038,20890,1829,19867,1790,261,19935,17789,20999,18628,3647,2634,14744,3259,6624,16338,9522,21400,2236,5478,18876,14714,11205,5066,8901,19382,16485,14007,635,21360,2382,14188,11346,5635,10739,4987,15721,9100,4098,12911,2988,2376,13835,6292,6716,11060,19048,1999,1986,19425,5778,11072,6340,10592,7129,18197,15026,3649,9800,12506,20678,17572,18575,14649,2525,17388,18421,19770,7253,10310,12831,9822,16297,5631,20666,5646,6330,7502,17496,15242,6820,15475,8277,15592,15003,16130,19004,10087,5742,11706,10810,5250,10131,7574,3844,1477,5412,3710,14237,16254,16863,3135,9728,2973,14415,16700,7538,14246,13709,4016,12979,12377,10569,12022,6959,12102,12234,15975,13278,21075,18846,17055,8591,8075,16046,18016,21345,19739,5403,12887,20923,15224,5399,12767,15697,8988,8290,19023,13080,8952,20398,14130,14163,8024,12778,10077,15567,4611,9076,7051,769,14269,8947,19491,17199,19317,1541,19790,7358,12991,15436,12422,5614,19552,884,7717,9852,14934,21375,1522,9334,18781,1975,19535,6812,11984,4705,16694,10451,19888,6056,5065,15904,2394,3307,10428,18825,9532,2595,20405,20346,20191,9549,18950,6488,519,20079,985,21304,16471,20767,15226,19957,17683,14969,3100,9798,1970,16783,10439,10784,6431,11606,15832,8025,20322,20880,11459,11101,5198,2392,8520,20314,19161,9545,15773,4260,16701,10979,996,11999,12029,12366,854,17018,5609,9910,4167,9887,14817,16194,4195,8624,10399,18891,5447,6987,8441,18428,6178,20228,3567,15061,3589,8255,7754,7196,16075,16393,7619,8153,7588,4678,15795,7058,11483,20586,13202,20768,9697,1818,6698,12485,3703,1938,17931,16861,18952,6557,13567,18980,20535,10792,5711,10674,19233,16097,16430,16599,12720,14663,1644,13445,13658,17964,16820,21182,853,15873,17414,3354,2369,18335,8513,253,7527,1348,10352,4522,5046,10036,7397,5183,20492,15772,20697,9251,12988,18521,13509,9927,18237,9297,17041,19381,20551,9502,5982,3794,677,16693,13306,1208,10856,10490,11903,8064,18650,6444,13632,20781,16597,9805,3806,21190,1129,1120,20530,1661,3588,6081,8151,13600,16090,2423,19647,14939,6518,20358,10894,16868,11481,12335,6686,17871,17543,19846,9026,12566,20931,16422,6855,5185,5770,1580,17249,18780,19664,17300,4725,8360,8065,12899,6950,20211,9010,12083,13692,21422,584,8188,1238,17332,10716,6835,12426,722,5157,15796,5176,1147,14266,19008,20385,1485,4714,15212,6264,15769,8881,2539,3457,11666,19068,7837,16615,484,12970,646,4073,11208,1592,6025,2673,13505,11774,2040,12840,21091,16119,2397,19820,20268,20362,17188,20665,17634,12043,13149,7752,4484,14837,10212,726,1200,14990,894,18745,14331,1371,19468,7436,17715,17335,866,14004,8854,549,18245,14080,21300,199,9934,151,18448,11499,13472,13173,6947,6880,21250,647,9603,18371,16441,7544,8849,8533,5040,9808,7327,294,10783,20438,22,7190,6224,419,11836,5533,1151,16757,18259,6917,10432,11721,15614,1679,13618,6530,16951,2297,6299,11890,8149,1834,4539,20716,2117,19203,6604,9493,3306,11627,7463,14457,9916,19243,442,2692,5819,11113,21131,1932,20213,19755,4012,10257,7099,18959,1653,12105,13251,18557,19156,14602,142,5897,6919,3488,10937,1440,1996,661,6426,2502,18189,9974,13515,7000,12097,13552,16051,8562,87,2253,18475,1707,9472,13919,10095,11238,6737,14086,15340,11616,2038,15962,21411,2077,13046,20942,5243,7898,1019,9831,7634,16041,20443,3170,9999,4275,3829,18096,9711,5469,16190,6993,12684,18696,13257,21210,11600,13201,3733,18277,19045,20664,14949,21264,13368,9573,13089,12635,5057,6128,7567,15005,3293,16997,12744,3095,6904,3130,3920,5077,5743,7645,3549,14705,18345,14937,2929,3447,16740,16203,3232,5121,15380,11291,13841,20503,795,20741,298,4707,8022,8069,4970,1266,12904,12283,4483,4873,1369,10793,9197,7422,8412,12471,4383,19330,14543,10394,9576,18643,14352,16891,4778,4867,12803,16529,14240,16277,12178,1908,6242,8095,3591,18410,11738,8226,10969,21053,4935,12608,21425,1619,17271,9754,11051,3892,21144,14083,6354,12323,12437,5815,7498,15610,9478,17783,14551,7591,15957,13687,3459,9925,7786,3072,20033,20051,7848,15572,20621,6517,7001,6893,20517,19638,18267,7621,4468,19238,2383,21033,6118,4141,3162,10152,1656,7171,6133,14764,9438,11472,16849,9171,8015,16437,895,14264,7532,13260,11428,13917,17815,2868,10071,12842,641,18347,2708,19906,2306,14875,8971,8788,1340,2017,12125,2804,13203,13529,5321,11749,19544,2343,9664,7015,8697,12755,19843,17932,10805,12207,15449,17654,8162,11040,13963,6104,2032,13640,9676,4979,10046,13971,14588,4453,1887,20227,8208,2946,1923,12112,19418,18364,6570,13144,2452,17467,1647,13034,8172,19371,5287,21246,13778,18522,9170,11017,8539,15640,9804,4673,14687,8516,8380,16231,15262,14380,18429,18708,8314,689,12044,6071,14807,16322,7798,16061,20477,9906,18768,21211,20306,20178,13043,2083,11343,340,14609,3699,13228,5304,11329,669,15562,18409,19188,19656,20833,7658,12897,3213,17612,20583,21288,6337,6451,14650,15561,18221,2519,15012,16524,1722,4577,14964,11693,14954,20454,18257,12740,17629,536,17777,15630,13200,19643,16627,9841,14610,1278,2448,10101,10848,10866,2085,3224,20489,18854,3821,8102,13311,11210,21243,20887,18069,6246,13548,12820,19186,18649,10638,19705,8033,3774,13686,21268,11588,937,10777,6455,16922,10011,19271,13675,2570,9362,5230,2441,11849,2768,7704,8244,18630,19972,4244,6087,4348,19584,6392,9018,9384,16655,14971,16520,6774,5651,20388,7164,9839,12286,3445,13134,15210,542,15243,12643,8136,14506,15,13809,503,2418,3356,1024,11533,14473,4062,3851,3198,5319,16744,5002,1177,15376,17969,14562,16878,6626,9592,11686,9292,2576,8482,21112,10334,2151,1937,13932,14354,20542,19407,12809,17529,15393,3616,7306,11901,19084,17116,2780,10138,15986,6553,774,763,5140,16327,18976,11166,18932,3933,20482,2075,15169,6833,5671,5692,7217,13373,15139,9715,18945,5744,16198,21123,7760,7884,12776,7314,16582,12093,11403,17084,19749,590,18036,10178,3836,12844,18912,13761,13555,12923,14330,20604,10679,6741,6629,20044,2166,10640,13623,13848,18214,16009,5908,7863,3466,20215,18255,14169,20047,1963,20756,18499,17879,15609,19297,8204,10139,15433,15331,882,18519,7368,9862,5389,3216,2308,18614,14991,13606,5276,18698,9191,6262,20182,10486,8588,6879,1446,20858,2926,19138,14715,10572,8782,4658,4472,9918,10520,2146,1354,10250,1912,16643,21193,9610,20940,5927,20798,6499,20242,10001,10239,19134,7308,7264,3200,10755,3348,10407,7856,7594,15416,5608,3188,15872,18856,18822,5016,17764,3231,14637,17034,17729,17406,3301,16332,3539,16027,5103,12735,6,5842,19224,6795,7929,20410,10961,6357,2716,15241,17784,17359,1461,16346,18746,12008,15521,18128,15514,3811,4829,18052,728,6268,18212,17375,6946,8493,18670,16843,9182,18991,15670,3994,15095,18090,18882,17134,10903,8036,9561,20830,5124,4183,3094,16312,2221,10354,9765,15033,15121,12290,15441,14478,12081,10769,14060,10673,5360,2647,154,12438,8428,6888,8019,3113,1378,16239,13424,8198,9812,11418,4170,15184,14167,21153,5642,8769,11781,17216,10646,115,5715,6564,6064,306,4985,16410,19268,19462,5223,14047,13239,21385,4669,353,8044,12742,2296,4424,13859,2482,12447,17621,13298,12556,15462,2150,6566,14684,3915,16184,6892,10078,18201,18003,20355,19788,15102,7720,756,5526,12676,12714,7963,906,12886,10186,9395,5348,8640,3340,12474,13119,8445,12293,19231,19267,3353,10855,2132,17854,7654,16736,12424,13656,18503,11532,21281,18526,13434,2764,8576,9953,18388,9896,19695,19348,16112,20560,18308,7554,3496,3640,5384,16505,4858,17736,4670,11672,13085,15344,13799,11580,17464,14093,11299,19450,17894,19368,5818,19989,3884,16318,15480,4641,13735,4964,8616,7370,18407,19374,9701,4623,15318,6189,238,3137,17289,3943,11429,17862,16546,3318,8422,9254,13465,21382,3585,14483,21080,8800,11856,20965,847,11487,17052,2125,14126,2799,16255,9646,12466,6830,9978,13398,12274,4897,14725,19191,6377,13324,11813,736,20810,20794,4280,4415,7423,7771,1426,15516,10245,6803,5110,6459,14568,8684,5247,1846,14040,18944,21059,19916,951,13630,11544,19383,18648,74,5465,2267,8698,21395,7685,4530,3292,15529,15446,12650,5460,10737,19853,16513,4422,16142,3469,10300,9631,4071,8809,8984,7547,14888,17351,10694,7334,148,1374,4284,18374,15417,12396,10318,16994,1868,6418,7951,329,10496,4957,14166,3282,13335,16557,5822,14784,16715,14661,9331,13568,2972,18390,18436,12313,16859,16571,18572,11508,5234,19741,623,12535,8041,13376,829,15931,5174,5797,5513,5660,16824,2193,11667,1576,12146,20479,18551,4054,9624,10992,11542,2514,4600,20949,6723,2714,12284,16646,15307,7842,75,8517,5909,3045,2413,16321,11863,6940,11435,21285,338,16725,2373,9995,7474,9749,12391,7769,5006,13620,13934,18133,3802,17668,19335,9468,7792,10885,2292,10055,5816,19525,4850,12529,16290,8811,13766,11012,17532,14319,6000,11944,9541,15722,7209,899,20602,18634,8845,11632,1959,289,4325,4134,17560,10268,8774,6305,10322,18375,20789,16038,19671,11966,3547,14698,20636,17562,17758,15527,9008,20559,605,827,1470,21213,1508,19387,9277,3590,19117,18578,2779,7659,19520,11134,7580,2509,14746,12574,18185,2025,5219,9977,6636,19838,2230,14465,3009,6023,3867,7782,3362,11248,6546,20027,15541,6321,19524,5097,11468,14787,7596,10311,10938,18862,11184,10064,9239,14409,1879,168,5553,13611,15135,4481,7305,18152,4932,10925,18343,16728,17893,2703,16018,10895,18718,1339,626,145,17948,4761,19876,10833,10919,10265,2147,20623,1078,14742,10601,16016,17694,9986,10158,3771,20739,16082,224,3665,20912,15891,20150,14339,19679,18273,4254,1856,5173,15911,21078,16028,18024,6167,6077,14916,9120,12322,9118,20203,4687,6040,17318,4359,8943,17223,15889,19644,9915,2472,10341,3742,18916,98,20112,19013,10297,3483,19063,17889,12936,11622,5499,7689,5143,9634,12204,18542,12694,9090,3434,19693,12019,6205,14913,17749,5267,13175,2137,11394,12226,11477,3491,1918,16708,2222,19519,7718,11930,7163,6967,2266,1593,20740,2022,12669,6567,12255,14384,3103,6937,1882,16741,1639,15271,4249,7624,19566,6035,2544,347,14139,15289,16554,16060,19497,11071,16518,6678,12864,19798,19626,5400,13105,14292,10943,639,17236,5750,14270,9448,10214,20842,1172,12025,8842,18301,14761,12037,621,180,7534,10682,12646,19401,674,4129,17983,17614,14098,17605,20694,17661,868,13902,20570,9842,19985,5680,1654,18460,12296,7303,221,1168,1713,16261,14892,15915,19206,17897,5424,3223,4194,3593,10917,13834,3548,11759,13667,19426,5189,11797,21223,20939,1506,5259,735,4969,11541,18610,12784,3974,4726,19122,17775,1256,2840,18002,21393,7028,11076,14097,5305,13516,14302,10057,17961,577,11473,17446,18926,11707,2227,2528,17972,6477,12664,10537,20055,15073,13252,1134,18532,18861,8134,16813,1301,6704,17834,14970,10977,7730,1685,2293,7471,12523,5203,5662,9533,1034,1224,5942,14309,13056,3378,20922,1015,11825,13221,4631,20605,14211,15888,16153,6029,6141,5809,13738,3793,13185,21424,17702,16760,9430,18716,11577,17040,14342,808,7476,7360,6059,12540,16237,4210,13541,4876,11976,6556,9496,12336,5411,18637,19006,9231,20236,5064,758,2759,11171,13412,5774,19396,5723,7039,15550,19967,9137,16962,6685,14468,7873,1809,328,17400,8969,11211,16537,13405,10932,6202,700,14781,779,19912,16489,12114,15654,4988,4262,9482,17462,4861,2368,7579,18986,4121,7737,7363,8644,19167,20829,2320,16395,19523,12259,17512,18691,723,16751,1716,8233,7176,9897,20234,8779,16720,9979,17336,3236,8098,8274,1586,10627,3976,20866,9419,483,12249,16959,2599,16118,15515,20220,19725,19061,2335,718,10577,19229,4566,19160,1252,3133,5246,19377,3020,6872,20805,8664,482,13673,2443,12800,4306,11531,729,20292,9582,5596,5023,6526,814,420,18297,3609,13617,5385,5453,19924,19637,18465,8076,16006,7961,19593,10923,10153,5331,19845,7263,586,15366,17903,13231,17344,5535,5165,6588,19080,15893,7084,14150,8486,18939,16155,15759,12773,9857,9216,3422,20725,11582,13308,20419,8294,18911,7553,8810,17212,5737,20301,12747,2723,13865,7283,9495,10715,13011,12517,20648,1197,5787,18035,13997,3928,15912,4541,268,7438,10872,7073,19141,9306,17133,5920,6495,8899,12141,15989,10582,3414,2311,21167,13935,12631,3978,572,10135,17608,20134,3911,18838,14636,15942,4830,8847,6521,6610,10111,14542,15157,20303,7272,14563,6804,14189,5494,7286,20775,7203,7674,1909,7453,8165,9969,16333,11260,20167,5863,6485,3433,18974,17072,17252,2080,12787,4848,17340,8288,20717,15196,18794,14904,1553,6270,14995,10069,12941,20152,15919,7606,888,17569,11971,4665,9399,19189,58,9500,12761,7240,21415,7766,9661,12357,4211,12934,10421,10840,17541,16036,593,12545,13770,12860,10720,18732,12649,17837,21104,3860,16152,1841,17898,2934,11246,16852,19930,13410,8534,9378,4038,10045,13601,2996,3584,10515,13684,11252,17611,13315,2347,4709,18435,19027,1433,7446,2479,16724,16475,17146,18655,8048,10127,19616,2863,10735,7616,1076,13457,14645,18571,21283,13719,15006,7095,11650,20456,5848,64,10796,12856,3413,12945,8411,13026,16786,20413,3715,15634,2458,9407,10587,15604,198,6612,19607,2138,15994,19002,21168,20904,10880,16941,16735,2662,18336,12324,5611,8456,14322,14110,8541,8687,18665,1892,2226,16560,19847,17354,1673,942,4698,3225,20032,3628,13092,2880,20202,19102,20916,2687,7587,3724,7686,9093,9886,11267,810,218,15278,11590,12467,2401,664,2767,4295,12542,16928,93,15995,15665,11806,10453,14153,4822,11254,3426,13749,13329,13914,18642,20133,3289,5998,17873,18236,1316,548,5795,11974,465,17230,13417,3336,5329,15285,12033,18188,10473,600,8954,10025,20804,7784,11498,3008,15511,20008,4299,6763,14104,5163,14327,13616,20406,21021,16703,17426,4164,15089,5793,16337,13068,7917,17566,15913,12124,7948,13772,617,19334,6856,9477,663,15495,18439,4916,2925,1866,725,12733,17743,9385,20235,15752,4754,15494,7901,9315,8214,11586,3822,4998,12057,20821,18668,9637,4751,2727,7184,14353,19946,20506,15273,10396,6199,9280,3004,2021,18713,14503,3635,1609,12794,1032,3597,8285,5687,5879,16743,649,131,15083,15749,2340,20884,13268,10346,12156,14369,20487,13888,4681,8795,1902,5864,13801,7310,16877,17453,945,10986,11644,9964,17942,4354,5605,1632,4175,7495,10378,14576,8385,2141,17831,16580,11314,6670,14839,12526,17874,6781,8434,9376,3453,2225,12272,15885,1074,4863,19518,3751,14982,16453,287,7063,3834,8404,20510,2986,18534,12554,10335,21038,4854,18110,20568,1709,5740,14394,13983,17290,15339,14777,13638,4036,1184,6389,14347,7788,5285,16104,18644,6981,15287,2453,9928,21118,5419,179,69,4066,3914,1965,13584,11888,6192,12732,11873,12852,17699,651,3017,11032,12584,4748,19361,15732,20998,20324,4032,13526,14966,17328,19318,20029,18240,16122,5702,14343,4776,18966,2500,17522,1157,21087,16256,14802,15343,6348,1852,19322,14350,17798,19710,16081,3346,11369,19720,3667,17390,16687,17330,19795,13926,21319,5241,6114,15141,11504,13819,642,2642,20441,1437,3925,14853,6083,20296,14621,14811,18485,5270,2444,7040,16880,5915,18733,3229,11219,18525,12195,13148,8348,15180,19274,11426,7889,17329,6013,2798,7431,11730,17298,9919,7584,10385,15336,4990,4844,4531,20671,15052,17101,12801,14186,3420,9106,20009,19005,16955,10426,10373,4919,20649,5425,20576,17520,20635,4259,11678,9047,879,1475,4634,16268,4462,9527,20123,13013,5416,14942,1596,7484,11347,17769,12641,6865,1690,14213,5540,9169,10420,8325,2086,19789,3329,18292,18397,19658,15842,5288,6864,15269,13337,11866,19337,11203,6688,20544,11846,15851,12718,8396,2355,1737,9152,11965,18206,9060,7230,12070,322,11852,19444,4917,8563,21276,12257,14479,7480,8425,16664,4427,20656,14314,3119,1199,8773,6666,17869,10692,8641,15996,4079,1693,2324,3257,10864,6533,9667,13031,2626,3091,10580,5501,11456,21057,256,19603,21261,9235,6675,3924,10175,2474,20201,17742,12479,10380,12122,922,11842,12017,14553,17232,1540,1544,20888,4911,8278,11810,10144,1873,8060,16688,10264,20928,1860,21159,21241,1779,17186,9819,9853,21039,21199,3335,15420,213,3725,9649,5427,12233,21333,15564,17937,18087,18523,7231,8056,19909,17531,18141,19715,6124,16449,6563,1058,16217,18306,7074,1173,19356,12134,1890,7072,16739,10016,7457,6843,7572,19142,19412,19873,350,4981,4767,12835,6783,15998,16876,17434,19120,17250,2838,272,4420,4607,12292,20825,11915,6708,18123,11603,17126,14633,1449,14783,10058,17105,15230,1726,3746,19718,20102,7711,8462,2424,7414,390,14433,17861,1201,10108,4588,12888,7491,7974,6030,3682,10958,13527,2814,4328,11762,17454,2207,13714,4680,6101,5884,1029,14775,8535,5192,7194,11073,14094,17800,12205,1537,16651,19726,12073,3785,16483,541,4364,8426,6593,3819,17570,5136,11780,197,8614,16948,18396,2997,21219,4925,7304,10994,116,17384,1054,17711,104,13295,17712,17064,21233,8955,21376,6869,13872,16556,2916,18977,15077,14148,702,4813,5297,16866,12080,6469,20707,6382,7965,12370,8043,12079,2304,8430,3164,1383,10104,307,11216,5567,3309,4514,18148,5428,123,85,20444,20259,2559,21392,20188,10818,9779,8006,20933,15009,15250,20175,6193,11818,16641,12573,21321,9672,6053,6098,16658,7410,5779,11115,7679,12823,754,20194,13328,2649,1808,15973,6395,7048,3737,14803,3939,13071,7450,10759,7684,10733,4119,21124,20223,18357,10649,9702,9130,19609,18898,15641,5888,18382,11077,17805,14033,19398,17676,6596,2621,4399,18140,5467,1435,19239,6785,10348,13540,13822,16093,13504,9033,407,4491,16263,3602,10460,16782,9685,8027,529,19808,15148,11276,11382,7340,5798,9143,3955,1228,14601,3435,19125,2346,269,13151,8140,16427,1284,1108,5188,12953,16714,12429,14294,2043,15301,19810,7841,6580,122,1557,11425,1964,7379,7315,5086,3948,13551,20622,6736,7257,5483,13494,3570,10120,14367,14290,19717,20039,8324,4438,5667,15643,12386,2334,17308,9984,3899,16045,14923,6100,14225,20713,17061,3632,14552,21221,11857,2876,7790,13168,9795,5054,16260,17469,4474,6540,8894,18592,3906,17299,10882,15713,5026,15181,21305,5802,6848,12973,10591,17876,17057,6817,12309,6551,16587,18080,3595,17602,1203,6473,3160,15704,20970,17312,2365,19288,914,4567,8369,10364,18231,20291,11025,6427,7260,11884,9337,3753,18042,20504,10891,20771,4414,3166,9484,2977,19692,11525,7143,21206,7806,1952,12660,14451,7255,13326,19590,5935,6693,20865,11545,8949,4456,10377,19998,21028,9938,17632,16106,20321,10406,16758,8293,19567,4940,2893,16648,5406,14719,12067,7312,834,925,13029,18092,13900,4478,6863,11315,20761,10165,13524,2504,18020,16396,7161,17037,2614,21205,96,14873,2096,13152,5783,11249,17867,13364,18339,14800,2970,14052,19304,5810,8957,4710,12051,19672,20099,19782,3444,10231,6084,6930,19833,15118,16666,9226,20773,9359,6985,14454,1865,8389,12544,16774,17774,3247,18868,13556,5168,4400,7354,5939,4763,2333,16595,18951,14992,17638,10429,11916,4621,6792,19146,12921,18687,18888,7086,1776,12672,7507,13791,3193,9990,5564,13674,10695,14242,8521,13765,15156,9458,2186,9147,19673,7542,3843,10570,19198,5825,7226,18269,10169,4592,18048,7576,17847,12706,21102,17145,15633,8463,9771,1018,8498,1703,20319,6240,3385,10861,17835,3877,10230,3940,14038,11816,1998,19474,6646,20657,7324,2769,42,9988,17444,5108,10820,918,10897,19816,2517,5011,1297,2454,18922,16949,4007,20611,9833,18121,14100,9375,4570,18907,20375,12598,1087,8252,12751,5905,20208,13532,3825,14696,6538,20057,9514,1877,16995,3086,1568,15929,11350,9746,6375,9154,2813,18761,9165,16057,18103,10983,4591,7925,18386,17510,19752,978,6005,11820,12560,16099,12409,8268,3613,20640,20844,12891,8704,9670,7085,13347,11019,1774,5525,7479,19736,2627,11406,4421,18222,19165,14439,3661,3709,9163,18779,5139,7678,968,19276,20590,10905,21163,9619,8335,20686,247,20536,8798,10984,3143,10565,20852,10391,19600,7195,5438,11970,15087,2975,8302,9681,3561,4865,19393,13446,3419,20024,3617,1118,8721,10006,10516,4413,10350,16291,18314,10465,6861,7191,15901,2238,19423,2965,10390,12236,11095,17417,2505,14115,4487,19976,13028,1598,17631,19630,2277,7025,15203,18317,10725,5032,8224,8880,2172,14731,20797,2998,5937,6232,6753,1953,2149,10225,3536,12498,20835,5519,4549,20075,10255,14860,15645,21230,12311,6281,10942,2741,1037,14429,10203,5169,17663,10039,20281,9656,18278,11154,11411,16507,14480,13571,14137,1620,15385,16269,11683,13688,643,21401,14072,7336,2353,1239,6216,7680,9159,364,575,8452,8492,8886,10705,12361,3377,835,8948,17626,16956,13178,18427,16391,10441,20323,901,19891,0,12300,20200,16064,2651,2583,1350,17284,10617,1028,17483,5323,6094,20415,20921,10632,6794,5724,12667,9516,7208,9332,487,18208,19636,8280,18760,12235,15629,9185,13237,14515,5827,734,13435,13774,20409,5699,3040,6969,11538,4978,5806,5600,20116,20397,7456,14462,18788,2271,18184,6671,6582,9109,2749,14816,20595,20449,17245,6613,3372,3641,9167,12182,3074,9028,20528,20122,8210,15439,1261,3638,20407,1048,5924,14712,11710,17848,15248,8981,7888,18832,6251,11082,16234,20603,16452,7416,9014,9801,14249,13052,512,5454,4656,456,19220,17537,367,4235,18844,20690,6980,15419,17048,17625,8346,21016,12910,9923,2165,12555,19968,14994,5686,5371,7883,11750,11192,16515,15183,579,4288,3523,2679,14846,11876,7852,10288,10294,15909,19255,5764,17724,4039,15478,11229,18030,43,6356,11226,546,748,19237,2832,5669,20599,19132,5977,8334,2635,6862,10100,5722,12834,16944,3951,2136,17819,8300,14210,4758,6152,9998,4769,8317,16287,7667,19941,9867,780,6838,16629,11090,1518,6424,5638,19575,7044,17509,9908,11684,16815,4132,1083,3810,21323,1504,11522,16215,20119,3800,15193,9273,18031,11142,20158,9625,17297,15076,8582,17673,860,16539,4298,13775,14024,21272,5278,2872,5918,16970,15368,13836,19701,4615,17218,8898,3520,9970,413,20199,3990,13325,11908,12245,12663,5050,5396,12678,14023,14635,10301,18690,3603,1718,6079,387,12458,3660,5332,20792,10539,6713,10470,13166,4126,14174,19265,257,16882,7666,1724,19101,1260,13705,21040,21086,4843,14943,20886,16371,14753,15305,15783,18941,6338,2419,20173,4315,16633,5706,14025,5311,6134,17713,3848,1668,13318,20626,2912,14922,12978,14062,15917,16780,15976,17314,18785,17123,19078,7729,11951,1317,9253,2036,20580,4333,20067,6527,248,18462,9264,5302,16080,5480,2553,5260,8029,15131,9462,7672,6689,18851,965,19576,16022,828,3156,8189,17590,10419,19414,19737,12552,8600,20639,6355,316,12996,12302,2310,10714,3856,17657,5910,10525,417,13776,3604,18101,5089,8979,6285,15098,4196,16564,1934,18251,15105,20684,3592,18105,5868,14801,21058,5917,4227,20832,70,5881,19338,5781,6420,214,14364,15659,5187,9042,1326,9032,19499,14797,6602,14772,20578,14489,2834,8908,5448,20753,16862,19772,9963,20183,14490,20399,15910,13907,18071,3788,1046,17024,15434,10955,15279,10298,20480,10724,2099,9228,16953,2648,12192,17508,8713,9594,9486,5213,8686,17165,3081,13724,19347,10630,17678,3607,3400,547,10553,11038,12032,7427,18766,8972,2059,5904,16577,10112,3745,566,12149,3728,6978,2717,4287,8808,3741,5154,19870,9001,5612,14195,20793,20435,20381,8267,4604,18061,13225,6066,6870,12069,1185,491,19464,20187,20082,2980,14989,19778,8596,5895,16342,20337,1121,20012,15944,12697,11673,1665,15775,3044,10593,15736,15211,15826,6884,20168,17383,917,8332,8250,6057,9051,10757,14948,11786,2290,20750,10858,10519,13358,21048,6238,2927,2213,5038,6558,12191,17624,10156,18884,2908,3342,14762,6599,4460,4457,18674,16663,4419,15403,18681,16040,12855,13833,17751,21095,14988,15565,4029,1781,16086,6998,20796,6511,10395,15489,673,15476,20736,8837,6086,17730,62,11420,18867,10484,10602,4835,10236,8629,5872,13986,16442,11196,9172,5973,3321,14156,1225,18300,15977,3927,9439,3140,4862,10532,1382,17753,15161,16503,7261,21394,12615,14768,310,11682,17708,9092,8890,17899,9905,1635,6033,3427,4396,20317,15085,13413,1578,17183,320,20004,4087,19829,13547,17043,17187,17976,10309,14009,17367,11156,10825,11033,12103,418,11679,2674,16624,13065,15715,19598,16836,5748,15310,1806,8996,13284,3334,17692,20101,7652,2371,9059,2329,18063,17315,18151,3201,14216,1850,21266,17182,8611,17166,20219,3505,652,1328,1757,16799,15267,3383,19181,10672,3887,7548,20190,20683,2922,7910,10563,20327,1420,18996,8825,15782,10746,2169,1723,6097,6263,1474,109,5430,18759,14603,7239,12367,6793,17705,4907,12890,4546,12151,14575,10402,16778,2480,8929,7973,3700,16875,14395,3244,4357,3871,14152,13427,14043,202,7996,12917,18562,5558,18183,5070,17655,17490,4517,35,16721,18857,4318,2203,12024,15581,13352,8892,4019,17827,10637,12099,818,15536,7540,15160,13129,19640,18582,17438,18994,1671,19251,9300,21413,10609,4096,7221,8645,16167,10026,17398,6012,19353,18905,4437,9992,15192,2624,1523,10053,16399,21396,11757,16450,12938,14122,8246,17603,8225,18818,1915,11909,4065,21166,3163,10344,14064,21314,18446,13464,14147,9577,7076,9861,2917,20214,16466,14906,9445,8311,14682,7979,18632,15072,18636,11182,15719,4317,18719,16699,12925,4114,6503,2691,6633,8439,2438,823,16897,7045,9316,5733,15894,3276,19112,12349,4609,13579,6149,17558,10929,4601,9341,16004,51,9663,9371,9348,15790,21116,17098,1847,9286,20285,17473,19419,5720,9180,17772,16005,5280,17225,7055,16623,15624,18705,16812,15740,4644,13219,9087,8632,10549,19248,8585,17345,7121,1294,2859,7276,20961,11251,5801,10753,14141,8613,11763,13310,6839,1772,10433,12853,559,21047,446,19504,6102,18321,2890,14011,13952,2201,15727,14400,4426,19416,19144,19599,1473,383,20174,12622,544,13624,1072,6244,5327,10997,13678,11392,5693,14022,21330,20300,12072,20089,11727,1705,13484,17674,3997,7296,7075,2712,12063,19861,7081,2600,6837,3341,12106,5602,8111,6123,15038,833,14685,8835,20164,17065,14046,545,11619,2309,16562,5087,2924,18099,2387,16935,13549,5316,16749,8869,17341,4902,8923,13511,7144,4334,705,3037,2685,6625,16131,1893,17994,15779,12569,7705,161,980,13981,14884,9718,14885,18380,16224,7047,356,7134,7011,414,18144,5633,8030,13751,15128,17912,678,13023,11173,6672,14825,17493,12117,949,14374,4505,21355,6234,13299,1611,17194,15197,9285,5754,8735,19001,18935,10269,18028,11198,14678,17746,8436,16806,4856,10237,3944,14121,17180,15988,1657,13696,14132,19625,19507,14799,10740,9012,9025,8506,3717,11961,16791,946,20287,8283,19481,17816,19729,13213,10993,15926,9899,3132,5262,12173,7311,19508,14927,11643,17957,18025,1212,12046,9854,6437,7288,13210,72,9166,11821,2055,14160,18398,5964,16102,7223,16846,15088,18342,18218,12577,13793,14028,2783,1717,3471,1287,13292,16401,9148,18742,19343,7533,17073,5156,12985,16945,435,12836,6140,21322,1182,14965,10404,6417,18489,3375,2622,20937,6026,12591,14000,3949,17930,4082,14305,21181,15041,4289,12551,16035,17817,11992,18730,16726,6821,16204,10134,15830,12000,13559,17524,2775,20555,7400,12068,10024,9045,7797,8792,7569,1211,13184,20501,1754,2362,18800,1085,4882,21426,20429,18923,15577,7385,13777,18054,17160,10860,14232,3179,13843,4220,7029,5391,658,15768,107,21042,10376,1392,9655,13333,315,3862,15818,11379,1360,616,12695,12183,19938,4875,14779,10728,19483,1144,13050,14706,6170,13007,19932,9205,1101,4695,16590,8057,18826,5060,14441,19090,15753,19696,15188,9282,10931,15596,10615,16397,20963,16559,1245,9892,2938,17085,2409,9022,10328,3694,7031,935,13169,6780,17458,5141,8173,16467,4649,1694,10240,2713,18726,2139,10279,8062,15930,13343,11917,14701,19952,19019,13550,17878,6934,13635,5314,9735,11878,260,6110,6854,11520,16121,12411,4201,6834,16528,18387,19875,2784,2729,11979,16003,7415,11642,12389,1636,3614,13300,21371,9687,11304,18506,11777,13936,14179,3134,15110,12211,4442,10497,16313,13407,1711,3766,9864,10812,14681,15261,9838,10873,6213,732,3374,11069,1638,13469,18337,12969,7943,6999,11756,941,2011,18361,9289,13966,9501,15355,2962,9548,17008,7101,676,17556,5756,3073,12680,9480,19147,4145,6523,730,252,5281,15978,19993,20333,20550,20755,1935,17007,5530,3402,5565,19573,13589,867,1990,3424,2523,15589,7289,19032,2886,18077,330,18797,16637,11022,11671,4224,2825,4166,16797,16903,6994,16540,15000,15468,7466,17233,3131,20849,11441,17050,136,12524,3519,16049,7893,20646,13886,16929,2971,8999,20310,843,243,17476,16214,8449,19405,5261,18710,6248,12621,14287,8911,11368,10142,17902,1785,13982,19556,15122,10973,4382,7235,12804,313,13357,20460,15792,2738,21365,842,14386,3545,19230,14632,8051,1167,16630,20473,2889,14108,12240,781,3283,3272,20147,2119,16108,14355,12111,2943,54,8583,8242,9230,16008,17362,20826,15079,15187,3901,17000,9303,6302,511,8197,8319,18871,14914,53,11300,7399,6041,5063,17102,6828,2652,1389,9046,3768,4834,5500,17389,1349,3644,5436,17908,13399,17158,5990,7881,687,9543,12984,17260,13502,8970,19106,11244,5386,12709,16326,19094,20446,9602,16548,13702,8237,13205,19956,3499,6584,11602,1648,13650,14181,20507,2440,11576,11875,19085,7773,8828,14665,6146,478,6669,2319,17640,11088,16742,7079,16961,2545,1023,375,2608,5282,18509,16127,8636,5218,20786,3835,13293,8945,20496,2331,15504,16354,7992,6765,553,17111,18037,12277,8546,14788,5775,9435,8876,12859,4142,10789,10981,11053,17953,17727,20785,8446,5313,12316,3025,12397,7172,16795,20675,19928,19754,14933,10501,17677,16390,2704,21113,15666,12252,18153,14316,21318,13425,6510,1282,18831,6712,15031,20049,8689,10922,1538,3076,1102,12661,7770,12670,6594,12752,20816,14261,742,9402,1336,19823,10600,8693,20526,7999,12527,9177,5492,17042,7493,18082,14806,17650,295,9249,7590,13397,8171,5142,14921,19466,14694,11822,20930,9940,10588,1243,10555,21347,14475,10817,14111,10750,8490,17456,1687,18145,8763,4527,19089,13829,2512,18454,1507,19768,7513,4524,14128,7007,5796,11523,8038,11613,4796,7595,8381,13693,19438,18270,19223,20144,19844,327,15185,12373,14385,18467,16828,12829,17179,21089,5118,12579,1055,710,18620,14466,8599,2677,14500,11488,16496,6272,13750,8575,5423,14283,5413,7749,14514,3039,12765,18260,19815,9834,14587,14730,7646,13441,18897,2619,7352,18809,19910,1068,3580,900,12654,8564,17653,18512,6060,6336,11664,13890,17211,19313,18667,2249,20395,4311,3311,19807,18134,13082,6583,20132,14634,7097,20777,8241,17993,7801,5522,6761,1794,21217,11528,14831,20393,5269,1249,12164,16702,1130,16283,5981,4347,13323,3610,19408,21092,5369,14379,8361,7054,19698,3031,12775,10642,9737,522,806,15421,20878,12013,1092,14448,16584,18413,16589,6300,7181,16915,1521,9544,9518,406,2284,11285,15401,17998,10229,9529,9290,7132,3454,8352,16667,13280,17928,20577,19854,7136,2447,7371,16158,13027,653,18798,8052,1864,16779,13344,20403,17731,5546,20151,3896,13525,10518,4147,9723,611,11039,998,20508,20637,2451,9035,18047,6185,12593,12606,19283,1628,16829,20396,10315,10388,17880,2546,12629,7747,8115,14702,1427,11322,19290,17865,12999,2243,18611,6371,20098,10369,7429,16594,20025,7499,20539,19211,20470,5527,10051,10862,5341,16416,7254,15046,11201,15311,2744,18623,17178,18837,15047,19900,2992,4107,666,14306,2094,14675,11308,7891,14756,5993,21172,9802,4880,8514,3054,13474,10427,3805,12421,16808,7703,6180,11787,3941,7742,9011,21134,19344,5886,21379,232,18083,19858,2993,17843,17369,1122,8101,15327,21186,16881,6162,17807,15201,3996,4256,15108,7325,11479,19429,5590,15505,20606,9506,3769,20493,323,2629,15791,4001,16089,11239,9314,6266,5547,787,12110,5005,17403,13727,3251,16628,14267,634,20882,6654,1787,18508,17074,740,7514,16414,2892,3905,4720,7833,3701,7233,8851,636,18619,10941,7157,7248,18927,9888,18658,9846,6615,6598,5826,16369,6037,4253,12626,5442,3679,19445,1699,9966,3481,12413,13880,12256,12580,13802,3688,3513,17357,5653,1150,17310,7269,9293,6773,19653,8403,12995,4429,19303,4046,3429,2377,8202,16977,12200,1581,9247,20052,6325,9900,16011,10550,4323,18451,2427,2981,1289,13789,1543,14827,5347,12297,631,6656,13964,9125,9757,16892,21408,8537,12449,3958,3122,1701,5027,7709,11872,11111,6211,7119,13155,15375,10228,14709,10971,14129,8545,812,6158,12054,19724,13182,4775,15027,3826,5690,18379,18476,14498,7808,17214,20486,3409,767,620,8547,21126,3556,11237,7726,11570,5898,4689,19422,14540,11869,11354,8878,5585,1862,17594,6095,6121,20733,18714,15969,369,6740,18187,2073,9214,3313,11181,1020,21270,2678,6204,4746,12133,8271,2175,11305,11828,15007,16494,6441,16351,11327,6136,14611,1945,11151,12275,13198,15309,20763,20018,5303,16435,3325,8871,14265,4838,13755,1003,15691,3141,10133,886,11980,2567,13580,4996,1363,4959,17139,5767,11063,20100,9213,5694,20620,20848,12004,20411,7870,16834,19088,16822,9299,14442,4738,16446,1241,9352,19760,20525,6319,13844,12898,5808,12304,57,10869,5807,17995,3455,11325,10188,5300,20862,21344,5021,2154,21068,20615,21236,15712,5383,13266,9742,4181,1323,14668,16334,18348,17083,13060,12993,18711,11513,4116,17109,13227,16919,9178,19830,20464,16898,18921,6315,1734,6694,15103,9924,14065,19316,14962,9265,13707,20537,2366,16468,14522,4939,3121,3036,12215,5344,1306,16072,15937,8262,11751,21269,14101,13114,13723,1824,14908,11241,16642,3092,132,13101,11117,16154,2672,17365,17528,3431,20386,1715,19943,13104,5700,19859,4660,18326,10628,18544,1315,19292,819,10729,7211,19594,9855,16669,14573,5506,5238,912,9875,8355,5463,15935,14318,9181,1559,191,21178,20553,11243,14910,5701,10583,1039,15751,8026,13991,13942,8235,7735,17399,17060,17952,15008,11177,18104,1309,3063,3478,8985,3736,11348,18157,11079,17833,8238,16353,12601,17685,19081,12550,2949,4921,10015,9432,8958,1791,10578,2806,13304,5968,14298,4584,9425,20105,18791,13784,17538,19035,12427,14002,11124,9320,14952,10574,6378,10924,16756,3670,16361,14599,4083,368,5959,13161,1721,1290,19217,18178,17734,4779,215,5472,2878,14533,4802,9538,9221,9579,2833,3968,13671,15427,14691,13406,4027,9291,4277,16830,8843,20299,6173,21017,21287,8402,6877,14996,12821,7903,18585,8301,6576,5470,16383,6068,20943,3916,12839,540,3942,12713,13118,14036,20290,7610,339,19842,14325,2579,5055,13193,5201,4345,15997,9951,4290,7662,18656,15745,672,12806,15748,13250,6684,16349,909,3508,13811,13380,20957,15191,20064,12158,3727,20598,4386,10507,16426,2882,13090,20484,10786,14878,12537,3977,4804,8112,16428,4993,18948,10491,7022,14300,6456,3256,5162,15050,10721,14377,8965,19039,19128,10503,1799,14109,13044,19931,7508,1145,21214,11996,16117,1958,2645,535,3876,15422,20746,2793,13392,19641,19174,20293,20711,13039,10343,9816,3199,9769,10927,17106,2705,12771,11067,11034,1666,14505,3423,21404,11676,10479,14144,16976,16281,3524,17687,952,11789,7504,239,3359,12516,11931,7292,11029,4072,15620,16647,8298,7411,9898,18316,7934,1265,11752,17511,19077,13396,8222,6419,17151,5639,20088,5862,10370,1093,11102,4614,8037,3552,5549,11552,7900,14924,1098,18290,17255,13545,11416,11938,10218,17428,16031,2259,17022,5713,15266,11422,8055,14616,17167,1267,15528,21192,15402,12965,10548,11861,18484,7573,12197,4816,9821,13177,12808,6465,16508,7019,18072,12180,3953,16285,11803,19301,10469,2107,604,19703,13573,3016,5171,12870,18247,16996,17268,4836,1214,2122,7642,7280,6078,8536,19184,3859,6565,16636,4903,14547,19439,4370,514,9353,15525,292,9744,15143,2701,14912,16070,14497,19979,15291,14058,17905,9437,6587,20532,6475,12315,6734,2628,15735,18527,397,14596,13619,2581,10960,6954,4229,8781,17963,15152,7512,17818,9429,19559,6743,16034,18098,9240,5330,18762,12817,9034,18215,11831,15379,10999,8375,5226,2460,105,13647,13858,988,5342,1026,9531,14997,5849,19053,13190,9069,9731,1929,2029,17479,5061,14786,525,15601,15362,13508,7907,3528,13229,6481,846,21187,955,7890,18725,11362,14425,695,19883,18502,17813,19047,764,19595,21054,1086,4742,1012,15246,4157,12486,17227,4533,12656,20497,17604,15549,4271,13924,8125,2400,8432,1486,5512,10067,14258,15498,48,800,9220,21309,9089,17419,13255,943,4655,8764,4895,3817,5947,11374,11982,4692,1268,13682,17257,12198,9954,7546,10957,2554,1140,8830,8157,1337,7300,14494,2211,19814,17135,7927,3973,20624,2837,7265,4024,20663,11064,5279,19124,13130,16879,12330,16455,6720,17215,10585,14467,14874,11399,5037,13725,9909,17360,9121,15153,515,10824,17181,2568,4550,18603,11087,18774,18531,18865,7787,890,1488,10915,13788,11021,14205,8272,19179,11068,18477,20897,264,6157,12116,6819,9467,19489,11199,17795,741,15394,14260,5286,12790,5484,1854,19719,8688,13014,13882,475,18155,14541,14930,15864,21245,16078,52,21325,19500,13463,2745,183,17949,16199,858,13879,16845,13807,2101,19123,5805,10573,19044,18271,2268,697,8372,5479,5929,21378,3482,10985,20808,11641,20575,3018,11287,15223,7622,2932,12525,18425,7035,1164,11551,3792,16033,9630,8786,13947,2010,3107,19448,8023,6637,15363,2239,7322,222,3680,2750,17,13610,4900,7609,5584,1460,12737,16132,21286,65,11450,18570,4329,14959,4755,18076,17056,2305,14582,12770,8223,1302,16140,3364,5967,16227,16805,8753,4913,14106,14273,1403,16576,9373,12201,18469,13594,8206,18216,14822,1244,17246,1295,6434,5084,10483,17147,12930,1494,13327,4084,8054,18265,16407,4786,14471,21171,19797,18349,19431,13747,5180,8168,6896,5926,1939,10163,9344,1616,1318,15028,10906,6545,9536,11694,2828,6899,15024,10196,18565,20166,1583,21002,15644,20807,5349,13038,21070,19514,20060,5450,15757,9459,18734,2776,5225,21012,6050,12317,13534,14812,11396,14594,14981,13070,4501,2766,3404,8248,7049,6886,14173,4064,20,13067,5092,2393,10779,8709,11387,7525,11547,11179,17515,17762,15317,7148,17499,13113,892,11448,897,8378,9787,13708,11141,6421,4063,15543,17838,5404,10964,6055,14815,5177,9591,18981,15190,9040,6798,1733,18287,6829,14794,3376,8017,11149,7819,15849,19676,1851,20282,11668,17121,14842,15815,16504,10771,9782,3308,8329,16362,14785,17863,1712,13377,5707,14477,13455,12943,18997,441,10751,11850,999,7855,4458,17032,6181,16088,15303,11907,159,8145,16340,2722,17576,18613,4430,9562,1822,11817,16765,15205,20251,15486,5334,8717,870,746,17852,15051,9662,10452,15508,1634,4388,5664,4297,11661,1947,412,12329,14628,11057,724,8552,5457,2984,21114,13510,5861,9534,5356,9164,8797,9574,2968,6788,15774,1519,8642,6088,8663,8270,5229,15330,15454,4150,805,4833,20453,8167,18354,654,2684,6386,20023,11414,18960,4652,6846,8039,12863,4272,20752,6690,8266,9724,8316,19953,21140,18507,3931,12575,12935,4757,11043,1941,10440,18395,20900,3286,5155,16631,2435,13244,8816,12944,6858,12819,12558,15734,839,4773,12020,9463,14092,16438,19511,10149,10422,9298,21255,12445,6807,14605,9392,19403,13915,7593,6464,8930,975,6574,9075,11689,1468,15058,10947,20627,1027,3240,13411,17780,12363,20988,2098,2370,13818,569,18275,17487,10794,3186,20376,18615,12960,4503,4784,21149,1335,12400,12946,4632,3300,3411,12365,15853,16052,13307,11297,14554,18599,10576,19929,12596,3406,18803,19339,2933,4554,8738,10913,13543,11690,8568,16978,11188,21170,19060,15365,15120,4140,1081,15042,12788,7118,14998,20058,16541,4095,18663,8216,20476,18529,11054,16439,4163,8130,20978,4356,7378,20315,5473,3982,13523,15176,10124,10192,11516,9673,18423,13241,19135,1131,5324,17787,3408,10278,16487,2405,8240,6653,2580,6483,17002,20953,9404,6249,14672,6680,8100,5568,15580,7615,11163,18097,10189,2548,6125,8146,1011,3735,15329,7123,6403,2300,9560,13431,7854,20688,16984,1597,11742,21302,9753,14657,4387,4648,12393,1240,9242,18064,7509,9903,9288,9036,11674,6089,20870,8873,10004,2056,16535,16731,15686,9722,13375,6360,5889,4159,21099,5158,21282,6364,11855,7098,8303,6261,16436,10533,6442,10050,8662,19884,4351,20845,15381,7112,19948,10258,20869,10151,5102,12144,17686,4888,811,9259,15946,89,9848,7405,15867,18495,1424,526,13894,19010,2688,11050,467,6344,9849,1513,17987,11986,1062,17523,2562,2127,3770,1903,6607,17527,11741,11723,18289,13394,1575,4158,19375,11847,9521,3827,20177,10634,7846,20104,13128,4620,19399,19213,112,20802,11633,1229,15125,1558,12616,15637,1467,16092,10653,2272,8243,17564,19624,19841,11107,16348,1142,16241,3450,16376,18548,15756,1988,11830,4693,7392,21064,21260,17283,11028,8273,10000,7220,2375,21225,1985,5013,11775,19447,7497,16409,8726,7494,8135,10702,18899,10442,7155,9830,19442,2174,4789,11363,10647,12998,9272,2725,1896,5521,6145,15260,409,17427,11581,603,17598,2349,8768,1957,2498,19965,18394,3492,8937,6142,9135,5271,3392,4077,9633,1795,10401,1079,12060,4737,19812,1968,3305,14818,16578,13361,5665,16043,13950,12950,17317,21083,11303,8760,16454,8915,6328,1325,6674,1881,3932,8181,10295,20903,10079,5674,6406,11997,15766,14334,13979,2605,2819,11175,7638,12857,20350,18852,9952,8680,21265,2456,17005,19758,7094,14501,2155,15217,19642,4627,552,8850,4768,17410,20366,12301,17559,15628,13506,11805,13806,18524,4407,5337,16317,17554,16727,10247,11375,11887,18673,3085,20255,13073,13921,18550,1095,18812,19162,7693,17295,20339,21069,9824,15465,5850,8956,9031,1542,10056,1921,3088,11696,7275,16611,20145,17771,14652,14034,8089,13581,18243,15845,18863,13563,972,15134,4781,8096,10643,17551,15258,21313,6236,8745,16187,4525,4368,13141,18363,5350,127,9454,2256,2530,17242,8353,190,11546,431,3760,16447,11879,19564,3007,14721,20426,18772,11146,19766,17900,1156,583,7092,17950,16619,20176,1930,9589,13633,10132,164,4828,13721,4495,3762,4500,9781,3966,15895,15080,18008,4428,19091,10930,8518,3598,9515,1973,21062,8163,17095,8203,18091,14432,19939,8169,2015,21202,18494,15738,19286,1783,18294,8427,16869,6859,11587,6058,2315,5613,6658,10340,14595,13998,12007,17857,19342,6144,6438,18961,16021,10560,16298,20500,1107,8330,21198,11575,20875,21373,13973,246,9901,20860,17311,7185,14324,3653,212,14926,15175,13103,4074,15406,3175,7137,9941,4431,1215,16110,18692,16654,6926,4282,14618,14288,20633,19650,12547,13476,7585,1567,4136,20607,21194,15023,4782,19413,9606,20857,12785,19964,2006,1478,12216,5020,2488,15852,10289,20338,19949,10154,13905,20691,13370,362,6562,1270,11920,18447,20981,11912,10881,19020,8092,20442,21262,12624,15070,15274,4178,20612,954,11651,12530,20124,10044,8336,10681,6997,3432,20379,1430,9044,9784,10283,4143,14312,15599,3674,7102,19955,5199,11505,8451,578,4684,16451,4766,13058,11114,17100,13814,14056,9600,7299,738,17579,19750,2740,15249,6534,4622,1077,3397,849,1321,1487,19254,15218,9926,20982,9364,6105,5222,3781,10221,19269,8529,19980,18840,9689,11245,15578,2940,14496,12942,4565,14858,9002,20864,10038,11168,9840,12174,6188,1097,749,5866,18864,7845,18639,1769,845,17765,19209,20389,10747,2344,20059,8395,8508,17450,7835,10113,14893,11731,1745,16811,977,16894,8994,2130,16522,771,18238,3550,8561,1361,20687,9283,3268,7455,18869,5025,2765,5829,3380,14662,5859,21207,8340,17796,21251,20356,12796,11726,14221,6239,17667,21294,9048,63,10408,13941,7131,855,10014,16276,2666,12354,1009,709,16763,16469,13030,3758,6662,17891,17334,8913,13135,19457,11345,3606,8196,6915,11295,10614,12239,1627,18108,6956,169,10367,5516,8678,9391,8669,12254,19721,13381,14344,10454,10787,5088,13093,19920,7932,14048,20985,7905,2403,2430,13645,9038,16988,3571,10320,9186,20751,15159,5739,3712,11083,3573,19860,21215,333,7316,8784,1232,20647,9386,6681,17921,15386,9818,14977,9377,18406,19478,20670,5375,14740,17320,8133,19456,17781,2087,19848,15384,1928,7598,12607,4076,4247,1562,16431,17364,19299,10110,15739,13282,16248,17782,3814,17593,2113,13816,9601,5335,4360,481,66,12127,8318,13646,5892,14406,2589,15425,17741,7688,12288,13586,12814,5056,9122,10743,15013,2318,2463,12873,7087,13672,14125,8793,8935,3634,1492,12682,1499,14722,5629,14329,1777,11862,6818,5579,16319,13236,21130,11625,12381,1084,17017,9947,13172,8045,15705,2715,15200,7708,3142,8679,18795,2758,12371,10529,2314,7249,4885,6286,17810,15275,10816,15817,4532,12728,10159,3808,9628,5232,15404,12620,10384,17615,2887,3664,15063,19794,11398,10,5698,14020,11652,12920,11685,6744,16867,17507,12491,644,4310,14440,21036,12078,9930,6380,555,2410,5505,8569,10775,6200,13240,13743,11015,18833,11537,19995,10492,4518,9246,6642,146,11902,14297,18466,11687,16985,6009,20843,12519,13273,6789,18836,5181,13,4049,10251,20901,17914,13321,8310,16711,5557,15839,4585,6960,15678,15451,15167,20652,4279,17822,1919,2967,15358,10472,14183,19937,121,16551,20906,6799,14770,11609,10559,17184,4118,6439,14165,12262,10853,14833,9993,1275,13883,14983,993,4014,11919,2229,2736,16614,18143,17735,11269,3254,16257,16084,3866,994,4303,8631,14212,4265,12412,7603,6430,760,8833,9157,9636,17502,13345,3897,8507,12651,11496,4853,7923,7419,2302,10223,11100,1626,15221,14155,16161,12871,2143,18373,5052,18657,8142,15473,18217,6531,6634,14580,2835,11607,4868,20035,963,19151,2190,3248,4515,8831,18588,7817,6413,6497,18441,5452,11470,16491,14907,10907,1874,15447,20207,20680,1752,18403,1398,1187,5376,18940,14569,7339,13792,1133,20724,4832,12038,14177,8373,8997,10890,20003,10978,3515,8730,20046,8950,10535,20824,836,16673,4891,15658,13483,18827,6106,14388,6933,17990,15239,15612,7412,18331,20851,7822,12648,10667,9124,7428,10934,2084,19562,21020,9019,2282,17517,1899,5824,21180,7644,2116,2484,7395,17790,10669,20370,20342,317,5804,3838,5624,4377,16608,10683,8444,17597,14866,3619,15664,14521,15540,3152,17053,12218,13495,7517,6931,3393,18984,2800,10542,12285,1888,17630,21289,17909,16523,4105,8627,5024,21284,16094,5709,11220,3067,9349,9720,10773,3957,17378,5589,381,5852,437,12753,5925,12518,2031,599,19777,11704,21357,1194,7530,28,15263,2781,1746,16002,13949,13711,14745,7620,20989,6383,8895,10849,17404,12076,9677,8691,10530,15500,17951,2788,18130,3047,13179,14482,3060,12321,11929,11807,7732,19272,21004,4788,15282,14654,12916,2051,20705,7643,932,5044,2551,19076,2518,14245,14444,1271,17156,21000,753,670,13305,10829,4110,14057,18311,9920,12455,10568,907,9024,16339,20246,13861,4674,3888,2730,11656,7301,18384,12273,6351,13487,3786,8609,11144,12940,10072,12194,10944,18683,564,19192,4608,12640,11790,1610,6871,19100,12439,12119,12532,21158,11323,13456,8953,10500,17026,12520,10393,15259,11851,10939,2180,20072,14570,7519,10481,12795,1801,5446,12850,17272,5586,10495,11489,21035,3428,7375,2063,13122,5846,12480,6190,10088,288,21132,6616,11593,7724,20373,20157,6927,2131,16220,17647,17397,8622,13262,1439,10443,14708,11467,10808,470,777,7213,7670,12339,7941,5514,18764,6090,20587,3486,11092,19057,8916,2818,8496,17478,20628,18601,14116,15179,2459,16176,20674,4792,21135,8712,3875,8608,20779,6425,17168,11977,12016,13920,5368,6907,2850,17063,1255,23,16124,19665,6606,7089,9741,1362,4154,13871,11670,18228,17155,15173,3252,6989,19263,5094,3765,11871,9269,14310,16357,16914,13256,1059,2748,19400,14792,10770,18232,20036,8230,11204,14534,1820,7237,16670,1828,4980,8987,5799,11563,2547,10415,2994,513,1956,7976,12306,14084,11770,1682,20893,20629,17616,10834,16616,16777,20879,17544,7424,8371,6772,16842,9174,6369,16538,6024,20969,5943,14256,1533,14830,7872,9638,5263,15321,6132,1761,18900,19228,9229,4358,12512,4078,6092,7033,20699,9116,12681,4270,18858,6731,17173,1570,1405,14252,18081,12777,13839,1391,11259,8973,14209,3711,20253,10626,14644,1782,13591,929,17941,17960,9469,18929,5560,6411,8190,14185,1030,11864,21179,12644,19362,19898,2064,18802,6760,5294,8714,5746,7067,18709,14782,7443,6113,21006,9563,15958,4067,5517,3778,10754,10291,4499,21343,1853,1100,17936,13430,10457,500,14902,189,19066,15924,15825,14826,11975,9581,10745,6554,18938,5318,4839,3184,12394,1057,4353,17391,20181,10020,11594,10459,15025,18088,13470,12698,3816,6412,13990,18147,19662,16575,11310,2790,18309,11631,8306,18274,10273,5878,17804,4730,3097,11016,16543,1216,881,1025,9580,15074,10220,7407,5814,16854,7778,8765,12764,21369,4122,12909,8217,21024,6297,9796,17350,12952,4986,15448,18325,4671,20440,8510,20165,10007,9666,9568,13346,19069,2446,12104,21353,18934,14608,19352,4149,567,11662,20571,3452}
local _l01IOlO8765={
{204,207,201,51,57,44,83,253},
{88,94,83,92,93,68,66,113},
{26,25,59,23,16,54,55,85},
{120,96,103,122,101,100,110,72},
{18,16,26,9,20,22,31,33},
{152,203,179,129,223,222,185,234},
{103,108,125,98,111,120,97,75},
{125,98,99,122,120,117,126,80},
{41,45,34,43,53,49,62,0},
{111,120,100,97,95,73,77,9},
{82,70,94,93,93,70,89,106},
{156,129,209,158,153,129,142,168},
{248,170,167,160,191,161,184,133},
{189,155,154,157,236,225,226,209},
{210,242,214,144,144,144,145,157},
{201,194,218,219,213,197,216,233},
{137,149,138,140,148,158,224,185},
{148,132,148,146,159,232,233,187},
{5,19,23,21,13,64,72,32},
{189,157,156,155,154,186,228,209},
{82,66,69,77,11,1,20,106},
{26,27,2,75,92,64,93,42},
{202,183,190,177,177,191,165,133},
{177,227,254,249,247,255,255,202},
{15,12,10,121,110,123,106,61},
{65,83,91,85,73,70,79,97},
{97,123,111,88,105,127,120,8},
{27,100,29,29,31,28,4,42},
{146,194,222,218,192,223,223,233},
{141,241,224,220,254,130,252,173},
{37,38,59,63,52,61,36,16},
{13,6,7,1,8,0,26,45},
{162,191,187,184,177,178,170,149},
{188,176,247,135,181,235,234,213},
{245,137,158,145,150,234,183,213},
{101,17,6,31,24,29,98,77},
{201,198,207,220,209,193,222,229},
{89,23,71,13,5,121,75,33},
{170,166,172,160,185,219,241,147},
{128,138,135,135,149,217,197,177},
{125,119,101,48,49,110,64,21},
{80,20,28,23,84,16,24,112},
{173,158,185,173,163,189,191,201},
{137,130,153,159,156,131,154,169},
{243,245,245,247,171,252,241,195},
{229,180,181,245,180,201,140,155},
{153,229,242,245,242,142,211,185},
{98,120,114,12,101,26,25,80},
{84,176,168,172,171,188,168,127},
{74,89,89,88,71,50,80,106},
{105,98,121,122,117,99,120,73},
{184,162,241,161,174,191,232,138},
{131,135,140,133,134,157,128,170},
{249,246,231,241,249,133,234,213},
{232,235,227,155,244,137,136,193},
{149,150,140,248,247,239,242,189},
{106,104,112,83,72,78,67,93},
{216,196,217,195,202,236,223,170},
{188,163,186,189,181,201,216,145},
{3,7,12,5,29,27,27,42},
{129,251,130,132,141,150,138,177},
{36,8,2,22,84,72,75,112},
{98,120,120,102,125,126,121,74},
{234,148,236,233,150,231,157,163},
{25,26,3,25,5,111,73,33},
{181,178,172,176,172,251,171,129},
{43,35,53,26,40,46,34,69},
{80,89,65,75,66,88,71,112},
{69,69,12,114,97,102,92,42},
{230,173,253,242,251,252,228,207},
{49,62,47,88,25,11,3,29},
{191,180,189,164,174,174,180,147},
{45,44,35,40,51,88,112,25},
{4,88,90,95,91,77,49,104},
{76,86,86,77,73,70,79,97},
{253,227,255,200,208,211,206,221},
{97,119,105,104,111,119,115,89},
{159,246,247,213,214,207,210,221},
{221,192,218,196,194,207,216,234},
{209,216,215,213,196,216,198,224},
{97,110,103,98,98,102,124,77},
{226,248,255,224,255,252,249,202},
{233,230,208,251,249,249,229,145},
{10,20,14,4,9,30,29,37},
{127,115,96,109,102,125,103,74},
{212,167,167,152,145,142,131,157},
{232,239,231,237,245,191,177,209},
{41,80,43,83,43,85,10,96},
{192,192,222,209,220,200,206,245},
{102,70,30,21,25,24,15,41},
{202,195,196,220,215,214,217,234},
{188,163,190,167,242,188,177,139},
{75,87,75,78,86,172,161,123},
{233,247,180,190,171,245,238,216},
{99,125,121,118,103,32,96,83},
{60,34,74,106,118,114,102,1},
{99,120,126,115,124,97,103,80},
{108,16,16,22,23,6,121,35},
{98,125,102,124,113,122,102,77},
{60,47,46,40,86,102,66,5},
{27,160,237,237,224,229,233,127},
{21,17,23,27,30,99,79,32},
{219,146,159,232,245,242,245,189},
{253,253,249,254,131,189,167,205},
{215,243,140,247,240,243,241,187},
{132,142,240,249,248,251,252,173},
{27,27,31,20,28,23,24,42},
{132,131,158,153,157,146,131,173},
{125,114,123,108,126,103,111,81},
{114,124,50,44,127,63,40,91},
{232,239,242,237,184,234,231,193},
{37,58,60,36,34,47,56,10},
{81,15,15,120,115,112,116,61},
{205,215,202,200,212,210,223,249},
{253,163,162,221,164,161,160,145},
{77,18,19,21,106,23,21,33},
{151,232,147,148,239,237,234,216},
{67,68,69,66,63,55,33,10},
{248,241,239,232,232,242,232,216},
{128,137,147,146,156,136,148,160},
{157,158,195,197,196,199,198,241},
{168,218,218,213,208,198,217,225},
{141,155,149,159,152,208,145,249},
{47,56,30,31,59,25,63,112},
{204,211,211,220,204,155,203,225},
{166,188,233,151,186,184,185,209},
{204,202,199,192,208,218,198,229},
{237,241,170,182,172,165,188,136},
{212,195,194,191,191,217,253,139},
{102,11,11,12,114,14,112,57},
{6,11,30,30,24,3,16,42},
{12,23,22,96,30,114,10,61},
{40,43,42,45,51,112,122,25},
{244,233,185,235,243,238,247,192},
{78,184,176,177,183,172,254,127},
{132,153,134,157,156,150,232,177},
{41,45,52,75,125,111,123,24},
{176,176,182,173,169,166,182,129},
{18,23,17,14,92,0,1,35},
{23,19,30,31,19,160,222,123},
{37,40,45,33,110,16,60,74},
{128,135,129,155,134,139,141,179},
{174,134,132,159,194,170,129,232},
{169,208,173,210,136,212,210,224},
{151,128,250,132,133,252,129,200},
{118,11,87,80,114,14,112,57},
{200,206,200,202,200,211,189,248},
{49,122,51,40,37,46,48,1},
{234,227,228,248,251,230,253,202},
{228,255,230,231,252,250,247,209},
{48,43,34,34,49,44,44,24},
{5,10,3,29,26,24,2,41},
{38,32,59,63,52,61,33,16},
{154,238,230,225,236,250,230,213},
{241,252,229,251,231,129,167,195},
{88,64,69,65,93,88,71,112},
{130,129,254,224,152,190,227,205},
{149,136,141,244,238,241,234,189},
{221,210,208,198,155,139,133,229},
{2,21,20,30,80,50,97,59},
{200,193,219,217,221,223,193,232},
{181,166,169,137,140,147,138,157},
{61,33,54,116,10,103,59,81},
{142,142,150,189,237,226,235,189},
{224,224,227,226,229,251,184,208},
{33,90,88,91,93,67,58,104},
{18,18,9,105,90,89,78,37},
{3,7,12,5,6,30,9,42},
{205,177,202,50,50,49,35,253},
{248,253,130,140,132,133,131,177},
{173,183,176,190,160,167,186,133},
{197,202,195,196,216,223,198,233},
{175,234,148,133,161,135,134,201},
{125,97,110,115,104,106,98,85},
{42,59,116,52,55,35,48,10},
{251,181,191,185,171,242,243,213},
{156,141,156,154,151,144,136,179},
{82,91,67,89,69,18,21,97},
{204,146,176,49,54,48,55,253},
{162,186,190,166,191,183,166,138},
{250,231,250,229,225,238,255,201},
{51,54,49,49,37,59,39,1},
{3,7,12,5,27,23,27,42},
{249,230,228,255,228,225,239,209},
{73,22,75,97,25,26,18,37},
{90,27,71,68,24,24,31,103},
{108,97,106,113,117,110,116,64},
{211,218,150,224,164,174,176,189},
{134,154,151,136,193,219,222,181},
{1,120,5,122,121,125,126,72},
{3,6,1,1,20,89,89,48},
{227,235,147,130,162,163,225,202},
{135,155,223,61,33,93,76,253},
{65,88,88,71,84,90,70,105},
{95,95,94,89,65,32,16,107},
{33,32,38,35,35,62,72,17},
{138,131,158,156,157,130,131,170},
{5,30,2,9,45,0,28,106},
{205,177,166,192,192,194,188,237},
{49,99,125,125,127,123,127,74},
{191,177,182,250,187,179,160,209},
{101,24,27,29,27,7,111,42},
{72,86,67,88,38,22,52,117},
{248,232,161,213,243,232,240,153},
{160,176,187,188,163,186,167,136},
{174,176,182,187,165,165,227,152},
{102,103,96,97,63,62,41,10},
{188,187,166,177,176,186,196,149},
{75,26,82,1,12,18,31,57},
{55,54,42,41,52,47,43,1},
{196,204,202,41,33,103,109,253},
{172,166,238,238,169,228,228,133},
{146,138,146,144,157,142,147,185},
{197,222,151,148,146,222,211,237},
{33,44,34,59,67,84,87,24},
{9,47,49,55,37,43,37,64},
{161,181,169,181,189,193,175,153},
{232,146,234,235,148,233,147,161},
{77,75,85,18,24,9,87,121},
{123,122,5,124,121,120,100,74},
{9,10,1,12,30,2,27,104},
{29,4,24,31,2,29,25,47},
{54,55,9,27,31,118,119,89},
{85,94,70,72,77,87,79,117},
{200,234,239,230,233,253,255,138},
{152,158,154,132,135,138,130,170},
{29,2,14,2,77,49,94,105},
{63,32,56,62,51,36,109,15},
{28,27,57,58,59,52,104,83},
{151,241,245,244,238,246,244,191},
{226,155,154,153,230,145,144,211},
{124,126,102,124,113,122,96,77},
{172,136,212,215,139,132,218,227},
{236,232,238,243,186,168,176,216},
{134,208,221,214,215,50,49,251},
{56,55,43,40,42,126,43,5},
{28,103,30,111,109,107,106,85},
{193,187,188,197,186,194,193,241},
{117,126,110,104,116,110,106,85},
{170,249,241,183,191,167,176,207},
{163,166,186,184,181,190,161,145},
{185,182,191,175,161,183,169,149},
{184,161,186,182,185,179,247,209},
{93,91,71,89,85,68,66,104},
{195,199,204,197,220,220,195,234},
{137,141,130,139,149,151,145,160},
{81,31,23,103,112,115,114,53},
{141,233,232,235,227,155,169,191},
{226,179,251,248,241,239,227,213},
{165,184,163,162,172,210,226,136},
{25,94,19,239,226,227,239,125},
{207,206,204,125,45,34,50,253},
{113,127,127,103,126,99,103,69},
{109,50,51,12,80,80,90,93},
{42,47,11,88,32,88,93,101},
{199,156,226,231,230,129,132,171},
{154,202,203,214,214,209,206,225},
{152,158,134,128,137,149,130,181},
{66,92,93,69,65,78,71,105},
{205,198,222,196,193,223,199,237},
{137,147,150,150,149,137,159,161},
{187,189,188,181,161,183,185,138},
{154,159,153,134,212,152,130,171},
{223,167,176,181,178,179,204,247},
{180,186,183,166,191,194,242,141},
{253,250,228,253,253,231,227,201},
{79,90,81,90,68,91,68,103},
{161,190,185,167,180,189,166,137},
{207,222,219,162,221,164,223,144},
{233,240,139,133,153,150,187,221},
{131,167,252,130,135,134,225,202},
{39,62,51,37,35,58,55,17},
{96,61,100,96,98,109,120,80},
{173,177,186,161,163,184,167,144},
{89,91,7,93,92,95,3,105},
{153,156,132,130,143,152,153,171},
{0,15,6,68,88,70,56,97},
{196,197,229,226,152,148,156,168},
{144,99,96,110,35,91,53,255},
{177,181,186,179,174,170,166,152},
{94,68,63,9,21,26,79,105},
{191,192,194,193,194,193,192,240},
{155,146,215,138,156,142,142,245},
{82,92,64,77,94,23,22,106},
{213,201,181,164,165,162,167,232},
{245,211,210,240,241,167,173,153},
{42,40,42,55,60,53,44,24},
{232,153,156,154,155,130,203,167},
{179,203,220,217,216,215,208,147},
{255,235,232,226,246,237,239,215},
{193,203,208,203,197,215,130,249},
{201,215,203,165,131,157,155,233},
{97,97,98,98,101,99,102,80},
{191,250,167,248,245,189,254,209},
{170,176,174,164,169,162,163,133},
{211,221,218,238,175,167,180,189},
{117,113,114,109,34,55,41,64},
{216,219,219,193,206,199,196,234},
{61,59,58,34,78,97,125,9},
{5,31,27,24,17,14,3,53},
{156,218,216,219,216,214,155,181},
{195,186,224,188,193,183,169,138},
{43,100,121,47,98,12,1,27},
{6,122,2,32,116,124,123,73},
{173,230,253,147,141,130,139,157},
{10,3,30,26,26,0,2,42},
{242,234,246,204,193,210,207,221},
{187,175,165,184,237,243,239,201},
{202,135,131,142,143,131,208,234},
{186,154,155,183,192,195,195,245},
{13,12,3,8,19,120,80,57},
{117,71,28,65,97,31,3,42},
{249,248,222,223,141,135,143,176},
{111,41,13,82,82,45,92,95},
{220,220,222,219,199,192,218,237},
{208,219,206,214,220,207,203,225},
{24,102,19,30,20,3,116,40},
{155,225,204,202,203,195,196,161},
{82,94,48,78,27,24,20,107},
{140,129,146,219,199,147,138,160},
{227,230,253,228,238,144,159,202},
{186,194,189,188,191,191,165,138},
{21,51,52,74,76,70,74,121},
{233,255,130,178,166,176,184,208},
{4,22,96,15,45,114,114,61},
{155,135,140,142,218,143,212,170},
{25,29,18,27,6,5,29,48},
{40,110,114,112,14,29,63,77},
{247,239,235,232,225,226,252,197},
{153,138,195,141,223,146,159,185},
{155,157,226,159,157,133,133,171},
{37,90,0,90,93,91,71,106},
{97,106,114,124,113,105,127,65},
{70,89,81,45,58,61,58,111},
{31,25,29,18,27,6,2,47},
{253,231,230,240,189,189,176,205},
{189,161,165,172,182,174,178,149},
{78,3,115,100,97,102,127,42},
{36,10,14,15,7,7,14,101},
{62,59,60,69,77,71,68,113},
{129,138,207,175,193,194,195,237},
{73,74,87,92,76,79,71,121},
{124,104,17,33,58,35,41,69},
{182,161,165,170,163,189,190,135},
{138,199,195,206,207,195,144,170},
{220,167,223,185,193,198,193,237},
{6,24,30,19,28,4,6,48},
{119,114,126,97,100,123,98,69},
{164,191,236,240,238,144,153,202},
{252,241,250,226,227,225,251,208},
{105,48,52,62,49,36,77,5},
{187,162,173,166,184,172,176,147},
{192,136,141,151,156,141,198,184},
{251,224,245,228,231,239,143,202},
{0,43,33,35,105,14,101,67},
{100,120,125,125,60,60,54,16},
{175,179,169,183,226,140,129,155},
{192,214,153,231,202,200,201,161},
{139,136,129,152,147,157,128,167},
{248,243,251,226,249,230,249,202},
{121,102,107,100,101,127,126,73},
{118,101,26,99,98,97,30,41},
{163,225,243,233,245,137,158,209},
{49,51,50,104,53,106,53,1},
{202,206,210,208,221,214,215,249},
{213,201,199,48,46,52,42,253},
{71,58,10,30,8,0,27,105},
{145,145,128,134,139,132,159,167},
{130,158,133,128,159,134,144,170},
{166,163,218,163,220,219,223,233},
{137,130,159,148,157,132,142,177},
{252,232,200,245,231,251,207,153},
{89,94,64,66,88,94,83,109},
{148,218,150,158,150,138,209,243},
{102,74,78,75,66,16,104,37},
{233,149,146,228,233,237,232,217},
{157,145,130,222,199,212,217,243},
{120,100,98,113,117,122,115,85},
{21,105,110,25,102,27,30,37},
{159,218,164,205,180,206,206,249},
{172,173,251,241,253,243,232,192},
{198,196,137,245,154,227,156,167},
{116,105,115,122,75,82,64,27},
{216,158,130,224,158,141,175,189},
{196,194,207,216,196,195,222,237},
{207,217,254,204,202,198,197,170},
{51,43,47,36,53,126,98,1},
{149,150,139,241,232,239,242,189},
{74,92,94,78,4,114,103,40},
{18,4,24,4,2,15,24,42},
{193,223,177,156,134,155,147,240},
{219,197,130,136,153,199,216,234},
{238,196,152,198,146,148,152,167},
{152,195,179,164,130,166,185,234},
{16,19,27,80,82,93,94,57},
{181,166,172,184,153,173,169,199},
{122,124,102,107,100,101,127,72},
{119,110,53,91,114,106,119,25},
{1,28,29,4,2,15,24,42},
{248,227,226,228,228,250,239,208},
{166,187,191,180,189,163,167,145},
{124,122,119,112,104,108,110,85},
{1,21,13,21,17,30,23,57},
{255,188,182,163,253,137,158,209},
{236,244,172,189,180,170,247,217},
{227,248,245,254,227,239,238,211},
{152,159,135,156,159,158,153,170},
{66,89,88,88,66,79,88,106},
{136,129,152,154,157,157,129,168},
{97,123,122,125,100,99,126,73},
{27,25,25,25,1,25,25,42},
{53,107,55,19,106,104,107,89},
{251,167,160,255,252,254,229,202},
{107,117,122,115,111,106,108,88},
{213,169,174,219,217,211,217,229},
{117,126,102,97,108,119,109,85},
{40,45,50,49,44,55,51,25},
{88,83,92,90,78,82,80,106},
{129,152,158,147,132,205,208,176},
{169,170,170,211,172,172,170,153},
{53,58,51,47,47,51,39,25},
{131,152,158,154,130,130,129,171},
{184,200,182,181,195,205,196,247},
{0,11,31,1,26,30,21,107},
{64,94,94,88,38,51,23,117},
{126,117,120,110,126,67,109,23},
{85,73,73,175,179,171,170,125},
{210,196,199,210,135,156,144,239},
{159,149,136,141,223,61,33,251},
{57,50,42,41,44,44,48,25},
{148,202,204,207,207,211,174,248},
{65,30,31,121,126,1,3,45},
{19,239,226,227,239,164,218,127},
{109,98,117,12,60,58,59,89},
{253,239,231,151,165,251,167,197},
{91,30,96,113,112,46,10,61},
{85,71,73,176,174,183,170,125},
{1,0,26,6,28,70,97,56},
{178,207,176,79,78,51,74,253},
{184,161,188,184,184,185,189,139},
{2,31,29,31,3,30,7,42},
{109,17,0,96,96,98,26,77},
{201,201,199,221,160,144,142,240},
{129,144,148,136,133,151,145,161},
{91,66,69,65,78,71,65,106},
{125,101,106,99,124,102,126,72},
{197,138,136,139,136,134,203,229},
{84,3,83,160,169,179,177,125},
{136,130,146,145,140,151,147,185},
{127,72,73,83,83,85,76,95},
{171,132,185,183,174,189,171,211},
{117,127,118,58,52,74,38,16},
{107,125,99,100,98,37,39,8},
{44,57,61,51,34,32,45,7},
{49,50,51,61,37,81,63,9},
{69,58,57,61,62,33,118,10},
{31,1,23,25,29,18,27,45},
{204,200,214,219,212,197,204,248},
{232,249,178,170,170,225,238,200},
{215,210,201,188,140,146,159,229},
{193,194,196,204,199,194,215,241},
{20,23,30,5,29,19,2,37},
{204,193,202,212,213,200,208,224},
{42,120,49,126,32,33,99,10},
{186,230,231,248,227,251,254,205},
{174,164,169,162,185,186,181,135},
{89,66,64,77,94,23,71,106},
{100,105,98,99,123,126,103,72},
{195,199,204,197,198,222,197,234},
{83,87,91,75,92,26,94,53},
{176,187,187,162,221,239,253,137},
{34,36,38,47,37,32,36,19},
{13,31,24,3,29,18,27,45},
{180,175,190,194,194,196,188,239},
{72,86,40,49,73,53,50,117},
{252,237,179,195,212,209,214,153},
{64,54,35,36,37,34,95,104},
{79,88,34,127,120,36,122,16},
{74,86,76,50,33,95,57,106},
{127,72,80,91,81,84,74,95},
{169,166,183,240,189,186,167,133},
{116,113,112,102,10,37,57,69},
{36,41,34,58,59,52,35,8},
{23,18,14,22,12,10,7,33},
{151,249,131,130,160,161,250,200},
{195,204,213,205,215,193,192,227},
{38,62,38,58,56,53,38,16},
{152,153,130,152,133,156,154,176},
{106,122,123,124,98,101,109,71},
{238,238,244,242,255,200,216,219},
{201,194,217,216,198,223,221,233},
{200,218,195,192,192,220,223,240},
{195,199,204,197,221,196,193,234},
{72,78,67,84,29,85,94,97},
{244,214,213,210,168,171,169,152},
{92,66,24,25,69,10,8,97},
{186,230,144,153,158,155,156,205},
{40,96,108,43,98,98,122,8},
{101,102,121,62,43,53,54,85},
{178,164,180,164,162,175,184,138},
{75,3,46,46,44,54,118,63},
{51,60,61,39,36,42,48,19},
{141,141,128,133,137,198,184,225},
{65,68,92,66,92,90,87,113},
{123,107,45,35,42,111,15,74},
{180,175,171,168,161,162,186,133},
{59,106,42,34,41,110,16,73},
{55,43,60,45,107,97,116,10},
{27,5,30,2,9,58,29,105},
{127,125,123,83,121,123,127,13},
{134,157,157,135,131,144,153,171},
{85,75,76,74,5,27,7,33},
{211,220,196,199,199,200,214,243},
{80,73,86,91,84,78,85,120},
{7,25,29,4,83,3,16,42},
{101,98,99,28,22,30,3,42},
{224,229,226,227,156,150,158,169},
{123,32,33,127,35,31,102,75},
{34,84,69,66,71,64,33,10},
{116,9,118,7,112,122,126,69},
{164,165,162,223,215,193,194,235},
{128,152,146,218,210,149,233,176},
{73,4,22,10,6,18,14,97},
{130,255,249,254,253,240,176,203},
{52,54,53,48,41,102,100,5},
{159,156,150,151,129,222,145,241},
{156,153,230,224,232,233,239,213},
{50,48,46,36,41,34,35,5},
{58,26,62,49,21,22,66,117},
{152,130,158,152,230,139,242,181},
{136,164,128,131,242,244,245,199},
{101,110,111,122,96,103,122,69},
{15,77,95,189,161,221,202,125},
{108,119,122,114,114,119,123,25},
{195,223,210,211,223,148,234,175},
{210,250,242,230,244,245,227,145},
{185,175,210,226,246,224,232,128},
{102,111,115,113,41,55,43,5},
{58,115,52,60,34,47,32,10},
{28,22,25,25,29,18,27,45},
{207,223,220,180,164,176,227,189},
{197,199,184,201,203,207,207,245},
{72,87,83,72,85,84,83,96},
{56,62,52,60,32,91,117,10},
{161,234,162,184,181,166,239,145},
{209,204,205,133,132,142,240,169},
{213,204,207,55,44,49,49,253},
{183,177,186,173,198,228,229,128},
{116,98,111,120,96,99,102,77},
{224,246,234,248,144,180,168,213},
{204,182,182,187,189,189,188,133},
{9,11,15,18,16,29,22,56},
{115,105,113,117,108,106,103,65},
{227,250,227,231,228,252,250,208},
{168,162,234,226,165,232,232,129},
{37,59,39,65,103,121,127,5},
{123,122,101,97,110,127,124,74},
{28,2,0,13,28,28,7,42},
{56,64,58,103,60,68,60,8},
{59,34,113,33,46,62,41,10},
{61,79,32,10,8,9,4,96},
{8,42,47,38,41,61,63,74},
{184,190,179,188,167,162,160,145},
{136,140,148,132,148,146,159,185},
{18,29,30,236,161,221,202,125},
{103,108,125,98,111,120,96,75},
{112,121,107,124,103,124,118,80},
{78,65,76,66,65,72,79,120},
{119,112,113,114,46,17,24,27},
{146,150,157,218,164,181,180,247},
{69,89,70,72,80,86,91,117},
{152,158,147,156,132,129,133,177},
{93,82,91,70,71,93,69,113},
{28,18,17,16,26,23,16,42},
{161,183,224,254,238,242,190,152},
{34,39,58,57,36,63,59,17},
{58,59,61,66,63,61,37,10},
{173,179,179,163,184,185,184,133},
{74,122,123,41,41,118,84,21},
{101,28,30,24,22,1,114,42},
{11,21,23,23,14,5,24,35},
{41,39,45,100,55,35,51,65},
{149,154,138,140,138,146,159,185},
{190,166,180,164,162,175,184,138},
{186,167,172,189,246,183,188,138},
{177,238,179,188,178,174,216,129},
{217,235,247,228,210,253,255,141},
{16,26,21,18,29,97,83,57},
{112,102,118,112,53,98,127,17},
{212,207,206,200,148,195,203,229},
{222,139,145,141,241,230,249,170},
{126,19,108,72,21,74,110,33},
{59,56,63,53,55,33,82,10},
{203,192,237,247,219,209,222,179},
{192,193,218,192,220,196,192,232},
{103,109,88,120,116,98,106,9},
{132,134,137,138,128,205,177,232},
{87,75,47,2,2,0,2,106},
{216,221,221,221,223,206,210,233},
{161,174,186,169,160,179,183,149},
{36,37,60,41,33,35,50,21},
{32,1,26,3,20,48,6,109},
{125,125,97,39,53,43,55,17},
{241,239,227,245,240,239,246,217},
{90,69,68,89,91,64,73,106},
{127,125,119,96,127,8,26,77},
{3,6,29,4,2,15,24,42},
{56,33,62,53,36,34,47,9},
{82,80,93,86,72,177,170,123},
{29,7,1,24,25,0,26,45},
{30,78,84,67,91,89,93,101},
{197,194,195,189,186,188,162,138},
{241,243,242,141,138,246,242,193},
{16,242,161,240,230,245,240,127},
{36,34,47,32,61,50,59,13},
{168,162,220,180,233,183,182,129},
{84,83,40,45,40,25,15,27},
{77,107,79,20,20,22,23,33},
{117,27,99,29,103,30,6,42},
{32,39,35,36,59,112,101,17},
{13,82,83,85,42,87,85,97},
{136,40,49,46,35,44,52,255},
{132,130,158,148,153,138,195,181},
{233,243,241,233,246,239,235,193},
{56,59,35,58,39,35,48,10},
{6,91,37,95,93,89,73,106},
{8,6,26,29,28,22,104,49},
{87,86,89,93,78,27,24,106},
{162,185,167,188,184,184,185,138},
{16,5,20,10,16,10,15,117},
{91,36,92,92,94,95,71,106},
{189,167,163,176,160,162,186,141},
{31,26,1,29,31,4,83,40},
{164,162,175,184,169,163,163,141},
{47,106,20,3,125,127,127,73},
{134,159,154,137,144,150,155,181},
{34,56,57,60,35,62,32,10},
{111,80,79,4,17,11,8,95},
{53,45,46,20,12,19,23,29},
{92,69,63,4,20,10,80,106},
{89,94,71,95,91,86,72,106},
{86,84,95,85,72,19,114,56},
{63,54,54,44,117,107,119,81},
{175,243,242,240,254,232,165,195},
{208,246,247,172,172,174,167,153},
{47,41,54,9,1,125,79,29},
{189,191,163,252,224,254,247,217},
{146,136,150,236,225,234,242,189},
{18,16,21,15,4,13,14,32},
{58,56,53,62,32,51,43,19},
{29,67,67,24,68,79,64,113},
{90,34,93,90,88,92,94,106},
{78,87,77,64,102,73,75,33},
{40,57,114,104,60,33,46,8},
{33,32,35,34,58,123,115,16},
{142,151,145,145,128,134,139,165},
{117,122,115,109,110,109,116,89},
{57,35,36,36,56,39,46,17},
{194,218,220,217,197,219,217,234},
{255,252,241,250,251,230,228,207},
{221,199,204,221,150,137,194,234},
{100,97,30,127,5,4,11,45},
{239,144,154,146,151,145,142,160},
{233,232,231,212,207,164,140,221},
{34,18,54,236,177,179,179,125},
{214,145,144,145,144,156,156,159},
{144,220,217,199,204,197,198,232},
{37,115,121,117,123,96,12,73},
{44,45,55,60,45,102,126,25},
{251,239,229,248,173,179,175,137},
{185,160,166,163,184,167,165,145},
{72,0,12,75,2,2,26,104},
{51,60,36,38,39,45,54,19},
{69,94,69,65,78,71,88,106},
{32,47,34,52,40,61,39,67},
{12,18,108,125,122,127,120,49},
{152,137,215,48,45,34,51,253},
{156,155,135,158,159,134,156,170},
{32,39,58,37,33,46,63,9},
{238,236,163,185,165,217,200,129},
{97,29,10,117,41,119,8,65},
{120,126,101,97,110,103,97,74},
{142,140,195,187,212,215,168,225},
{163,169,170,160,184,181,190,144},
{130,253,252,135,255,225,158,203},
{138,202,194,201,142,220,201,170},
{132,251,205,223,203,193,196,170},
{69,78,80,91,81,69,82,101},
{89,83,80,80,77,29,82,97},
{59,68,61,56,62,63,62,10},
{3,123,5,2,127,0,100,74},
{223,216,199,217,222,223,199,232},
{141,244,236,247,247,237,233,191},
{208,218,164,205,205,183,176,249},
{13,14,81,81,93,87,73,97},
{23,28,21,13,8,120,108,59},
{147,222,136,194,207,216,201,235},
{194,192,192,199,217,168,150,243},
{184,167,190,180,185,178,175,149},
{232,227,255,202,226,252,204,137},
{26,83,25,28,2,15,24,42},
{116,101,120,102,120,126,115,77},
{249,252,227,250,248,245,254,208},
{90,79,54,71,56,102,58,5},
{59,59,38,43,62,62,61,8},
{226,227,254,228,227,254,249,202},
{218,162,165,164,222,223,198,234},
{216,214,215,223,216,200,149,183},
{185,191,166,188,184,185,189,139},
{68,66,68,66,91,38,22,113},
{87,83,83,89,71,4,14,101},
{89,35,95,85,93,90,68,105},
{161,171,168,168,181,229,183,153},
{160,164,167,161,176,186,242,149},
{177,182,168,185,185,163,167,133},
{186,194,190,185,183,189,176,138},
{104,74,79,70,73,93,95,42},
{9,23,16,15,22,22,14,33},
{248,254,243,252,253,224,224,209},
{90,19,95,93,66,79,64,106},
{76,75,86,65,69,74,67,101},
{208,214,219,204,133,198,155,249},
{97,97,97,103,121,54,60,83},
{68,72,89,70,67,92,90,112},
{32,126,127,38,39,39,34,17},
{182,188,190,177,187,162,247,209},
{155,152,130,238,193,221,222,170},
{56,59,51,75,92,95,88,17},
{254,253,130,132,129,133,134,177},
{159,137,155,159,148,157,133,176},
{137,136,138,146,159,232,240,187},
{108,112,11,5,25,22,48,93},
{201,197,204,196,223,140,144,167},
{151,136,153,206,211,217,211,183},
{173,174,181,189,160,167,186,133},
{115,64,81,26,2,5,73,95},
{69,94,69,65,78,71,65,106},
{166,191,189,165,184,190,179,141},
{209,205,200,215,206,196,201,227},
{235,235,226,236,231,152,182,217},
{156,155,143,141,145,237,223,173},
{9,36,34,35,43,44,36,74},
{247,235,147,130,254,134,224,202},
{220,133,138,192,133,193,193,168},
{177,172,229,246,234,235,213,129},
{147,132,159,132,130,143,152,170},
{88,66,69,77,49,38,57,106},
{13,2,27,1,29,97,15,57},
{249,253,242,251,230,227,228,208},
{149,132,160,253,254,254,159,202},
{125,115,115,99,126,103,99,73},
{201,200,194,134,138,129,198,224},
{201,198,215,144,136,140,199,229},
{252,224,231,250,229,225,238,200},
{2,72,84,74,52,35,1,103},
{66,87,19,107,89,121,120,49},
{208,207,202,215,211,32,53,251},
{153,156,150,233,199,220,211,170},
{91,91,67,92,94,70,92,106},
{221,203,213,193,197,202,219,229},
{3,5,21,97,15,15,112,59},
{27,31,25,4,3,30,25,42},
{97,101,106,99,126,123,126,72},
{250,226,225,252,231,230,249,202},
{178,179,189,162,183,166,188,138},
{100,31,103,105,108,111,110,85},
{20,26,4,6,1,27,31,45},
{135,135,202,214,204,178,161,232},
{42,63,56,49,54,75,67,117},
{71,65,65,66,90,89,68,111},
{229,234,251,180,251,247,227,201},
{72,54,35,36,0,93,94,104},
{3,16,110,123,3,123,124,47},
{80,88,83,84,87,40,6,105},
{72,26,23,16,17,8,11,53},
{67,84,73,70,87,65,73,99},
{71,93,68,75,80,86,91,117},
{45,39,62,107,113,109,17,72},
{22,96,40,36,99,27,12,63},
{93,86,78,171,185,183,170,125},
{143,145,196,150,155,141,142,183},
{82,80,93,86,78,181,170,123},
{104,109,18,28,20,21,19,33},
{61,38,63,34,32,45,38,8},
{224,230,235,228,229,255,253,201},
{22,21,55,109,109,17,111,89},
{212,214,206,196,201,194,195,229},
{21,4,124,124,126,6,98,74},
{1,4,27,2,0,13,6,40},
{7,28,20,4,2,15,24,42},
{220,167,160,160,168,163,181,149},
{163,184,184,179,165,161,174,136},
{177,190,183,151,152,137,144,157},
{91,66,69,68,78,48,65,106},
{146,239,144,212,215,218,215,221},
{16,80,90,66,69,77,49,104},
{95,85,29,87,93,87,69,49},
{187,162,160,173,166,190,187,138},
{219,222,210,199,220,199,198,233},
{204,202,199,192,223,218,192,229},
{122,99,103,108,96,102,118,73},
{113,111,110,116,10,25,103,81},
{45,102,122,66,13,2,11,29},
{156,157,133,128,159,134,156,170},
{16,17,14,10,21,16,15,56},
{110,78,106,107,73,22,19,33},
{119,119,50,50,60,66,46,24},
{230,235,252,181,170,250,252,202},
{20,18,31,121,113,110,99,61},
{246,232,187,195,212,209,214,153},
{193,194,194,187,196,196,194,241},
{171,249,128,249,252,255,255,199},
{109,122,124,124,113,102,103,77},
{241,254,247,209,215,214,206,221},
{113,117,122,107,36,110,106,88},
{227,226,226,250,129,179,175,209},
{59,73,65,61,82,85,44,95},
{119,39,44,37,56,36,36,10},
{108,72,51,50,75,50,52,0},
{176,191,157,158,194,187,188,239},
{118,97,101,106,99,100,127,71},
{248,254,243,252,237,230,252,209},
{253,250,238,179,250,232,240,152},
{150,169,141,209,219,210,208,223},
{98,110,100,104,118,64,4,91},
{210,212,170,222,213,217,208,227},
{248,254,243,252,253,226,238,209},
{115,122,122,88,1,31,3,29},
{235,246,251,244,239,234,234,217},
{149,143,141,241,241,237,246,189},
{252,248,245,251,224,175,210,144},
{154,110,33,93,111,104,105,255},
{44,46,40,16,13,2,119,29},
{109,110,118,121,125,99,102,69},
{7,53,106,55,48,18,17,88},
{59,62,62,32,59,56,57,10},
{61,56,57,60,34,68,96,8},
{224,235,149,182,160,134,179,208},
{64,65,64,76,76,88,36,113},
{230,234,255,254,166,208,217,138},
{57,39,32,62,121,38,127,77},
{130,162,128,224,152,157,226,205},
{10,4,73,73,68,73,69,35},
{11,8,18,16,29,22,14,57},
{133,155,150,155,131,138,154,173},
{181,162,163,129,222,223,192,234},
{99,26,99,20,29,23,9,42},
{95,87,68,28,29,6,28,49},
{119,110,99,108,116,114,117,65},
{232,234,235,236,229,230,235,217},
{86,83,119,112,40,40,46,25},
{254,206,146,148,149,151,203,161},
{133,250,249,253,254,225,190,202},
{136,141,243,168,169,170,246,193},
{158,154,130,195,203,216,152,170},
{11,26,79,47,56,61,31,109},
{144,206,146,144,145,149,151,161},
{119,7,33,38,62,57,54,77},
{209,223,154,196,201,194,221,229},
{34,59,33,52,5,32,50,77},
{172,132,132,151,196,186,214,224},
{245,186,196,211,241,242,214,153},
{134,134,141,202,133,131,153,231},
{80,105,90,93,84,88,94,53},
{33,32,47,35,61,62,37,8},
{135,134,137,155,158,133,156,175},
{45,118,112,116,124,102,43,65},
{237,230,246,231,252,225,235,205},
{43,45,50,96,52,44,44,24},
{160,163,255,167,160,167,167,145},
{49,62,55,21,16,18,12,29},
{101,98,29,31,31,24,30,42},
{17,30,23,113,116,115,104,61},
{224,253,242,227,172,226,226,208},
{231,247,237,231,241,239,232,129},
{96,97,99,28,101,103,99,80},
{94,67,71,76,69,70,94,105},
{134,149,235,237,237,151,237,217},
{34,43,121,103,123,3,108,87},
{101,123,124,98,49,97,110,72},
{172,166,174,147,149,138,216,157},
{123,103,108,125,96,103,97,74},
{43,82,98,112,125,42,54,5},
{227,228,226,173,209,191,161,138},
{87,85,85,73,15,29,3,56},
{208,171,211,209,211,222,222,225},
{193,207,198,215,206,211,215,245},
{33,46,63,104,40,34,58,13},
{45,81,70,32,94,91,34,13},
{65,65,66,65,76,65,64,112},
{180,175,170,185,160,163,162,133},
{3,7,12,5,27,24,29,42},
{253,242,251,230,237,230,250,209},
{176,167,217,226,246,232,174,136},
{32,33,126,127,120,37,39,16},
{143,165,165,184,227,137,160,201},
{189,165,254,236,234,167,207,138},
{146,137,223,193,206,199,194,234},
{211,197,186,132,157,134,146,234},
{213,205,201,198,214,223,209,227},
{83,43,44,87,40,89,92,99},
{57,60,35,58,61,53,73,16},
{195,251,230,255,227,241,246,147},
{162,167,131,193,190,194,202,237},
{201,198,204,56,60,101,102,253},
{202,153,229,252,156,226,210,184},
{187,179,165,161,174,167,165,138},
{132,140,145,193,147,141,136,183},
{45,12,34,62,62,58,12,73},
{126,97,101,106,123,52,41,71},
{60,33,59,34,119,55,43,83},
{104,103,105,45,107,97,116,10},
{141,134,155,129,154,131,129,173},
{185,182,191,176,168,173,174,149},
{156,157,132,132,131,155,159,173},
{225,228,226,254,227,229,255,208},
{95,168,178,181,187,171,183,127},
{157,131,159,137,175,177,183,189},
{117,106,17,35,63,60,105,67},
{242,242,250,245,238,187,184,202},
{190,243,188,254,255,161,167,205},
{173,188,187,169,189,178,162,141},
{211,219,193,220,222,217,217,234},
{42,12,1,10,17,22,23,31},
{114,112,126,126,101,106,20,69},
{45,45,43,40,61,65,115,25},
{238,149,233,166,164,175,172,199},
{90,93,84,77,1,29,80,106},
{60,24,69,70,70,55,72,115},
{60,39,35,48,57,32,32,13},
{220,199,171,133,133,128,143,232},
{237,255,244,229,240,227,231,197},
{81,26,91,92,73,70,79,97},
{51,57,51,126,51,15,2,91},
{92,93,67,91,71,67,80,106},
{183,165,185,197,212,240,173,151},
{107,118,112,112,110,101,120,67},
{192,222,192,218,216,213,222,240},
{161,246,235,225,235,166,216,129},
{50,48,57,118,0,41,46,91},
{42,66,98,126,122,110,126,10},
{100,127,119,7,16,54,106,85},
{5,15,12,116,105,57,113,61},
{144,142,240,249,129,253,250,173},
{197,203,193,144,238,130,223,173},
{125,121,122,101,42,63,33,72},
{234,246,251,237,233,230,239,193},
{145,149,154,147,141,136,149,184},
{198,203,196,222,222,196,193,234},
{218,199,204,221,150,140,220,234},
{189,187,188,162,185,166,188,138},
{72,88,94,83,92,71,71,112},
{38,36,110,104,103,100,107,69},
{97,99,103,98,123,108,127,80},
{172,142,139,140,247,244,241,192},
{96,108,96,97,43,104,98,1},
{133,136,141,129,206,176,156,234},
{166,164,175,172,162,239,143,202},
{197,154,131,154,157,135,143,177},
{44,87,45,25,24,26,13,29},
{134,155,128,132,140,191,153,231},
{6,11,28,85,74,22,28,42},
{245,137,152,151,181,234,148,213},
{153,142,158,164,128,159,133,234},
{133,166,138,132,144,216,186,241},
{229,237,235,247,226,237,244,215},
{11,7,76,50,33,32,63,106},
{62,35,37,37,36,52,116,15},
{9,22,17,9,20,31,14,33},
{156,156,209,129,142,158,132,170},
{226,231,173,234,224,241,175,129},
{40,54,72,81,86,83,84,21},
{128,158,224,137,241,141,138,189},
{246,183,242,209,200,199,209,221},
{237,176,180,178,182,168,195,129},
{71,12,113,81,87,94,125,53},
{104,108,100,42,102,110,102,1},
{82,80,73,60,12,18,31,101},
{255,128,253,135,130,141,130,176},
{124,88,93,92,37,39,36,16},
{33,46,63,104,37,43,63,13},
{226,248,254,243,252,253,224,208},
{204,210,210,220,152,144,155,249},
{191,191,188,162,183,166,188,138},
{84,112,115,87,80,4,12,56},
{254,171,177,173,209,227,252,138},
{5,6,22,109,112,107,62,61},
{130,131,154,132,131,158,153,170},
{70,76,64,95,88,12,16,39},
{86,88,91,92,92,91,67,103},
{73,74,86,79,78,182,168,123},
{201,194,211,199,220,222,198,233},
{140,146,236,253,217,255,135,177},
{42,70,56,73,54,22,75,117},
{200,194,203,255,215,228,218,173},
{116,126,58,14,5,66,60,93},
{65,66,30,2,8,6,29,45},
{23,14,17,10,8,5,14,32},
{74,50,63,57,58,35,43,5},
{156,150,158,131,133,154,200,173},
{9,12,19,10,8,5,22,32},
{241,245,250,233,238,239,242,216},
{119,102,99,71,28,98,103,40},
{201,163,133,159,153,143,129,233},
{232,148,154,145,145,136,247,161},
{59,66,52,59,56,58,48,10},
{127,125,103,52,74,95,94,17},
{186,164,180,164,167,163,176,138},
{115,0,71,87,77,71,81,31},
{86,118,43,44,45,87,80,25},
{232,230,171,211,225,226,191,137},
{173,178,222,255,241,214,192,155},
{25,18,0,21,29,7,82,41},
{197,185,139,167,133,163,162,229},
{169,168,171,163,219,204,201,128},
{87,80,77,78,74,83,78,119},
{9,6,4,92,9,78,68,37},
{221,150,221,146,221,210,195,237},
{226,155,228,228,226,236,232,211},
{3,7,7,5,27,88,82,49},
{0,4,7,7,12,27,98,48},
{37,54,127,49,63,38,43,5},
{140,135,142,224,181,170,166,189},
{248,134,235,148,147,148,238,216},
{83,84,93,73,80,65,64,99},
{180,148,136,139,131,251,236,159},
{84,85,10,10,13,12,15,56},
{120,126,115,124,100,111,96,81},
{156,153,230,224,232,233,239,213},
{197,212,200,214,190,150,138,243},
{93,82,67,12,66,18,94,113},
{165,170,163,164,186,191,166,137},
{55,39,33,38,61,71,124,15},
{253,242,235,224,249,246,238,209},
{220,194,192,205,198,220,193,234},
{107,103,44,82,62,70,33,10},
{166,191,209,252,230,251,243,144},
{49,62,47,88,25,71,15,29},
{207,166,167,184,163,167,165,141},
{51,0,17,14,3,12,17,31},
{110,112,11,18,0,12,16,93},
{140,128,147,151,156,149,137,184},
{107,111,123,57,49,45,58,89},
{129,129,140,145,157,210,172,237},
{95,109,50,111,75,53,53,0},
{28,17,26,27,12,4,31,48},
{250,179,249,244,231,239,164,202},
{207,219,209,163,184,226,254,189},
{245,228,229,193,194,195,129,170},
{13,72,78,92,66,87,31,45},
{104,110,99,108,116,119,114,65},
{90,68,23,103,85,117,114,53},
{6,11,10,19,22,13,20,55},
{214,170,147,143,220,192,222,248},
{73,18,14,20,29,4,28,49},
{234,202,151,152,152,229,154,165},
{67,71,76,89,91,67,80,106},
{225,155,227,157,154,231,152,209},
{11,10,11,19,5,23,22,57},
{166,171,164,188,189,190,187,138},
{121,107,121,105,99,109,118,9},
{182,191,162,187,189,165,161,135},
{221,199,192,218,137,217,214,240},
{40,117,83,43,44,36,46,24},
{243,253,227,249,231,227,240,202},
{83,77,90,77,73,70,79,97},
{203,144,197,198,199,49,41,251},
{218,223,210,198,221,223,220,232},
{156,130,143,191,146,146,144,249},
{49,47,51,75,90,122,39,17},
{128,134,139,132,133,159,152,169},
{112,114,117,121,20,41,39,64},
{177,249,251,229,237,145,163,201},
{113,58,117,34,105,102,111,65},
{211,220,221,199,207,207,208,243},
{138,136,148,244,249,235,190,189},
{31,2,5,13,113,102,121,42},
{57,58,55,51,43,101,107,1},
{240,174,175,139,245,137,242,193},
{141,151,147,156,134,147,130,165},
{221,210,192,217,219,199,195,233},
{28,17,26,27,6,5,1,48},
{124,100,101,125,121,118,127,81},
{60,12,18,31,63,4,20,104},
{75,79,66,81,74,73,86,121},
{182,161,165,170,163,190,184,135},
{4,9,2,25,27,21,3,40},
{8,9,2,17,8,8,22,57},
{42,57,32,35,39,44,82,7},
{157,158,143,140,144,151,138,181},
{76,11,115,98,30,30,0,42},
{11,2,71,6,6,30,75,101},
{196,213,241,174,175,144,145,155},
{249,248,227,231,236,253,182,200},
{30,23,2,7,7,27,31,45},
{202,198,196,217,220,192,195,234},
{68,65,79,73,64,84,56,117},
{230,223,205,221,153,135,155,181},
{130,153,154,157,129,158,128,170},
{212,210,223,40,54,52,51,253},
{17,77,107,18,107,21,74,32},
{217,223,223,220,209,173,186,237},
{164,223,160,193,196,194,195,237},
{2,17,100,26,87,83,94,55},
{101,122,123,98,96,109,102,72},
{44,41,54,12,1,10,16,29},
{152,133,156,133,129,142,159,169},
{137,137,147,151,156,149,140,184},
{182,195,211,245,248,248,230,152},
{116,124,119,52,124,112,55,17},
{90,7,94,90,88,92,94,106},
{104,111,114,33,113,126,119,89},
{23,11,115,98,97,30,0,42},
{125,7,35,60,24,99,107,77},
{120,88,105,124,123,106,126,10},
{91,36,88,88,94,95,94,106},
{18,4,12,23,68,88,70,96},
{44,25,13,0,11,79,28,106},
{67,59,67,68,63,64,33,10},
{235,224,226,235,136,151,232,211},
{251,250,226,236,146,135,254,201},
{211,212,208,222,199,186,138,229},
{145,183,183,174,251,225,253,215},
{204,217,192,209,208,218,213,245},
{241,197,193,207,210,219,137,163},
{69,27,26,29,98,24,23,41},
{88,38,94,95,93,89,70,104},
{43,101,48,38,63,59,32,11},
{41,118,42,44,84,47,46,25},
{201,210,200,212,204,202,199,225},
{152,144,140,224,203,215,200,160},
{182,163,162,221,129,130,221,233},
{166,174,236,146,255,128,159,202},
{137,145,145,49,33,109,113,253},
{95,93,64,77,94,23,19,106},
{176,182,178,181,214,197,186,133},
{119,105,114,116,114,111,107,65},
{253,224,230,235,228,252,248,200},
{228,192,193,194,195,129,128,171},
{161,207,233,241,239,136,136,155},
{240,220,248,130,250,133,250,175},
{55,60,53,47,45,25,10,27},
{72,74,67,78,79,73,81,121},
{131,191,157,187,186,152,153,239},
{93,90,93,82,66,61,15,104},
{254,234,250,210,143,234,214,157},
{93,94,95,65,68,75,68,109},
{42,51,44,9,8,2,124,29},
{207,196,205,215,209,209,196,227},
{217,221,210,195,140,150,192,240},
{150,209,216,208,213,202,191,223},
{219,195,199,204,221,150,223,233},
{153,146,141,133,144,140,138,185},
{48,56,35,38,61,36,34,8},
{48,1,19,6,67,16,13,95},
{139,136,195,208,193,138,149,237},
{113,119,110,100,105,98,125,69},
{63,34,47,56,39,43,62,13},
{228,233,248,250,245,225,238,200},
{198,203,221,212,220,195,208,234},
{224,230,235,228,254,255,228,201},
{70,30,28,31,30,1,114,42},
{219,220,193,213,223,198,220,234},
{236,255,170,244,249,234,163,213},
{174,239,144,150,150,149,139,159},
{20,19,14,105,109,98,115,61},
{39,44,61,118,58,38,61,11},
{38,32,40,41,47,52,102,23},
{25,18,15,14,14,19,13,57},
{190,233,160,173,190,247,165,138},
{76,65,74,75,85,86,86,96},
{66,16,68,88,69,93,64,106},
{130,140,242,225,230,129,248,171},
{223,195,129,147,137,149,233,176},
{135,219,148,136,137,202,194,167},
{72,94,68,90,88,85,94,112},
{213,194,224,225,193,227,217,138},
{22,106,18,48,49,108,108,89},
{182,185,198,188,179,186,180,135},
{192,200,210,209,204,215,211,249},
{35,34,44,82,65,63,33,10},
{166,184,166,188,177,186,187,141},
{12,17,65,19,13,14,14,56},
{56,58,58,45,51,47,79,10},
{27,29,15,13,17,123,93,45},
{92,71,18,92,81,90,75,109},
{122,96,121,100,51,99,112,74},
{249,239,171,177,176,174,208,137},
{155,147,128,208,166,179,180,245},
{171,213,173,215,208,145,238,155},
{14,21,17,75,77,76,70,96},
{36,38,46,49,52,43,50,21},
{82,83,95,20,106,127,126,49},
{157,146,131,152,149,134,207,177},
{99,103,108,18,7,0,25,74},
{0,24,30,19,28,1,5,48},
{226,248,230,252,241,225,227,205},
{64,76,85,40,24,6,11,121},
{33,56,51,56,34,58,38,9},
{229,251,231,151,134,250,130,197},
{86,70,103,87,83,81,76,51},
{154,199,192,193,158,158,129,170},
{209,212,206,193,192,202,135,229},
{251,249,225,252,251,253,249,202},
{8,18,27,17,11,18,15,32},
{250,150,232,196,224,154,155,165},
{219,216,138,218,197,199,198,239},
{230,194,224,194,191,227,217,138},
{170,174,179,182,173,180,178,152},
{132,156,128,131,157,153,150,176},
{87,75,93,92,78,48,28,106},
{63,59,39,101,119,101,121,83},
{196,197,222,212,217,210,202,245},
{241,254,239,152,130,210,207,221},
{219,178,179,165,172,181,174,153},
{105,96,109,114,112,125,118,88},
{109,110,103,116,121,106,35,85},
{142,174,175,168,169,247,246,193},
{112,80,7,24,90,25,90,45},
{137,134,143,157,153,133,158,165},
{10,116,29,100,66,30,92,42},
{158,132,154,132,130,143,152,170},
{212,206,131,159,146,147,159,237},
{137,141,154,207,212,216,208,184},
{51,41,60,55,46,36,41,3},
{241,241,237,147,129,159,131,157},
{230,235,228,252,246,255,255,202},
{221,199,206,255,222,204,192,168},
{86,34,35,43,47,48,75,25},
{102,58,76,93,90,95,88,17},
{157,146,155,156,135,135,158,177},
{131,130,140,200,192,203,144,170},
{6,16,12,17,11,2,36,97},
{18,17,12,23,19,96,105,59},
{125,98,96,109,102,126,100,74},
{101,114,101,97,110,103,120,74},
{108,126,98,110,122,102,127,10},
{219,216,216,197,149,199,195,234},
{244,238,242,245,253,129,239,217},
{207,133,194,200,217,135,239,170},
{124,99,122,120,117,126,100,81},
{110,47,39,52,108,109,118,64},
{123,118,8,52,104,107,20,85},
{183,182,172,186,186,163,162,133},
{48,46,80,89,88,35,35,13},
{28,0,6,29,25,22,31,49},
{183,244,176,184,179,241,249,211},
{74,38,78,52,40,54,72,17},
{151,203,132,152,153,218,210,183},
{55,103,108,101,125,122,123,74},
{35,102,102,112,14,99,26,77},
{154,152,168,136,157,140,149,234},
{43,36,63,63,32,39,56,11},
{96,100,123,120,113,114,105,85},
{79,11,17,13,90,93,69,42},
{206,179,187,181,182,178,175,129},
{14,14,8,109,112,118,117,61},
{36,42,44,9,13,2,120,29},
{129,253,146,200,148,151,203,161},
{227,223,253,163,162,172,160,143},
{205,243,225,255,227,155,140,191},
{185,157,194,159,187,186,198,240},
{63,40,14,82,45,84,47,96},
{242,226,224,237,230,252,228,202},
{135,153,152,132,130,143,152,170},
{88,76,72,87,92,85,73,120},
{26,70,71,88,67,91,94,109},
{32,38,43,63,56,34,47,9},
{69,119,107,96,53,43,55,17},
{5,123,125,125,7,125,100,74},
{218,219,194,139,156,128,157,234},
{177,251,180,175,175,227,240,202},
{219,216,193,216,212,196,194,232},
{13,2,11,12,20,16,30,33},
{53,62,63,42,42,44,50,21},
{107,124,53,126,99,112,121,75},
{20,79,76,76,69,93,67,120},
{81,94,87,177,179,181,177,125},
{138,158,195,138,152,128,140,233},
{243,237,241,237,233,230,239,193},
{251,244,247,137,170,164,149,203},
{47,104,96,98,49,123,46,13},
{128,129,129,155,159,148,157,175},
{154,228,154,231,227,233,224,211},
{16,19,108,28,29,17,21,33},
{97,99,99,29,103,98,110,81},
{185,178,169,171,173,179,168,153},
{58,57,44,82,71,70,89,10},
{250,133,253,162,128,224,152,203},
{45,115,112,112,115,104,4,65},
{217,165,178,181,204,206,147,249},
{25,18,19,13,4,6,22,57},
{194,234,226,246,228,229,243,129},
{213,211,203,207,196,205,215,224},
{120,101,106,99,124,102,126,72},
{151,212,214,217,218,208,157,183},
{255,166,226,140,129,138,145,157},
{158,158,131,152,135,131,144,170},
{104,119,110,100,105,98,122,69},
{136,214,143,132,132,136,159,185},
{248,170,224,226,229,249,246,208},
{17,90,65,64,9,6,23,33},
{223,223,196,223,196,199,207,233},
{148,137,217,151,147,137,134,160},
{240,251,251,235,246,239,235,193},
{7,3,30,21,8,19,23,53},
{201,206,207,212,201,212,210,248},
{55,5,6,36,0,1,39,104},
{188,154,190,201,200,206,201,245},
{40,43,35,91,74,106,107,1},
{70,78,80,3,77,24,23,32},
{31,27,7,20,24,6,28,42},
{46,39,32,37,90,84,92,103},
{216,209,205,202,215,206,215,248},
{8,85,11,87,80,8,12,56},
{215,207,199,141,135,142,194,229},
{255,227,251,255,244,228,229,208},
{120,127,125,99,126,103,99,73},
{70,59,58,61,62,56,61,9},
{93,73,73,95,74,76,92,111},
{45,59,53,63,56,112,49,89},
{134,156,193,219,192,216,211,177},
{70,91,95,84,69,14,21,113},
{157,132,255,201,213,218,236,169},
{209,219,211,215,210,198,218,225},
{63,58,53,58,33,86,126,11},
{20,20,18,28,24,4,69,37},
{176,204,233,249,221,234,226,138},
{37,57,127,109,115,111,15,74},
{72,72,85,5,87,185,181,123},
{183,168,162,220,232,180,182,128},
{215,222,201,176,197,202,180,229},
{240,235,239,228,237,247,244,193},
{118,76,65,74,91,83,78,95},
{92,39,39,33,45,35,48,21},
{35,34,44,82,71,70,33,10},
{225,248,145,183,183,174,245,213},
{18,2,30,4,122,111,23,33},
{161,187,185,187,160,186,190,137},
{36,41,34,57,58,61,35,8},
{133,183,165,189,183,174,251,213},
{13,83,90,83,81,87,73,97},
{139,202,139,206,213,204,195,224},
{100,98,124,105,105,110,114,85},
{20,0,73,50,28,24,19,113},
{166,174,176,227,173,248,247,192},
{93,111,125,117,127,102,51,13},
{10,2,81,6,27,17,27,111},
{134,164,160,173,165,161,168,199},
{134,139,132,149,157,130,129,170},
{112,115,99,121,101,15,41,65},
{24,27,26,99,27,22,25,41},
{158,215,139,136,212,220,219,163},
{241,142,132,149,203,187,172,223},
{198,186,194,188,196,193,190,137},
{228,236,241,161,243,237,237,215},
{30,10,98,87,71,103,65,47},
{178,129,145,139,137,138,165,225},
{77,6,74,228,173,162,171,125},
{210,209,215,200,212,202,162,229},
{42,84,60,97,98,63,33,10},
{108,125,5,121,126,9,118,51},
{122,51,40,124,98,111,120,74},
{206,57,56,46,35,44,49,255},
{206,215,211,32,41,52,58,253},
{94,95,67,67,31,108,92,42},
{224,239,233,233,242,137,187,216},
{135,154,133,129,142,158,131,170},
{172,182,186,173,169,166,183,129},
{133,153,229,138,141,140,241,184},
{75,25,29,30,24,28,118,39},
{195,199,204,197,222,196,192,234},
{174,160,163,181,200,248,230,152},
{57,37,35,59,34,63,59,17},
{186,165,161,174,167,166,188,139},
{127,35,113,104,107,119,104,87},
{72,51,54,52,48,62,39,1},
{12,65,61,82,84,84,86,96},
{2,15,20,8,3,21,17,55},
{145,237,207,156,149,151,146,161},
{197,149,218,155,199,196,152,229},
{33,59,32,63,58,39,35,9},
{102,51,53,52,59,33,68,10},
{149,130,131,161,255,254,224,202},
{89,9,91,69,70,70,88,113},
{161,174,131,157,177,183,184,217},
{236,236,242,245,248,236,234,217},
{97,110,103,97,97,107,102,77},
{127,50,113,102,112,119,124,17},
{163,211,216,222,217,193,164,234},
{234,248,134,149,148,236,236,215},
{134,130,154,142,138,147,151,181},
{165,191,186,168,190,160,186,141},
{50,51,76,70,78,179,181,123},
{36,168,169,176,170,169,180,127},
{113,59,116,52,61,35,48,10},
{215,208,193,209,201,205,212,247},
{8,1,29,24,7,24,22,40},
{104,76,83,81,81,114,94,33},
{194,217,223,221,199,194,193,234},
{117,58,61,60,49,58,34,13},
{41,38,47,32,56,63,51,5},
{86,95,66,91,88,90,68,103},
{143,165,165,184,227,137,160,201},
{196,223,219,216,200,207,202,245},
{97,106,107,117,117,113,110,65},
{185,230,152,180,232,234,236,213},
{194,174,174,145,205,146,207,157},
{184,187,186,195,187,182,185,137},
{158,149,136,147,151,156,149,183},
{185,189,165,160,191,166,188,138},
{1,5,10,3,30,28,30,40},
{141,202,180,163,129,222,222,233},
{184,180,187,163,185,165,253,128},
{173,173,172,144,153,152,243,157},
{128,133,156,154,151,144,140,179},
{42,84,69,61,65,70,33,10},
{189,237,226,235,245,240,246,192},
{236,219,249,160,161,225,160,133},
{48,58,68,44,113,87,86,25},
{217,209,173,159,187,188,191,240},
{108,111,122,55,51,62,63,88},
{225,244,184,178,250,242,181,143},
{145,238,237,234,149,150,148,160},
{78,68,85,11,123,108,105,32},
{128,146,142,148,234,218,248,177},
{152,148,134,150,150,153,157,171},
{18,11,14,21,12,15,14,33},
{116,114,123,8,126,107,108,29},
{230,237,170,212,195,194,191,136},
{95,84,93,94,79,81,84,115},
{14,115,106,115,116,124,108,63},
{217,216,132,242,231,224,249,170},
{148,133,219,220,221,196,222,241},
{29,93,91,69,82,74,77,51},
{153,134,157,130,209,129,142,168},
{117,123,112,99,103,108,101,71},
{243,250,243,243,235,150,166,193},
{182,249,133,148,236,236,238,216},
{2,1,125,106,107,106,105,32},
{250,240,242,197,207,214,131,157},
{174,245,165,170,187,244,235,135},
{3,4,125,117,127,124,100,74},
{75,80,80,78,71,64,90,107},
{76,74,91,81,72,85,82,97},
{116,11,72,15,18,13,0,31},
{92,96,116,118,29,30,6,49},
{113,122,97,97,109,123,96,81},
{5,2,3,124,118,126,99,74},
{2,27,5,12,16,22,27,53},
{41,51,31,29,18,24,26,113},
{252,230,171,167,170,171,167,197},
{192,198,203,196,197,220,214,233},
{19,29,13,19,15,111,120,43},
{196,142,131,140,141,145,144,161},
{92,91,86,90,73,3,13,101},
{38,60,66,87,115,105,17,27},
{132,149,203,187,172,169,174,225},
{177,176,203,151,204,145,198,248},
{99,100,126,100,122,118,48,10},
{195,196,197,194,191,183,161,138},
{209,205,197,185,215,216,216,227},
{166,188,177,186,161,173,166,143},
{164,161,166,191,192,202,194,237},
{48,77,53,61,53,62,39,1},
{158,158,158,131,206,156,208,234},
{88,83,70,90,88,71,67,105},
{121,126,127,97,121,121,125,75},
{133,250,244,252,253,251,248,202},
{26,3,7,12,29,86,28,41},
{66,90,71,95,71,79,47,106},
{6,2,31,67,17,14,15,53},
{197,221,221,199,220,195,198,237},
{28,30,29,30,98,91,73,45},
{119,39,44,61,118,58,36,10},
{249,225,235,224,250,224,254,209},
{194,215,214,204,205,146,146,157},
{187,190,186,164,163,190,185,138},
{9,117,98,64,65,97,96,41},
{111,114,108,106,117,113,126,88},
{5,11,10,110,54,35,42,61},
{0,5,5,76,50,39,94,105},
{245,230,250,251,197,223,219,147},
{226,241,240,143,173,141,138,189},
{225,234,240,244,245,233,241,193},
{23,21,21,9,79,93,67,120},
{42,57,27,72,73,75,52,117},
{162,212,188,225,226,191,161,138},
{170,212,197,225,226,190,217,138},
{158,174,243,141,244,143,247,193},
{208,220,196,222,196,194,207,233},
{48,177,177,179,176,176,176,127},
{215,57,52,54,44,61,44,255},
{38,60,49,34,107,33,57,15},
{168,168,181,229,183,145,144,155},
{252,253,255,254,161,190,178,205},
{78,74,77,41,47,37,109,61},
{18,29,7,27,31,6,28,42},
{121,124,115,126,116,127,121,73},
{252,241,227,231,236,250,247,200},
{4,8,79,47,29,67,66,109},
{91,35,76,79,48,201,237,123},
{251,162,183,199,208,211,170,149},
{187,188,189,178,162,221,239,136},
{229,199,227,154,156,154,136,170},
{126,67,74,69,81,75,80,31},
{35,34,62,52,57,50,51,21},
{224,196,216,216,204,192,204,169},
{201,194,221,164,148,132,146,241},
{56,33,33,49,53,58,51,21},
{209,209,201,198,214,216,217,227},
{53,55,63,127,104,78,108,29},
{128,137,152,158,147,156,134,175},
{223,222,199,220,216,198,220,234},
{161,162,255,225,224,227,226,205},
{98,99,56,22,39,18,46,74},
{62,35,39,44,37,62,36,9},
{100,97,114,54,58,49,118,80},
{210,253,255,251,231,165,183,145},
{59,44,101,122,42,12,1,27},
{195,204,213,205,214,193,197,227},
{90,93,94,66,65,92,71,104},
{166,191,187,184,169,226,253,149},
{165,190,162,169,141,160,188,202},
{68,2,124,21,20,23,23,33},
{114,97,96,127,126,2,122,45},
{55,31,57,23,29,14,13,120},
{132,136,132,141,199,132,142,229},
{30,3,87,5,6,30,3,42},
{123,127,125,100,99,126,121,74},
{181,187,183,190,211,243,240,141},
{0,1,3,27,0,31,27,49},
{168,231,236,229,230,254,232,202},
{33,60,117,102,122,123,69,17},
{158,135,140,133,159,155,132,170},
{170,163,164,185,167,162,161,138},
{118,107,107,117,113,126,119,89},
{224,231,250,229,176,226,239,201},
{169,157,176,140,142,144,208,221},
{0,16,14,76,80,78,95,105},
{188,193,190,162,164,166,162,141},
{198,196,218,196,222,212,217,243},
{85,58,96,61,63,62,32,10},
{78,66,89,94,14,18,16,42},
{132,197,201,218,134,135,128,170},
{132,211,193,172,145,159,134,249},
{116,40,42,84,45,82,42,24},
{145,235,146,148,157,156,228,161},
{249,226,255,244,253,254,230,209},
{94,81,82,88,21,105,120,49},
{74,70,68,92,93,89,91,106},
{170,212,195,225,190,191,161,138},
{140,146,250,218,198,194,214,177},
{232,225,251,224,251,228,226,200},
{29,82,71,89,90,106,126,51},
{200,135,140,133,157,159,131,170},
{39,35,57,86,120,119,126,21},
{141,158,194,180,165,162,167,232},
{97,120,120,103,126,103,99,73},
{173,162,179,252,178,181,174,129},
{81,127,119,109,41,55,54,5},
{25,9,23,23,12,10,7,33},
{11,5,15,8,64,1,21,106},
{245,143,171,241,251,254,254,197},
{195,199,204,197,219,215,200,234},
{222,197,220,218,215,200,129,243},
{96,27,30,28,24,22,15,41},
{240,226,254,228,140,168,180,193},
{101,58,59,59,58,55,57,9},
{231,236,251,252,227,240,228,203},
{160,166,171,189,189,191,163,137},
{161,253,251,227,224,242,167,205},
{56,47,48,49,44,42,39,1},
{58,10,30,8,0,27,80,106},
{138,131,132,159,157,156,153,170},
{238,145,163,177,161,171,178,192},
{12,27,22,13,9,6,15,33},
{225,248,254,228,226,239,248,202},
{60,36,81,69,99,106,106,9},
{4,32,33,127,125,99,104,75},
{81,95,81,86,26,91,83,48},
{65,68,88,71,92,90,87,113},
{188,191,192,166,169,164,170,141},
{238,130,252,133,252,255,128,177},
{185,185,187,191,163,187,191,141},
{175,170,166,146,143,225,203,157},
{141,151,149,153,128,135,154,165},
{33,116,104,118,20,55,53,83},
{208,203,207,196,205,215,213,225},
{132,129,143,137,128,154,207,181},
{44,53,46,20,18,11,15,29},
{206,202,215,123,48,50,47,253},
{148,128,255,209,195,215,221,173},
{133,131,140,130,128,139,129,233},
{68,62,61,37,38,36,59,13},
{29,2,4,14,22,14,18,53},
{87,72,1,75,87,92,77,119},
{217,206,197,203,142,240,129,170},
{102,107,100,127,119,127,127,74},
{87,79,83,82,92,24,16,120},
{72,2,7,31,20,29,3,48},
{143,154,134,156,226,143,246,185},
{125,114,123,102,102,100,122,81},
{37,37,57,31,40,63,58,73},
{207,51,50,50,59,36,56,255},
{146,144,157,150,151,241,240,187},
{250,253,252,231,227,240,249,203},
{8,118,26,26,29,65,30,40},
{84,87,66,70,88,94,83,109},
{188,177,168,191,160,163,162,133},
{70,67,68,61,53,63,60,9},
{185,187,173,191,171,161,179,202},
{64,94,83,87,1,86,19,113},
{29,14,9,3,39,1,22,106},
{159,148,234,218,248,212,240,179},
{153,157,146,155,135,133,157,176},
{145,144,154,228,245,141,241,184},
{242,246,244,234,159,143,169,193},
{49,47,52,45,41,38,47,1},
{170,182,172,210,193,227,160,138},
{105,119,107,100,117,97,125,73},
{216,216,204,192,204,213,159,171},
{17,3,31,91,65,93,33,120},
{138,155,212,154,152,131,144,170},
{123,127,126,116,121,111,15,74},
{102,107,100,124,121,120,125,74},
{45,47,47,24,20,12,106,29},
{146,239,144,209,209,210,213,221},
{28,7,12,5,26,29,3,42},
{241,173,177,205,255,219,249,143},
{189,190,191,160,253,162,171,141},
{232,243,247,252,245,235,233,217},
{109,112,57,18,14,15,49,93},
{137,142,140,203,205,197,128,224},
{127,101,10,34,32,59,112,74},
{48,44,50,76,91,37,95,16},
{97,110,103,99,103,99,126,77},
{120,57,49,126,40,37,46,0},
{231,158,174,180,185,150,142,201},
{59,55,58,59,55,124,2,87},
{130,145,144,209,209,171,143,221},
{80,83,119,112,36,44,38,25},
{234,163,163,167,185,182,191,145},
{89,89,65,92,71,67,80,106},
{168,183,183,188,160,163,171,133},
{239,243,162,220,203,233,183,128},
{228,226,239,226,225,235,255,205},
{79,111,66,66,64,66,2,43},
{252,242,229,228,238,144,225,202},
{123,120,113,107,104,100,112,87},
{236,244,248,232,244,241,241,153},
{199,177,200,202,180,196,207,247},
{77,70,95,189,161,236,234,125},
{165,225,255,227,236,252,237,192},
{105,109,98,115,60,125,116,64},
{63,55,36,124,10,31,24,81},
{114,117,125,1,111,81,81,91},
{119,110,115,119,124,117,103,88},
{224,233,241,240,239,244,247,192},
{164,172,183,228,248,230,152,193},
{164,130,166,185,192,158,195,237},
{69,67,91,38,24,11,16,115},
{249,248,131,251,133,253,250,200},
{110,94,3,123,4,7,2,49},
{69,74,0,69,1,1,12,105},
{87,71,66,68,91,43,69,111},
{13,6,30,3,3,25,0,45},
{196,170,159,158,139,155,185,234},
{42,35,36,60,62,55,57,10},
{44,49,43,34,4,39,37,67},
{142,164,249,251,130,245,254,199},
{101,28,30,29,30,1,96,42},
{109,126,97,96,41,96,122,77},
{133,241,230,255,248,253,130,173},
{147,177,134,149,144,131,137,225},
{110,98,45,124,106,100,100,11},
{86,94,80,69,92,69,65,103},
{218,198,197,221,217,214,223,241},
{25,2,0,13,6,29,0,42},
{90,64,93,68,78,48,28,106},
{104,109,107,82,65,22,11,93},
{127,72,80,83,85,73,84,95},
{233,205,147,146,146,151,150,160},
{189,182,174,151,152,146,140,157},
{239,162,175,184,160,161,165,141},
{221,196,197,202,212,205,204,245},
{32,59,63,52,35,35,59,17},
{20,23,31,31,8,46,115,61},
{9,20,16,15,20,18,20,33},
{184,168,180,177,177,200,200,219},
{105,105,105,111,113,14,4,91},
{152,132,128,145,149,154,138,181},
{245,230,175,224,245,250,234,213},
{121,34,62,36,45,55,50,1},
{208,238,241,234,240,236,233,128},
{165,184,163,246,160,173,190,136},
{249,234,163,191,190,242,255,217},
{33,59,63,59,36,35,62,9},
{162,220,129,130,222,156,190,235},
{184,161,160,219,219,128,129,231},
{22,9,26,18,12,10,7,33},
{105,24,26,27,20,9,6,32},
{147,220,144,138,135,152,133,163},
{226,248,255,226,253,249,246,208},
{22,31,26,3,7,12,5,39},
{151,158,158,132,221,195,223,249},
{17,13,18,20,12,91,11,33},
{123,4,5,4,1,127,105,74},
{4,11,16,22,27,20,11,55},
{217,222,197,182,164,128,139,233},
{181,177,171,174,181,172,170,128},
{81,90,77,34,10,8,19,97},
{46,16,8,14,3,12,13,31},
{88,94,67,71,76,95,95,104},
{89,81,91,88,88,69,21,104},
{16,22,13,105,74,83,84,33},
{164,162,175,184,167,161,190,141},
{75,82,7,21,9,117,71,37},
{101,26,30,24,26,30,30,42},
{178,190,165,161,174,167,161,138},
{232,236,246,233,233,247,243,217},
{121,107,127,117,104,61,35,24},
{26,26,29,100,25,29,8,42},
{169,170,174,179,231,181,170,152},
{183,151,148,147,158,136,148,245},
{141,202,180,165,221,167,222,233},
{13,114,118,111,114,116,114,63},
{41,85,66,67,68,65,62,9},
{94,86,52,88,23,7,29,109},
{138,131,148,149,133,156,128,170},
{16,8,4,28,0,5,5,101},
{47,43,43,17,15,76,70,29},
{11,80,15,15,6,112,97,59},
{194,192,137,192,193,216,213,239},
{239,245,234,226,233,199,233,128},
{158,153,135,155,154,154,135,170},
{49,99,125,117,101,124,103,74},
{69,57,62,73,54,75,78,117},
{89,33,77,33,93,67,95,121},
{88,91,34,93,92,122,33,17},
{97,120,126,115,124,97,100,80},
{58,62,60,60,32,38,56,11},
{213,198,143,155,200,214,219,245},
{181,164,220,220,222,166,194,234},
{224,158,155,226,155,228,227,208},
{93,23,7,119,96,101,71,37},
{200,194,207,215,200,203,214,249},
{236,180,160,182,166,129,171,191},
{213,218,211,197,204,213,205,249},
{149,167,252,161,255,163,153,202},
{212,223,213,188,158,147,151,237},
{39,49,53,80,75,79,78,117},
{213,139,138,245,140,137,136,185},
{73,74,78,78,82,63,31,120},
{34,35,29,23,19,122,123,77},
{175,176,182,187,180,172,172,152},
{93,10,23,229,239,162,220,125},
{34,93,1,95,32,72,72,107},
{106,108,98,97,2,17,110,89},
{214,161,217,210,210,218,216,231},
{82,73,86,172,161,170,176,125},
{36,81,69,99,106,106,104,10},
{154,134,158,155,135,134,153,170},
{96,127,102,124,113,122,103,77},
{128,131,139,243,226,159,158,169},
{163,167,172,181,189,163,176,138},
{79,88,75,79,68,77,85,96},
{197,202,195,196,220,215,198,233},
{250,233,240,243,242,252,177,215},
{232,243,247,252,237,247,255,217},
{36,121,98,125,102,124,118,80},
{68,78,94,127,79,75,89,42},
{161,181,186,179,175,174,169,152},
{45,46,114,117,124,119,110,65},
{187,176,206,162,162,165,249,143},
{252,254,249,249,230,230,240,202},
{218,165,160,161,171,180,203,149},
{12,117,12,42,43,120,120,67},
{178,179,255,244,229,174,238,209},
{136,136,146,149,157,225,240,185},
{249,238,172,225,225,236,241,138},
{135,254,206,212,217,142,146,169},
{94,89,69,64,95,70,92,106},
{80,86,91,76,5,75,76,121},
{200,216,215,202,201,212,207,224},
{182,234,243,232,229,247,247,193},
{27,7,12,14,90,15,84,42},
{144,182,183,229,239,231,233,217},
{151,149,144,129,133,138,131,165},
{120,123,122,124,120,123,97,73},
{247,246,247,225,229,234,227,197},
{2,34,35,97,30,27,99,77},
{182,169,178,176,189,182,173,153},
{67,69,90,73,78,83,87,117},
{71,89,90,68,66,79,88,106},
{105,109,98,107,117,118,113,64},
{91,21,26,19,20,4,23,56},
{77,49,32,57,29,59,66,109},
{209,213,206,213,213,222,206,225},
{192,193,219,222,220,196,195,232},
{105,112,118,123,116,110,105,88},
{117,96,109,114,112,125,111,88},
{252,241,231,230,248,245,254,208},
{233,224,247,188,182,250,132,213},
{92,86,40,72,73,75,52,117},
{145,139,143,132,141,149,158,161},
{82,85,93,33,19,207,200,123},
{209,134,154,136,246,154,154,165},
{249,250,243,235,253,239,235,193},
{41,45,34,43,55,46,63,0},
{74,67,68,90,95,70,93,106},
{214,217,216,165,221,212,219,231},
{110,25,69,99,26,101,100,39},
{12,82,15,44,45,13,112,61},
{104,46,44,39,36,42,103,65},
{238,252,228,232,248,228,225,136},
{216,165,221,212,219,215,210,233},
{116,120,63,127,17,107,79,29},
{104,76,65,74,75,85,85,95},
{229,199,156,152,157,151,158,170},
{78,51,49,49,49,55,41,1},
{220,209,218,197,193,222,194,240},
{1,0,10,116,101,100,31,40},
{58,115,56,57,34,47,56,10},
{149,250,252,253,255,163,229,202},
{250,255,178,181,189,193,174,153},
{63,63,27,55,116,104,118,80},
{107,48,125,125,112,117,121,15},
{98,96,124,122,119,112,105,83},
{41,45,34,51,124,102,53,0},
{33,100,123,98,105,127,123,72},
{237,236,240,239,239,215,200,219},
{145,219,142,133,153,150,148,177},
{35,60,30,97,97,98,101,79},
{21,30,4,8,0,23,10,53},
{78,75,76,53,61,55,52,1},
{210,218,223,217,198,148,192,234},
{170,163,180,191,163,188,161,138},
{175,192,187,195,189,186,199,240},
{163,189,178,163,236,160,164,144},
{104,99,119,105,114,102,109,3},
{131,167,160,253,255,252,229,202},
{199,192,221,211,192,221,222,231},
{71,88,64,69,75,65,90,111},
{82,28,26,1,14,31,72,42},
{190,163,247,165,191,187,165,138},
{177,186,160,163,160,185,162,145},
{62,37,32,59,63,52,36,15},
{76,71,78,160,245,234,230,125},
{41,98,41,37,49,62,55,25},
{117,63,35,48,60,58,38,13},
{13,15,15,9,115,118,122,61},
{206,254,162,164,218,250,251,145},
{77,66,23,5,25,101,10,53},
{175,165,168,228,238,163,191,202},
{38,91,34,85,90,92,90,105},
{120,99,101,124,109,124,122,80},
{82,28,17,26,27,5,1,47},
{41,63,70,118,108,97,54,16},
{153,146,147,141,139,136,150,185},
{133,139,143,157,155,129,152,165},
{38,90,83,91,94,88,71,105},
{179,184,237,243,239,143,158,203},
{85,74,72,82,80,93,86,120},
{91,71,76,69,93,90,67,106},
{229,228,243,184,186,181,182,209},
{130,144,157,178,170,128,132,231},
{177,174,252,160,189,186,189,133},
{133,138,155,128,141,134,135,169},
{62,16,37,16,48,103,120,74},
{204,222,194,196,137,151,139,165},
{136,131,142,145,143,136,150,185},
{76,70,78,179,181,170,248,125},
{36,91,99,126,103,123,121,10},
{6,18,79,14,28,4,8,101},
{109,110,117,97,100,123,98,69},
{215,196,210,217,210,154,222,181},
{85,90,64,23,71,76,69,103},
{181,226,254,228,154,247,246,193},
{205,177,160,193,157,158,188,237},
{74,86,76,50,95,95,64,106},
{129,140,160,140,136,129,198,224},
{13,19,15,111,120,94,122,45},
{26,4,76,30,19,5,6,47},
{122,122,119,112,56,52,115,77},
{18,17,51,41,46,43,15,93},
{68,72,88,68,65,65,24,42},
{125,4,58,37,62,44,48,83},
{59,58,96,68,71,70,41,10},
{153,144,137,146,145,156,143,160},
{71,121,107,111,6,31,72,42},
{16,30,0,17,85,19,25,113},
{224,234,167,163,174,175,163,201},
{121,103,123,21,51,45,43,89},
{108,102,122,117,105,21,2,69},
{26,42,62,40,32,59,112,74},
{36,39,36,49,53,58,51,21},
{93,86,87,178,177,179,170,125},
{184,185,189,161,184,188,166,137},
{68,91,89,89,122,86,64,42},
{41,59,63,52,61,36,38,17},
{14,7,16,115,104,110,99,61},
{65,66,73,68,86,74,83,32},
{69,75,86,87,5,27,7,33},
{128,155,159,148,157,158,133,177},
{60,35,58,56,53,62,63,17},
{147,136,133,145,140,233,188,187},
{135,128,146,138,209,165,178,245},
{26,26,28,98,30,102,92,42},
{129,130,154,154,132,131,158,169},
{109,102,123,100,99,125,97,77},
{157,149,159,145,138,212,200,239},
{190,188,167,250,146,185,163,209},
{40,34,102,106,97,47,39,1},
{65,88,94,83,68,92,86,112},
{155,147,157,158,154,135,203,170},
{21,2,32,4,126,126,105,74},
{191,190,184,160,190,171,186,141},
{117,44,68,107,113,110,102,1},
{108,111,104,25,102,27,27,37},
{79,69,89,12,114,66,31,41},
{157,146,199,213,201,181,162,229},
{254,249,249,237,145,254,225,202},
{53,46,103,17,13,2,14,29},
{72,26,26,20,80,88,83,49},
{9,71,79,21,31,22,83,109},
{121,52,51,40,37,46,54,1},
{131,132,130,195,161,154,132,234},
{243,204,238,237,146,145,156,159},
{245,137,230,180,144,235,235,213},
{154,154,156,152,131,237,192,169},
{24,99,71,29,65,23,23,41},
{227,138,139,149,156,158,151,161},
{32,47,44,0,72,68,3,29},
{61,39,39,32,54,40,50,21},
{97,16,30,26,24,13,19,40},
{20,9,89,11,12,23,18,32},
{2,26,29,24,28,0,6,42},
{153,138,195,138,141,146,159,185},
{134,135,128,221,223,222,193,234},
{41,42,46,51,103,53,47,24},
{255,129,131,131,253,135,130,176},
{50,56,60,55,73,106,100,10},
{96,23,107,113,109,53,111,73},
{235,233,246,251,244,232,233,216},
{60,34,47,4,28,50,54,89},
{129,142,130,135,133,138,134,232},
{218,218,211,152,230,243,242,181},
{196,203,145,229,242,243,244,183},
{75,79,75,8,76,68,79,37},
{221,192,192,211,205,195,210,245},
{188,186,183,176,170,169,176,149},
{124,49,77,92,93,92,39,16},
{166,171,164,188,191,191,189,138},
{3,6,26,25,4,31,27,49},
{0,18,12,9,21,17,30,56},
{94,67,71,76,69,94,68,105},
{80,89,68,75,95,67,95,112},
{202,214,204,178,161,223,193,234},
{7,24,31,4,83,3,16,42},
{103,73,116,119,108,116,111,21},
{192,200,195,136,219,207,223,165},
{44,60,42,62,37,114,110,77},
{15,23,18,113,104,110,99,61},
{178,250,179,252,225,238,231,201},
{200,179,180,178,182,168,196,129},
{179,177,182,172,188,172,170,128},
{148,198,203,196,223,217,216,233},
{7,5,5,25,95,77,83,104},
{38,43,34,45,57,35,56,71},
{228,227,254,249,253,242,251,205},
{205,194,203,214,221,201,208,225},
{169,130,141,141,202,172,139,224},
{134,131,132,253,245,255,252,201},
{134,139,132,159,155,150,157,170},
{101,103,24,105,22,99,107,85},
{208,201,194,142,216,213,198,240},
{121,118,103,32,96,57,119,85},
{110,104,22,3,122,124,125,71},
{238,171,229,235,174,208,217,138},
{101,58,102,52,53,111,105,85},
{115,120,107,110,117,108,106,64},
{25,2,0,13,30,87,3,42},
{111,98,99,111,36,90,79,0},
{185,170,227,255,171,178,191,153},
{237,249,227,248,224,235,196,138},
{84,85,84,87,86,19,20,27},
{154,155,143,141,145,251,221,173},
{129,142,135,128,154,131,154,173},
{194,194,198,201,217,159,149,245},
{180,178,191,136,147,147,149,157},
{1,94,95,5,89,121,0,49},
{250,210,218,206,220,221,203,185},
{35,39,44,61,118,109,36,10},
{96,99,98,27,99,110,97,81},
{75,71,12,114,30,31,92,42},
{173,177,205,220,164,220,166,144},
{167,209,216,218,213,197,177,232},
{199,192,218,201,203,211,215,245},
{69,63,52,60,46,80,95,10},
{201,181,164,128,221,222,222,233},
{182,51,53,55,58,45,44,255},
{31,12,9,65,78,48,64,106},
{18,19,20,28,6,112,92,42},
{96,61,29,99,103,96,97,80},
{198,203,220,149,141,142,220,234},
{207,210,205,207,213,212,215,248},
{190,191,165,223,226,252,251,137},
{124,122,99,103,108,101,124,72},
{220,221,218,167,175,169,170,147},
{252,129,254,229,225,226,253,205},
{38,123,3,2,7,122,102,74},
{161,240,235,232,225,249,242,197},
{172,251,246,228,233,233,191,197},
{134,139,132,156,150,158,155,170},
{45,38,39,41,36,59,62,13},
{135,156,144,152,215,167,201,243},
{119,107,19,4,127,6,96,74},
{102,99,123,127,116,101,46,80},
{177,183,190,157,181,175,173,216},
{29,28,11,17,13,103,65,41},
{202,213,209,222,202,56,45,251},
{46,61,66,24,25,57,71,113},
{238,244,138,153,152,151,181,211},
{72,28,6,15,1,23,10,51},
{245,250,243,238,238,235,242,217},
{100,71,91,68,78,94,127,39},
{213,156,242,144,140,146,236,173},
{141,143,139,140,193,181,162,229},
{122,122,125,123,126,119,103,74},
{17,70,74,184,161,191,163,125},
{224,253,254,231,227,240,249,203},
{160,230,250,232,150,133,167,197},
{96,92,72,82,57,33,38,13},
{125,91,32,38,37,39,57,17},
{197,187,188,225,190,227,163,138},
{243,224,255,251,231,227,240,202},
{238,169,221,204,180,180,182,128},
{27,6,2,26,24,21,30,48},
{41,40,34,92,53,74,54,0},
{6,119,15,11,8,28,0,55},
{213,222,223,193,193,211,214,245},
{226,137,138,145,151,157,139,160},
{143,142,174,140,245,140,137,192},
{33,56,51,52,32,57,56,9},
{68,78,48,65,29,59,31,109},
{184,178,204,221,220,167,216,145},
{215,211,222,223,211,224,158,187},
{163,163,164,163,186,194,243,144},
{144,138,211,150,192,205,198,232},
{135,149,137,130,131,158,132,167},
{64,74,66,71,65,94,12,113},
{25,30,4,27,4,2,15,41},
{211,32,41,49,58,52,40,255},
{253,238,167,208,207,202,213,221},
{164,221,223,201,195,220,167,237},
{224,229,226,227,156,150,158,169},
{185,231,239,239,238,234,245,213},
{195,204,249,206,222,219,203,168},
{106,115,112,109,105,102,111,65},
{102,97,112,119,106,117,116,87},
{47,33,34,43,63,52,37,15},
{42,41,40,4,38,35,7,101},
{245,245,177,175,179,203,218,143},
{224,241,175,160,161,184,162,133},
{202,234,183,184,192,230,186,133},
{192,220,194,188,213,213,214,224},
{33,88,91,95,94,84,89,104},
{131,167,253,130,254,246,230,202},
{100,99,126,121,125,114,123,77},
{147,148,143,139,137,233,236,187},
{157,133,158,129,136,155,159,173},
{218,147,142,218,194,207,216,234},
{214,200,210,208,221,214,205,249},
{67,69,90,8,92,68,70,112},
{1,14,7,1,6,25,4,45},
{199,218,197,193,206,199,196,234},
{24,30,5,4,7,15,111,42},
{46,43,83,43,44,10,84,97},
{165,183,180,136,156,158,245,215},
{125,122,101,97,110,127,40,74},
{165,166,130,255,249,254,253,201},
{35,39,44,37,63,63,33,10},
{243,152,176,142,149,204,164,221},
{187,188,187,185,190,161,197,138},
{164,174,252,245,229,241,255,141},
{140,155,150,128,156,129,155,239},
{196,185,198,200,201,204,201,245},
{174,143,150,139,138,141,133,159},
{138,132,250,151,238,196,152,163},
{30,45,3,31,45,7,25,106},
{18,30,1,25,23,6,28,42},
{58,37,77,126,125,106,100,10},
{140,141,155,149,131,176,156,237},
{233,226,227,251,251,231,226,201},
{202,203,199,140,242,225,224,169},
{239,238,243,192,209,154,135,221},
{8,19,23,18,13,8,23,32},
{104,104,110,79,86,75,30,93},
{82,2,31,30,27,1,28,41},
{26,28,4,20,4,2,15,41},
{99,113,105,45,51,47,79,10},
{186,160,189,178,187,165,173,143},
{165,162,187,190,165,188,186,144},
{247,233,241,228,160,168,163,193},
{44,33,42,50,54,46,52,0},
{106,90,6,9,8,117,13,53},
{136,147,150,141,148,146,159,185},
{204,183,207,48,54,49,49,253},
{102,120,126,115,100,45,97,80},
{53,106,107,71,58,56,61,5},
{254,136,246,243,215,143,142,183},
{245,137,231,180,181,234,183,213},
{3,27,31,20,29,3,4,49},
{102,82,88,84,77,39,13,95},
{71,65,94,83,68,13,67,112},
{187,183,188,184,206,254,162,141},
{89,86,95,75,75,74,84,117},
{126,46,62,62,36,57,62,5},
{54,63,46,36,41,34,58,5},
{237,243,239,182,176,190,160,205},
{129,159,156,135,155,150,134,169},
{195,203,218,216,213,197,207,241},
{93,95,95,57,67,70,74,109},
{187,187,185,184,160,223,241,138},
{117,62,119,100,105,98,127,69},
{229,185,186,189,187,166,166,137},
{198,156,149,153,159,129,243,170},
{213,205,209,205,201,198,215,225},
{143,154,134,156,244,208,204,185},
{135,239,248,131,250,251,252,175},
{211,206,211,215,220,213,204,248},
{216,209,202,208,205,212,210,248},
{235,246,236,235,246,225,229,195},
{180,180,182,161,160,170,212,133},
{229,198,223,216,201,239,219,168},
{230,235,228,249,248,250,253,202},
{219,135,128,162,222,160,197,234},
{172,170,166,165,162,242,238,205},
{63,104,33,62,51,60,39,15},
{221,206,210,205,209,173,186,237},
{13,20,111,89,69,74,31,57},
{103,64,13,13,0,5,9,95},
{5,91,90,37,92,89,88,105},
{27,29,25,4,3,30,25,42},
{130,154,152,152,135,130,129,170},
{208,174,181,226,254,228,154,191},
{10,27,0,13,6,25,0,42},
{67,71,17,70,3,7,73,99},
{14,12,20,18,31,104,112,59},
{90,68,93,93,71,67,80,106},
{144,146,134,154,132,130,143,169},
{5,25,76,4,83,94,92,106},
{116,107,110,107,116,114,127,89},
{142,139,140,245,253,247,244,193},
{162,163,191,191,167,162,161,138},
{9,7,3,4,28,29,30,41},
{253,226,231,224,246,236,242,213},
{202,195,217,222,197,222,198,234},
{66,98,60,35,36,34,58,13},
{123,33,43,35,45,60,105,23},
{78,87,83,160,169,179,187,125},
{85,94,70,77,78,87,78,117},
{180,183,191,255,144,235,207,157},
{163,223,212,222,214,180,216,234},
{191,144,217,147,143,132,149,159},
{216,200,206,195,204,212,208,224},
{80,78,48,57,62,59,60,109},
{131,159,155,152,145,139,137,181},
{126,107,108,109,106,23,31,33},
{145,143,147,156,140,131,156,177},
{244,239,235,232,225,254,250,197},
{158,154,128,135,152,158,147,173},
{138,136,137,141,138,158,195,229},
{73,76,72,86,79,79,87,120},
{105,19,20,109,18,106,105,89},
{92,92,66,64,77,70,71,105},
{135,133,156,154,151,144,136,179},
{147,149,149,150,159,157,154,163},
{117,113,114,109,34,55,41,64},
{128,159,252,210,217,208,150,176},
{80,80,75,78,85,76,74,96},
{111,120,96,96,120,103,100,79},
{236,233,150,144,152,153,159,165},
{10,3,31,31,3,30,25,42},
{248,229,225,250,249,228,255,208},
{205,201,200,57,55,34,62,253},
{189,182,174,152,145,146,140,157},
{10,25,0,6,11,4,31,39},
{136,137,157,135,157,153,150,176},
{144,142,240,255,129,251,131,173},
{11,19,18,28,98,113,15,57},
{187,191,187,164,163,190,185,138},
{216,209,207,203,196,210,204,248},
{64,71,70,88,85,71,68,113},
{200,215,214,213,171,172,172,151},
{36,51,17,78,79,177,206,123},
{61,98,26,108,101,101,110,81},
{245,179,185,188,249,179,189,213},
{131,135,140,157,214,150,214,170},
{9,6,76,1,69,69,72,37},
{220,198,220,194,192,205,198,232},
{119,85,115,114,80,81,7,56},
{3,7,12,5,6,27,2,42},
{196,152,132,154,228,141,141,183},
{213,222,223,202,203,202,210,245},
{240,232,232,232,222,246,246,153},
{26,14,83,35,52,18,78,121},
{153,156,253,234,235,149,239,160},
{128,152,158,147,131,153,135,168},
{99,103,108,101,127,120,102,74},
{116,118,29,6,79,94,95,51},
{233,246,247,237,232,247,238,193},
{199,229,230,179,181,180,187,136},
{161,165,170,240,206,236,237,136},
{229,243,229,176,226,239,224,202},
{242,236,237,245,241,254,247,217},
{33,95,114,112,113,69,66,27},
{17,30,26,4,25,4,2,40},
{92,92,94,89,93,82,91,109},
{74,69,66,77,49,38,63,106},
{208,210,215,215,212,214,201,225},
{132,253,161,162,128,224,158,203},
{229,146,176,173,172,164,130,197},
{188,190,188,187,167,175,245,138},
{87,75,79,68,77,78,85,97},
{138,244,192,228,194,159,129,170},
{158,128,134,139,132,152,152,168},
{36,46,80,33,88,126,34,13},
{47,16,25,26,23,19,11,31},
{96,50,63,17,25,22,10,29},
{59,82,83,77,68,85,77,121},
{242,237,233,230,239,249,249,195},
{199,218,197,193,206,199,193,234},
{117,87,64,87,71,95,71,49},
{167,163,163,185,174,177,181,147},
{178,187,160,167,186,165,161,135},
{78,77,77,173,182,181,170,125},
{198,203,196,220,220,221,221,234},
{222,203,179,203,204,183,200,129},
{168,214,174,175,173,169,182,152},
{56,49,46,52,46,52,50,24},
{136,151,145,150,139,144,143,160},
{228,228,226,236,232,244,181,213},
{223,237,179,179,180,180,234,128},
{61,98,99,35,41,34,36,13},
{41,53,48,47,54,47,43,1},
{163,165,171,137,167,189,181,202},
{101,98,124,96,124,122,119,81},
{207,212,220,211,253,175,173,187},
{218,217,195,219,199,195,208,234},
{103,26,36,63,36,58,38,73},
{207,205,202,45,51,48,42,253},
{194,206,193,207,217,150,148,245},
{76,72,84,53,29,16,27,120},
{3,24,18,2,0,13,30,40},
{149,202,202,205,205,201,207,249},
{136,155,158,133,156,154,151,177},
{234,214,205,194,203,211,212,223},
{51,53,35,45,39,32,104,64},
{180,178,191,144,217,146,143,157},
{38,51,23,53,52,79,19,121},
{60,39,44,37,55,54,59,10},
{136,142,130,148,139,148,146,184},
{199,188,179,186,189,163,192,136},
{215,144,209,210,199,204,197,231},
{177,244,196,218,215,252,228,159},
{89,74,3,78,73,82,95,121},
{245,228,156,228,194,158,255,170},
{226,254,229,224,255,230,252,202},
{50,45,40,55,46,36,41,3},
{4,14,27,69,49,38,63,106},
{71,79,94,84,89,82,76,117},
{155,146,148,132,131,158,153,170},
{82,75,87,77,74,72,7,33},
{248,228,225,223,201,205,184,138},
{221,214,205,48,44,49,42,253},
{187,187,186,164,189,189,167,136},
{211,156,221,212,203,200,217,227},
{55,32,90,36,37,92,33,104},
{134,225,222,223,220,234,203,168},
{1,8,4,19,64,93,83,48},
{8,13,114,11,113,112,127,65},
{113,35,61,56,63,36,37,10},
{159,148,157,158,134,128,136,179},
{71,80,83,119,45,82,47,24},
{119,104,113,38,59,49,59,79},
{106,127,126,113,118,86,14,53},
{103,52,56,54,33,74,88,11},
{17,27,9,29,30,10,26,121},
{250,229,224,255,230,252,241,203},
{25,31,4,86,6,28,0,42},
{97,119,119,52,40,54,99,17},
{227,231,236,229,230,254,227,202},
{194,219,192,205,198,222,193,234},
{190,171,143,173,213,215,222,225},
{135,147,141,150,138,129,178,224},
{152,146,154,159,153,134,212,169},
{50,53,61,65,47,16,17,27},
{29,3,7,12,29,7,15,41},
{58,39,44,37,62,36,32,10},
{36,46,62,52,57,50,40,21},
{76,78,82,179,168,171,163,125},
{28,31,23,103,112,10,87,53},
{144,144,147,146,149,139,200,160},
{5,6,62,42,44,71,88,106},
{47,41,53,110,114,112,121,75},
{56,51,60,56,60,52,95,9},
{50,43,35,47,52,50,63,25},
{224,224,251,149,184,170,183,211},
{27,27,99,20,27,23,30,42},
{120,111,126,116,121,114,104,85},
{163,167,172,188,185,190,188,138},
{157,141,150,154,128,215,135,165},
{152,133,156,159,151,151,153,179},
{22,20,14,4,9,2,30,37},
{104,110,114,112,125,103,110,89},
{76,92,74,94,69,18,14,45},
{218,222,195,151,197,223,222,233},
{117,122,97,4,52,42,39,77},
{250,224,231,250,229,225,238,200},
{219,219,197,193,206,223,136,234},
{88,66,68,92,35,27,6,111},
{9,79,69,72,13,92,74,41},
{6,31,2,12,114,31,96,41},
{195,199,195,194,212,200,214,240},
{200,214,140,133,217,150,148,245},
{46,83,44,80,83,94,83,97},
{39,3,124,7,6,99,100,75},
{232,226,156,168,138,143,142,193},
{54,74,52,53,76,18,76,121},
{41,49,50,50,40,55,51,1},
{25,7,27,117,83,77,75,57},
{159,134,152,132,130,143,152,170},
{185,160,163,171,211,225,190,136},
{207,220,208,218,196,221,221,231},
{221,214,215,49,52,51,42,253},
{179,180,165,168,182,141,144,155},
{227,227,183,255,250,249,252,202},
{110,81,46,84,91,82,92,95},
{178,176,255,221,193,189,172,221},
{146,155,149,158,130,143,239,170},
{65,78,71,65,71,65,94,109},
{121,102,52,120,98,103,103,77},
{185,191,161,254,244,229,187,141},
{115,121,118,4,61,14,120,74},
{185,190,195,188,192,195,206,240},
{38,87,42,45,35,45,51,23},
{33,96,37,96,127,102,117,74},
{242,245,243,234,231,224,248,195},
{249,249,253,242,251,224,237,207},
{197,223,218,201,220,196,196,237},
{23,11,4,5,28,6,29,42},
{196,224,252,228,240,252,240,141},
{74,91,20,90,93,67,80,106},
{18,82,66,94,68,58,47,96},
{249,227,230,224,252,251,230,209},
{180,190,182,187,189,162,240,133},
{177,183,172,185,188,163,167,133},
{142,203,128,130,141,142,156,234},
{192,223,217,198,221,213,199,232},
{121,113,117,58,126,114,121,23},
{44,39,45,15,25,11,15,29},
{174,214,214,212,208,200,171,225},
{249,141,154,155,156,153,230,209},
{223,219,220,195,136,157,159,234},
{252,247,244,250,183,199,168,147},
{150,236,225,242,187,240,252,191},
{120,123,127,98,121,102,124,74},
{139,134,139,238,135,173,173,189},
{97,110,103,120,96,106,98,77},
{49,42,48,44,52,50,63,25},
{87,179,182,186,174,181,189,127},
{21,111,23,97,102,27,100,37},
{45,53,48,47,54,12,1,27},
{140,246,171,249,249,242,249,197},
{155,154,133,128,159,134,156,170},
{249,253,238,178,196,213,210,151},
{219,209,219,150,222,222,153,179},
{123,126,124,96,121,127,121,74},
{123,123,101,97,110,103,97,74},
{185,197,212,211,241,215,208,153},
{78,169,173,162,174,172,180,127},
{56,73,76,74,75,82,27,119},
{214,249,251,247,235,169,187,149},
{124,123,127,96,127,52,33,77},
{236,246,236,234,231,224,241,195},
{66,91,64,77,70,87,64,106},
{197,138,252,235,149,239,151,161},
{70,98,28,28,30,29,8,42},
{229,232,237,225,174,252,173,138},
{133,156,158,134,158,138,154,173},
{89,90,6,10,0,14,21,53},
{202,203,203,206,220,192,222,248},
{204,177,198,48,52,51,45,253},
{149,132,252,252,254,134,226,202},
{88,10,7,0,16,29,19,37},
{32,33,39,60,110,62,36,17},
{10,27,84,72,30,3,16,42},
{103,100,97,113,116,107,114,85},
{114,114,98,29,33,60,57,74},
{1,24,30,19,4,28,22,48},
{5,0,28,9,10,10,18,53},
{192,192,189,194,198,192,194,240},
{86,90,92,94,90,66,3,103},
{243,228,248,245,203,221,217,149},
{73,87,75,51,1,94,38,105},
{161,184,162,161,188,167,161,137},
{225,157,138,168,245,247,142,193},
{117,111,58,109,61,50,59,13},
{235,229,239,232,160,225,245,138},
{3,122,124,4,126,6,96,74},
{224,254,251,224,253,253,255,200},
{126,109,19,109,21,111,104,33},
{3,123,123,122,119,118,112,74},
{127,100,54,102,126,96,98,75},
{137,151,144,110,33,63,35,253},
{9,27,18,31,80,2,15,41},
{209,210,201,200,201,215,210,249},
{12,26,22,13,9,6,15,33},
{249,163,167,170,169,180,205,149},
{229,238,255,253,255,229,243,197},
{211,204,213,213,205,201,198,224},
{7,0,24,26,19,1,24,39},
{170,173,165,217,182,228,184,131},
{249,249,249,229,145,134,225,202},
{235,201,205,194,203,213,208,223},
{182,171,171,181,180,183,191,153},
{138,146,159,241,241,244,239,189},
{129,142,135,132,131,128,156,173},
{108,112,49,5,22,74,75,93},
{97,122,126,123,103,102,112,74},
{124,119,41,114,124,120,115,17},
{187,190,181,174,227,255,242,139},
{143,203,209,205,177,160,156,234},
{47,52,88,116,124,108,126,25},
{1,29,6,29,25,22,31,49},
{24,10,2,30,30,14,2,106},
{120,99,101,109,17,35,31,74},
{255,244,253,238,231,243,239,211},
{69,63,71,49,54,75,52,117},
{243,237,237,231,246,205,208,219},
{201,211,214,205,212,210,223,249},
{11,23,8,4,20,18,31,57},
{230,155,147,157,158,154,135,169},
{125,103,111,110,116,107,107,85},
{212,211,206,41,45,34,43,253},
{34,38,60,32,41,51,55,21},
{94,66,67,67,6,6,16,42},
{47,32,105,112,112,56,53,15},
{13,30,87,85,2,30,19,45},
{105,55,54,100,101,57,62,5},
{208,214,211,213,203,164,134,225},
{114,107,113,122,96,102,107,69},
{159,139,136,145,136,143,148,183},
{166,160,168,169,175,180,230,151},
{178,146,142,138,158,110,98,251},
{44,47,62,52,57,50,40,21},
{224,229,226,251,230,255,251,209},
{186,175,139,216,216,218,210,229},
{166,163,191,161,172,188,191,144},
{206,199,192,197,186,180,188,135},
{124,126,113,114,120,53,112,16},
{82,79,82,93,76,74,71,97},
{48,78,51,76,48,48,54,0},
{133,154,156,132,142,240,220,170},
{202,202,212,215,214,32,110,251},
{74,86,76,25,28,26,21,106},
{70,74,86,78,82,80,93,119},
{23,77,76,79,48,182,185,123},
{208,142,143,212,212,211,212,225},
{29,18,27,28,13,2,30,49},
{178,173,169,166,178,177,165,131},
{220,221,222,131,133,132,135,176},
{255,226,224,237,230,249,230,202},
{221,199,197,192,210,205,194,245},
{108,97,106,114,117,114,109,64},
{80,81,82,73,85,80,79,120},
{192,203,143,158,159,146,236,173},
{91,76,81,94,75,184,168,123},
{155,135,130,129,152,158,147,173},
{192,166,169,164,170,169,167,143},
{98,99,126,100,99,126,121,74},
{4,12,14,67,51,34,94,104},
{236,151,238,215,214,214,211,221},
{71,67,67,73,87,20,30,117},
{126,55,32,60,57,7,17,80},
{27,19,0,21,4,2,15,41},
{36,0,93,94,94,63,64,107},
{220,248,231,237,237,206,226,149},
{9,124,0,55,52,58,50,81},
{195,199,204,192,198,220,194,234},
{184,163,171,211,188,193,190,137},
{213,216,157,210,208,163,160,187},
{174,174,180,237,243,239,248,202},
{34,84,60,60,63,99,32,10},
{8,115,10,13,10,15,43,65},
{213,175,215,167,223,211,222,229},
{49,62,55,23,19,18,12,29},
{183,199,168,211,247,173,241,151},
{88,10,90,70,71,65,89,112},
{69,86,31,90,90,70,75,101},
{171,135,133,138,128,130,149,234},
{233,244,227,242,240,253,246,216},
{245,173,172,170,164,190,162,153},
{102,123,117,103,99,112,121,75},
{213,200,129,154,134,135,185,229},
{185,164,219,224,236,237,234,137},
{153,150,159,141,137,142,148,181},
{86,172,161,170,178,182,181,127},
{60,62,49,50,56,117,9,80},
{100,115,107,73,77,66,75,93},
{238,130,252,133,217,135,248,177},
{158,145,237,250,251,252,249,176},
{205,243,225,255,227,155,140,191},
{125,51,48,36,41,58,115,5},
{99,103,108,121,123,99,112,74},
{168,170,179,128,137,155,147,157},
{146,152,154,142,146,156,143,160},
{128,201,128,131,201,153,150,176},
{52,43,50,48,61,47,47,25},
{205,206,214,209,209,218,196,229},
{4,74,92,93,92,64,72,42},
{50,37,59,50,34,113,33,7},
{26,74,82,83,83,73,85,97},
{221,206,135,49,54,46,35,253},
{143,152,128,130,139,130,154,175},
{61,53,63,38,115,105,117,79},
{241,237,247,237,233,230,239,193},
{165,250,130,249,254,251,249,201},
{92,92,66,61,15,29,21,106},
{17,18,10,12,12,23,18,57},
{246,240,238,227,236,243,240,192},
{138,142,147,199,149,137,138,185},
{233,235,237,242,241,236,247,216},
{92,74,31,4,8,0,79,105},
{227,155,140,143,171,129,165,195},
{2,6,48,28,28,26,19,113},
{250,233,203,231,153,227,228,165},
{136,151,146,147,139,147,143,160},
{65,74,75,81,85,87,85,97},
{29,14,18,16,87,71,93,45},
{158,145,146,152,213,169,184,241},
{75,92,65,78,71,72,64,107},
{138,143,137,150,196,232,233,187},
{121,34,62,36,53,126,52,1},
{66,90,94,92,92,64,70,106},
{5,5,76,80,78,48,63,106},
{23,30,82,92,24,16,27,121},
{174,161,166,218,135,165,222,231},
{52,23,21,21,9,47,24,119},
{135,140,133,159,158,137,134,171},
{23,4,34,27,9,17,85,111},
{72,53,75,51,76,73,73,121},
{56,34,33,60,39,38,48,10},
{25,18,11,23,13,23,17,57},
{136,142,136,137,146,137,150,185},
{113,113,115,118,118,115,114,64},
{196,220,192,197,197,132,242,167},
{152,143,144,147,155,208,210,183},
{229,251,231,248,233,149,132,197},
{139,137,143,191,149,151,147,249},
{228,238,144,225,224,155,154,205},
{199,222,133,235,194,218,199,169},
{93,80,115,95,69,75,77,51},
{140,129,138,139,145,145,143,160},
{140,132,158,205,177,131,192,234},
{163,191,187,184,169,226,253,149},
{116,121,114,106,108,118,105,88},
{112,114,106,104,101,118,63,65},
{17,11,14,5,11,17,8,57},
{38,14,12,23,68,88,70,96},
{52,50,54,33,37,42,59,5},
{184,148,204,195,207,202,211,247},
{180,178,191,136,153,145,136,157},
{3,14,30,24,24,6,85,42},
{252,252,241,250,251,229,236,207},
{25,17,3,7,12,5,22,40},
{100,43,83,66,62,64,89,10},
{182,180,171,168,161,162,185,133},
{214,45,48,43,47,36,61,255},
{220,223,217,192,201,197,221,237},
{166,134,219,220,220,161,222,233},
{229,230,231,189,189,183,183,137},
{201,215,203,179,164,161,166,233},
{166,171,164,188,189,183,187,138},
{106,99,100,124,122,118,121,74},
{102,107,100,126,125,123,125,74},
{176,203,178,204,178,207,176,249},
{246,198,154,192,157,231,224,169},
{97,101,121,118,101,104,111,83},
{173,167,164,172,177,225,179,149},
{20,28,23,84,28,16,87,113},
{106,117,106,109,101,25,118,65},
{66,63,55,33,34,38,59,13},
{224,237,244,143,185,165,170,216},
{116,114,127,72,83,86,90,93},
{133,136,141,129,206,176,193,234},
{202,219,148,217,222,195,208,234},
{31,20,29,1,28,12,15,51},
{187,188,244,181,185,170,246,216},
{141,241,230,128,254,251,130,173},
{62,39,58,35,39,44,37,7},
{217,218,194,197,194,223,218,241},
{184,166,216,193,198,195,196,133},
{135,159,232,250,218,209,211,176},
{22,1,4,27,2,0,13,39},
{86,172,161,178,251,229,180,127},
{159,226,210,198,208,216,195,177},
{187,189,190,187,183,175,173,138},
{234,227,228,255,250,248,249,202},
{216,209,210,201,200,203,215,248},
{213,186,189,196,193,192,223,138},
{60,55,59,109,61,50,34,13},
{33,39,38,63,58,41,48,19},
{77,87,83,90,64,71,90,101},
{71,91,68,79,80,86,91,117},
{9,23,31,31,113,114,114,61},
{131,134,157,132,130,143,152,170},
{166,137,220,142,131,140,148,159},
{225,232,230,224,236,251,134,208},
{51,47,43,40,49,58,39,5},
{73,77,66,75,76,84,95,96},
{152,157,156,229,231,228,224,209},
{155,244,214,219,210,221,201,181},
{207,232,195,193,193,221,131,170},
{124,114,63,127,110,107,106,29},
{88,37,7,91,90,88,86,105},
{231,254,171,177,173,209,192,137},
{57,110,114,112,14,27,26,77},
{251,242,183,253,247,254,187,149},
{23,20,12,19,12,10,7,33},
{3,9,21,72,0,87,90,101},
{220,216,197,176,206,131,159,234},
{3,2,5,13,113,96,127,42},
{86,75,79,68,84,94,85,97},
{113,113,108,19,40,36,37,64},
{58,52,74,122,38,41,40,19},
{162,185,188,181,163,186,162,138},
{64,30,31,61,68,64,70,113},
{49,62,44,48,60,35,39,5},
{29,97,118,15,8,13,114,61},
{144,136,143,148,137,148,158,184},
{166,186,191,167,163,176,185,139},
{191,177,167,189,186,184,247,209},
{151,225,155,158,146,158,131,167},
{112,113,107,110,111,116,115,88},
{219,164,221,129,223,218,194,234},
{17,8,15,23,12,10,8,57},
{57,114,58,32,45,35,39,9},
{189,249,231,251,131,146,178,216},
{219,216,214,155,227,242,247,184},
{40,85,84,85,45,46,80,25},
{154,135,131,144,129,202,215,173},
{60,32,57,62,39,35,48,10},
{175,184,194,159,152,196,154,240},
{213,218,211,200,203,202,208,249},
{203,210,223,48,121,48,54,253},
{201,198,207,192,208,223,194,229},
{21,7,0,9,21,26,19,53},
{63,118,32,45,59,58,57,10},
{216,209,195,195,204,210,203,248},
{123,97,125,1,22,41,80,91},
{202,214,204,197,222,196,192,234},
{2,30,29,31,1,23,25,42},
{178,191,143,162,162,160,162,202},
{164,186,227,249,229,238,245,193},
{92,81,90,71,70,71,91,112},
{225,240,247,234,245,241,254,216},
{166,160,168,169,175,180,230,151},
{171,185,169,163,186,239,237,202},
{123,123,126,123,122,121,106,74},
{193,157,199,198,194,195,216,240},
{84,46,80,16,77,21,27,29},
{222,199,194,193,216,222,211,237},
{229,249,133,234,149,237,178,216},
{92,67,90,88,85,94,95,113},
{216,199,194,216,199,223,199,232},
{13,19,15,24,25,3,1,45},
{168,184,168,190,178,190,167,216},
{60,58,59,35,60,62,38,9},
{217,194,216,223,197,193,206,232},
{125,123,101,34,40,57,103,73},
{216,219,163,219,218,165,174,145},
{154,198,223,220,209,218,219,237},
{251,227,226,236,161,161,172,201},
{114,118,105,113,118,119,111,64},
{85,72,78,67,76,77,84,96},
{199,246,162,238,227,236,237,191},
{164,161,174,181,174,179,183,149},
{214,217,194,214,205,154,212,181},
{208,206,211,211,205,204,207,224},
{41,29,48,12,14,16,80,93},
{84,75,95,90,64,70,75,101},
{30,1,4,27,2,0,13,39},
{176,178,174,164,169,162,185,133},
{89,81,27,21,84,42,63,112},
{229,234,251,180,174,168,227,201},
{139,142,130,142,224,144,253,185},
{191,225,250,229,228,229,247,200},
{209,219,201,148,149,202,228,185},
{87,75,51,36,94,32,57,106},
{33,33,44,49,61,114,12,77},
{188,186,183,170,169,168,183,149},
{159,136,148,145,175,185,189,249},
{75,85,82,84,78,69,88,99},
{194,216,222,222,195,216,196,234},
{110,117,108,106,103,120,49,67},
{177,205,179,205,233,234,181,129},
{141,138,144,243,232,191,239,189},
{3,11,4,28,106,121,91,49},
{197,196,189,225,193,190,167,138},
{25,24,15,92,94,81,82,45},
{181,182,182,199,184,184,190,133},
{53,58,51,40,37,46,48,25},
{128,145,207,216,145,218,199,229},
{184,185,164,237,254,226,227,136},
{103,23,0,3,2,3,33,71},
{17,27,27,4,127,73,85,39},
{215,217,222,146,211,219,200,185},
{153,146,143,139,150,143,138,185},
{111,104,120,37,104,122,126,10},
{246,245,235,232,249,178,248,197},
{75,103,101,106,96,98,117,10},
{133,138,131,158,153,131,158,169},
{149,136,142,131,140,151,141,160},
{58,56,39,60,58,54,57,10},
{213,198,154,236,253,250,255,176},
{2,28,2,0,13,30,87,41},
{176,182,187,180,172,170,166,153},
{142,151,144,159,128,134,139,165},
{55,40,48,58,68,45,84,23},
{38,107,19,2,7,127,31,74},
{207,196,205,212,222,217,196,227},
{152,132,128,157,128,157,156,175},
{143,133,136,196,206,176,191,234},
{27,5,30,2,9,70,94,105},
{222,196,186,138,168,132,160,227},
{139,147,150,141,148,146,159,185},
{0,11,117,86,64,102,83,48},
{17,17,28,225,237,162,220,125},
{124,118,119,125,100,101,122,77},
{107,65,85,75,76,74,5,31},
{79,79,70,176,187,196,234,125},
{119,124,117,107,102,84,78,91},
{20,11,8,12,20,18,31,57},
{145,237,223,216,132,135,135,177},
{211,32,41,42,50,54,52,255},
{9,10,20,18,31,104,105,59},
{150,142,131,140,149,141,149,161},
{163,167,172,165,189,191,164,138},
{93,82,65,71,70,11,91,113},
{225,255,250,233,240,246,251,213},
{114,107,109,109,116,35,115,89},
{251,224,230,235,228,253,229,200},
{64,59,67,69,70,66,64,113},
{181,175,178,176,188,175,171,129},
{149,136,233,201,196,207,139,165},
{129,159,131,140,250,239,150,161},
{195,212,157,209,129,196,201,227},
{188,177,186,171,165,190,161,144},
{145,146,139,151,140,151,147,185},
{253,254,241,251,244,228,243,145},
{45,89,78,71,64,69,58,5},
{62,35,39,44,37,63,54,9},
{248,242,140,157,154,186,231,209},
{73,5,25,76,50,39,95,105},
{157,154,157,129,132,156,227,173},
{233,225,157,242,141,169,247,192},
{156,107,102,112,108,113,107,255},
{69,78,79,90,92,92,66,101},
{185,197,170,172,173,174,243,153},
{9,69,74,88,85,94,68,113},
{108,97,106,107,114,115,111,64},
{171,166,171,143,146,139,143,157},
{247,243,243,249,231,164,174,197},
{192,220,177,149,150,157,144,241},
{177,162,235,165,160,191,190,145},
{36,58,68,85,82,87,80,25},
{72,86,62,22,10,14,26,117},
{130,128,141,134,157,137,128,171},
{94,67,67,93,89,86,95,113},
{163,167,172,188,184,163,176,138},
{249,243,236,147,165,183,163,192},
{98,106,97,121,100,101,100,81},
{71,56,58,66,96,97,71,8},
{132,143,184,159,143,129,131,234},
{104,105,105,117,113,126,119,89},
{118,107,118,125,96,102,107,69},
{79,66,67,79,4,122,105,32},
{143,138,137,241,239,146,162,189},
{9,10,0,77,29,82,82,106},
{176,226,178,168,183,175,183,152},
{140,185,173,160,171,239,250,202},
{1,15,1,6,74,11,3,96},
{192,198,203,196,220,222,220,233},
{136,141,141,204,204,198,184,225},
{120,24,69,70,27,29,98,39},
{23,16,17,78,78,177,176,123},
{26,118,8,7,37,122,123,69},
{237,237,206,226,236,248,176,152},
{65,85,79,85,81,94,87,121},
{206,134,207,143,221,150,155,181},
{85,85,73,15,29,3,31,57},
{73,6,4,15,12,2,79,105},
{14,0,12,20,117,93,80,55},
{18,31,47,2,2,0,2,106},
{65,83,87,92,85,76,73,121},
{141,203,193,212,152,154,200,173},
{157,149,219,153,147,154,223,249},
{140,139,150,129,212,134,139,165},
{120,35,36,121,85,102,77,10},
{184,188,172,228,232,175,207,138},
{1,3,27,24,17,11,10,53},
{147,149,145,144,135,231,196,165},
{176,181,194,202,204,199,223,249},
{56,70,83,84,85,82,47,24},
{253,230,235,228,252,247,226,201},
{139,142,150,141,140,151,147,185},
{197,158,130,224,242,226,156,189},
{166,163,164,221,213,223,220,233},
{194,180,165,162,167,160,193,234},
{33,38,35,36,93,85,95,104},
{17,11,11,12,16,12,15,57},
{93,81,84,94,65,53,7,101},
{198,52,48,54,45,70,100,255},
{2,45,49,42,32,52,21,65},
{163,171,233,227,234,175,245,138},
{90,67,68,93,123,79,79,53},
{226,251,255,244,253,224,227,209},
{180,178,191,144,217,154,146,157},
{248,247,225,225,227,255,254,209},
{181,172,172,147,136,143,146,157},
{190,165,178,165,161,174,167,137},
{104,109,18,28,20,21,19,33},
{4,37,62,63,40,12,58,73},
{237,234,244,143,185,165,170,216},
{179,141,145,158,184,133,151,231},
{29,97,112,9,8,13,47,61},
{56,58,51,42,86,111,125,1},
{196,194,207,216,217,195,202,237},
{175,235,237,247,224,244,243,129},
{112,115,109,42,32,49,111,65},
{196,195,194,195,205,223,219,241},
{6,29,6,12,10,19,23,53},
{104,110,116,88,86,75,79,93},
{252,253,224,237,246,254,252,202},
{13,23,18,30,25,5,26,37},
{70,93,68,71,79,47,62,107},
{173,171,178,177,172,183,179,153},
{76,88,84,88,89,19,80,56},
{166,167,175,168,184,229,168,200},
{152,132,154,228,141,141,142,184},
{198,222,194,192,205,222,151,233},
{114,112,112,96,96,106,20,69},
{231,236,229,248,248,230,254,203},
{44,41,46,13,22,19,10,29},
{180,190,192,204,232,146,147,157},
{253,254,255,165,165,164,163,145},
{120,126,115,124,125,103,103,81},
{165,250,250,160,132,129,246,201},
{165,170,163,184,191,184,160,137},
{0,7,28,12,1,19,70,53},
{234,129,130,152,156,128,152,168},
{186,174,176,182,187,172,229,151},
{41,38,47,63,58,56,36,5},
{106,108,106,107,115,108,110,88},
{241,254,247,200,212,211,202,221},
{218,162,220,164,161,222,191,234},
{69,90,86,90,21,105,6,49},
{154,211,207,201,130,143,152,170},
{106,123,52,40,119,99,112,74},
{225,211,193,209,219,194,151,177},
{209,218,219,198,192,198,222,241},
{37,97,127,99,108,109,116,64},
{248,224,249,226,230,230,255,208},
{210,217,212,198,218,195,217,177},
{37,51,61,55,48,120,57,81},
{236,233,238,231,152,146,154,165},
{161,131,148,156,155,133,146,229},
{173,162,171,188,176,173,182,129},
{151,153,137,155,155,58,86,251},
{86,67,68,69,66,63,55,9},
{193,219,220,220,192,218,217,233},
{81,94,87,178,180,179,174,125},
{136,222,146,154,146,134,221,239},
{80,86,77,55,12,28,2,97},
{111,47,40,83,44,85,80,95},
{132,155,130,128,141,134,154,169},
{168,169,169,181,177,190,183,153},
{111,37,98,104,121,39,79,10},
{173,166,190,160,163,162,188,141},
{188,167,175,252,254,241,242,141},
{129,159,220,214,195,157,158,176},
{55,43,83,68,65,70,95,10},
{187,179,189,190,186,167,235,138},
{195,231,197,189,191,182,162,138},
{192,186,194,195,188,193,187,137},
{246,238,227,246,241,255,235,193},
{119,54,54,46,123,3,49,87},
{76,76,36,29,13,59,15,117},
{17,30,23,115,106,115,114,61},
{135,232,235,235,237,148,151,216},
{224,232,231,233,173,179,175,137},
{121,125,101,97,110,103,97,74},
{143,131,205,135,137,208,174,235},
{8,22,15,18,16,29,14,56},
{38,56,53,73,94,40,86,19},
{221,214,207,43,48,43,47,253},
{196,223,215,167,182,202,202,245},
{105,105,111,113,105,73,77,91},
{75,85,78,82,89,125,80,57},
{219,192,198,203,196,217,223,232},
{183,164,169,186,243,187,236,135},
{155,131,135,140,133,158,132,169},
{172,183,182,128,254,147,234,157},
{152,153,159,132,214,134,152,169},
{137,138,150,141,132,140,150,185},
{137,136,143,144,239,161,179,187},
{153,146,147,141,143,151,146,185},
{229,175,161,232,150,166,250,197},
{193,189,172,171,212,214,174,225},
{116,72,92,94,53,54,44,25},
{19,17,16,14,19,16,15,32},
{253,254,163,188,189,226,226,205},
{218,223,222,220,219,193,164,234},
{9,2,18,20,29,1,27,41},
{201,181,164,221,164,222,222,233},
{240,139,139,132,135,253,205,185},
{184,190,179,188,172,160,188,145},
{202,203,214,44,33,50,123,253},
{135,128,152,157,154,153,130,167},
{84,82,82,56,59,42,86,96},
{165,168,237,145,128,224,224,203},
{33,118,106,120,6,19,18,85},
{54,58,46,50,51,51,118,88},
{38,43,36,61,37,63,57,10},
{50,75,51,62,49,49,52,3},
{67,71,76,69,95,93,65,106},
{121,120,114,12,101,28,58,80},
{44,46,54,12,1,10,20,29},
{80,80,67,70,93,68,66,104},
{30,7,4,9,16,22,27,53},
{154,155,159,134,157,156,135,168},
{201,182,203,206,204,205,195,248},
{53,42,38,42,101,25,8,65},
{120,122,126,126,63,55,36,77},
{131,133,154,137,138,147,151,181},
{8,28,25,7,12,5,24,40},
{17,27,24,24,5,85,7,41},
{137,134,143,155,144,156,132,165},
{138,143,134,137,157,159,132,235},
{218,217,193,162,158,134,146,237},
{19,30,17,17,20,23,26,37},
{153,152,155,228,154,149,152,168},
{192,161,222,166,165,172,161,143},
{104,115,115,122,90,35,46,59},
{219,218,163,219,214,217,201,234},
{143,158,190,227,228,228,153,208},
{36,59,34,37,45,81,99,9},
{69,86,92,67,94,69,90,109},
{170,165,162,173,209,198,223,138},
{68,40,13,3,24,14,3,106},
{138,148,130,131,149,145,158,184},
{30,102,103,101,97,126,49,81},
{61,50,59,60,45,34,62,17},
{28,78,67,76,82,87,76,97},
{213,208,213,223,223,196,170,229},
{217,210,200,206,206,211,199,249},
{232,228,236,163,232,234,229,128},
{195,221,193,206,223,220,209,235},
{122,111,104,97,102,27,19,37},
{170,187,244,188,191,163,176,138},
{181,186,179,168,173,171,178,153},
{154,155,156,153,230,224,232,211},
{79,71,84,12,20,10,7,33},
{169,179,183,188,181,175,172,153},
{89,64,74,52,0,93,2,104},
{16,22,23,23,21,125,120,33},
{82,90,95,89,70,20,88,106},
{133,170,152,158,146,137,142,247},
{247,224,227,228,229,226,231,168},
{137,141,130,139,150,147,139,160},
{133,151,146,241,232,238,227,189},
{243,168,169,143,246,241,251,195},
{96,104,39,100,102,105,106,5},
{149,251,133,253,255,134,232,202},
{2,1,18,14,20,124,88,48},
{160,191,166,188,177,186,187,141},
{222,217,199,204,197,223,219,233},
{180,230,235,248,250,231,146,201},
{16,22,27,20,11,13,20,57},
{216,217,221,210,219,199,204,239},
{93,86,78,182,172,180,170,125},
{196,198,194,218,155,147,128,241},
{198,203,196,197,220,218,192,234},
{93,83,67,91,71,67,80,106},
{144,172,184,66,41,42,49,253},
{57,41,50,60,44,42,39,1},
{190,165,161,174,167,165,168,139},
{222,195,199,204,197,223,215,233},
{35,118,32,45,63,54,38,10},
{32,41,42,50,60,44,43,0},
{197,194,224,196,191,190,164,138},
{170,163,164,184,182,166,189,138},
{25,70,27,74,78,76,72,117},
{224,129,254,131,132,129,135,175},
{113,33,115,109,109,113,106,89},
{37,33,58,56,53,62,63,17},
{155,228,227,149,151,158,135,170},
{53,58,41,46,42,50,63,25},
{87,14,120,97,25,101,98,37},
{125,125,98,96,109,102,126,73},
{218,228,255,228,250,230,255,138},
{146,145,144,138,204,200,212,161},
{74,75,117,111,107,2,3,37},
{220,248,131,131,132,132,135,176},
{87,105,123,111,101,120,45,7},
{98,99,111,36,90,106,72,1},
{141,138,144,143,136,247,232,187},
{161,191,187,184,177,178,168,149},
{141,198,141,248,237,226,235,189},
{208,214,219,204,133,154,206,249},
{105,103,122,120,117,126,102,81},
{6,91,0,1,33,92,66,106},
{245,250,246,244,236,239,239,217},
{53,62,38,40,43,55,47,21},
{19,96,105,106,114,114,108,63},
{81,66,75,73,82,75,86,121},
{95,68,22,70,86,69,90,107},
{192,223,219,192,221,212,220,232},
{172,173,177,237,206,215,208,157},
{112,101,114,118,122,127,68,21},
{128,156,155,215,220,207,205,248},
{23,105,107,20,19,49,17,88},
{176,254,243,237,225,250,247,209},
{37,90,84,92,93,91,88,106},
{211,32,49,44,43,52,46,255},
{105,110,43,33,61,112,56,75},
{17,21,26,8,12,20,30,56},
{85,89,127,118,118,108,53,15},
{16,28,16,17,91,24,18,113},
{221,192,222,197,218,216,213,239},
{49,17,111,81,40,43,91,93},
{223,217,210,199,204,178,167,232},
{49,23,23,14,91,65,93,119},
{147,139,140,146,144,157,150,184},
{190,160,191,188,167,242,188,138},
{243,225,229,234,227,253,248,199},
{163,167,172,165,166,189,167,138},
{230,224,226,248,184,180,191,213},
{44,47,115,16,104,19,18,29},
{79,84,81,70,102,80,82,32},
{216,217,223,196,150,198,220,233},
{9,16,22,27,12,69,8,56},
{194,222,217,192,223,218,217,234},
{100,120,47,127,116,125,103,80},
{169,183,171,189,191,174,208,137},
{239,165,226,232,249,167,207,138},
{44,43,54,33,32,42,127,5},
{27,29,2,80,4,28,23,40},
{9,86,40,4,88,90,92,101},
{243,239,238,237,207,147,149,159},
{233,150,147,235,233,229,230,216},
{27,25,25,25,31,1,94,42},
{220,223,215,157,149,137,158,245},
{76,77,78,108,72,21,105,32},
{158,154,130,195,203,216,152,170},
{183,176,174,171,172,226,148,197},
{22,74,60,45,42,47,40,97},
{38,43,61,60,59,35,48,10},
{165,235,191,240,189,225,254,202},
{245,254,255,234,237,234,242,213},
{124,111,108,115,114,124,56,87},
{45,59,24,42,40,36,59,72},
{143,197,130,136,153,199,175,234},
{48,44,50,76,93,37,89,16},
{194,195,222,222,220,198,221,234},
{181,190,160,168,172,181,174,149},
{138,137,148,143,139,136,153,163},
{29,28,2,110,65,67,95,42},
{158,141,175,244,245,247,136,193},
{241,137,243,244,141,242,138,184},
{210,199,192,217,222,163,171,141},
{50,38,32,75,76,86,83,96},
{14,114,116,118,114,106,43,63},
{145,153,229,139,141,140,210,184},
{112,118,122,97,102,54,42,17},
{143,136,141,242,252,244,245,192},
{27,20,21,51,77,73,77,119},
{23,31,19,28,7,104,95,37},
{37,7,92,1,88,92,70,106},
{225,226,227,184,185,186,231,209},
{212,163,223,61,33,93,74,253},
{72,85,90,75,4,30,87,120},
{223,197,188,140,156,138,158,234},
{227,238,254,248,248,230,181,202},
{218,217,216,209,168,171,162,149},
{2,26,21,25,26,0,8,42},
{41,34,58,57,59,37,60,9},
{180,177,206,56,48,49,55,253},
{185,191,167,187,190,166,188,138},
{152,132,197,201,218,134,159,169},
{127,1,125,6,6,6,5,48},
{225,247,240,182,170,184,198,147},
{223,221,197,193,206,199,194,234},
{58,115,60,45,81,63,32,10},
{86,67,93,94,102,114,116,48},
{34,47,58,42,43,47,50,21},
{237,170,182,172,249,252,250,137},
{42,26,56,20,48,51,23,117},
{53,44,51,53,53,44,42,0},
{62,48,26,48,121,118,8,81},
{157,154,133,129,142,135,129,170},
{60,37,56,37,36,46,80,9},
{65,53,7,92,1,33,95,105},
{74,73,55,56,56,69,63,5},
{121,92,78,94,66,66,82,45},
{96,70,28,21,29,14,18,41},
{82,91,83,83,90,46,53,59},
{76,94,66,78,90,70,95,42},
{56,41,119,63,40,45,42,93},
{106,127,91,84,118,86,114,53},
{12,1,10,18,23,23,9,32},
{216,217,149,225,246,143,136,187},
{10,8,8,17,12,14,15,57},
{121,125,124,109,115,114,112,74},
{76,92,21,121,95,68,92,45},
{23,12,20,31,63,18,18,120},
{42,60,52,56,37,125,99,88},
{100,30,96,0,93,5,11,45},
{61,63,70,41,37,35,39,13},
{5,25,2,29,28,22,104,49},
{249,246,231,160,237,237,247,213},
{240,241,236,165,182,170,171,192},
{187,162,160,173,166,167,161,138},
{175,184,187,159,152,197,199,240},
{99,103,108,101,124,119,101,74},
{234,227,245,255,229,254,226,202},
{111,126,125,95,125,122,121,48},
{52,57,42,99,122,40,50,24},
{21,2,3,4,1,126,104,74},
{74,25,17,94,92,87,84,47},
{40,85,42,46,40,42,46,25},
{128,158,224,143,173,242,243,189},
{188,184,187,185,189,178,187,141},
{109,34,32,51,48,62,115,77},
{8,14,3,12,20,31,20,33},
{173,183,169,172,180,178,191,153},
{156,145,131,138,134,200,154,176},
{214,186,187,188,188,190,190,137},
{169,162,189,186,181,161,187,137},
{236,234,180,166,232,250,169,131},
{91,36,35,36,94,32,65,106},
{39,58,55,48,43,35,48,21},
{48,46,58,42,40,37,55,0},
{156,132,135,157,153,150,159,177},
{246,249,248,133,253,244,251,199},
{35,82,91,95,91,67,80,106},
{143,130,138,208,204,210,135,237},
{6,5,127,123,125,122,97,73},
{21,11,12,10,77,57,11,97},
{122,99,96,100,124,122,119,81},
{208,215,202,213,128,210,223,249},
{6,6,24,11,16,19,27,53},
{78,11,115,28,103,67,1,42},
{245,249,223,214,214,204,149,175},
{188,179,162,206,225,226,224,138},
{106,111,104,25,17,27,24,37},
{109,98,107,117,125,118,119,65},
{10,15,14,7,121,115,114,69},
{220,161,160,191,192,187,186,237},
{255,248,131,130,128,131,158,176},
{132,155,143,137,144,150,155,181},
{48,17,17,11,15,4,13,31},
{162,223,215,193,194,198,219,237},
{177,190,183,146,149,144,142,157},
{70,65,76,78,95,244,233,123},
{4,7,120,9,112,3,12,53},
{78,207,206,183,176,179,188,127},
{112,99,103,108,101,123,124,73},
{109,98,114,118,112,106,103,65},
{5,2,3,124,118,126,99,74},
{157,146,155,133,129,157,134,177},
{170,173,172,170,178,219,241,152},
{24,30,19,28,4,3,28,49},
{190,160,224,244,232,246,136,209},
{97,123,115,57,105,102,115,65},
{217,179,149,143,137,159,145,249},
{76,74,71,64,91,94,92,101},
{155,227,242,210,143,240,136,187},
{249,255,236,185,166,170,190,202},
{229,232,173,252,234,228,228,139},
{5,4,32,124,126,0,96,74},
{206,41,45,34,51,40,37,255},
{219,219,204,178,130,222,193,234},
{69,58,60,60,58,59,36,10},
{32,97,111,119,124,109,38,88},
{27,27,99,29,103,67,92,42},
{176,184,185,191,164,246,190,136},
{42,35,62,38,63,38,48,10},
{141,143,240,241,243,247,247,189},
{20,24,100,65,81,118,75,33},
{197,191,185,189,190,161,196,138},
{245,234,246,242,237,233,230,192},
{131,145,252,193,207,214,152,170},
{239,239,241,234,233,234,247,216},
{183,185,175,181,178,176,247,217},
{77,19,18,107,20,111,30,33},
{251,243,231,252,255,248,249,202},
{79,72,110,111,49,51,55,0},
{211,197,184,136,150,155,208,234},
{94,68,58,41,40,39,5,99},
{3,4,5,2,127,119,97,74},
{186,160,189,186,183,166,237,138},
{45,44,55,46,47,52,50,24},
{190,185,189,178,187,166,162,143},
{140,151,147,224,233,245,244,189},
{244,171,175,163,173,179,202,152},
{43,104,98,127,33,85,66,5},
{87,75,65,86,91,84,79,119},
{106,111,122,47,52,56,48,88},
{100,108,103,36,105,105,100,1},
{77,70,92,65,70,95,66,109},
{180,174,189,143,128,144,135,221},
{70,4,9,2,26,21,24,39},
{185,175,183,177,172,170,167,129},
{45,124,106,100,100,96,125,13},
{38,59,63,52,36,39,47,17},
{17,11,22,15,11,8,1,35},
{187,162,160,173,166,189,165,138},
{61,46,103,70,17,14,3,29},
{121,104,110,99,108,109,116,64},
{135,154,133,129,142,135,133,170},
{249,232,241,239,243,178,180,207},
{44,57,63,108,34,60,111,73},
{9,6,15,25,28,1,25,37},
{45,125,47,57,60,60,36,5},
{162,164,161,191,180,167,164,144},
{130,162,134,232,225,235,224,205},
{178,171,172,181,177,190,183,153},
{222,133,194,200,217,135,152,170},
{19,96,113,110,99,108,119,63},
{162,241,161,174,167,165,160,139},
{6,123,4,120,123,118,123,73},
{0,31,26,9,16,22,27,53},
{176,170,186,179,173,169,166,128},
{210,142,248,225,230,227,228,165},
{57,62,67,60,64,67,78,112},
{37,38,2,5,125,1,0,73},
{66,90,92,92,71,66,65,106},
{133,131,141,255,220,206,235,181},
{206,210,214,207,206,193,201,227},
{31,92,93,1,11,4,2,47},
{211,136,137,214,214,167,133,227},
{162,163,186,191,167,162,161,138},
{56,63,61,36,35,62,57,10},
{101,98,28,65,103,96,6,42},
{107,100,127,125,125,125,96,75},
{68,80,44,233,251,231,163,125},
{234,191,164,168,160,239,188,202},
{197,231,188,189,191,192,161,138},
{130,253,217,135,219,129,129,179},
{80,88,89,95,68,22,70,104},
{197,216,197,196,199,207,156,234},
{111,75,82,75,79,68,85,95},
{91,66,64,77,87,86,92,106},
{116,124,119,61,61,109,37,17},
{216,217,196,193,201,202,218,237},
{91,82,93,85,78,27,24,106},
{253,239,237,215,205,194,218,221},
{128,128,130,130,216,129,142,176},
{180,185,169,178,183,189,175,128},
{60,58,55,48,45,47,54,21},
{185,197,171,173,172,242,175,153},
{70,88,95,89,12,94,83,109},
{206,246,226,228,143,128,155,163},
{67,70,93,68,66,79,88,106},
{60,57,70,64,72,73,79,117},
{128,143,131,134,129,142,135,184},
{49,52,42,41,52,47,43,1},
{85,18,24,88,10,71,8,117},
{153,157,146,155,156,130,142,176},
{52,53,50,33,37,42,35,5},
{50,62,35,56,39,35,48,10},
{4,16,111,47,50,43,55,61},
{183,165,185,244,242,240,189,151},
{111,106,117,31,53,63,49,89},
{41,51,49,47,55,54,54,1},
{24,18,26,31,25,6,84,41},
{84,37,37,45,47,14,115,27},
{147,150,147,146,145,146,224,163},
{108,97,106,118,114,104,116,64},
{232,244,234,227,250,224,252,200},
{43,50,41,63,61,103,121,74},
{10,9,31,125,97,29,47,61},
{154,154,152,135,140,159,157,168},
{237,226,235,236,244,247,247,193},
{109,102,125,98,98,127,106,77},
{212,222,139,104,100,108,35,253},
{80,81,87,76,30,78,86,97},
{7,119,25,26,26,64,29,39},
{166,150,144,155,131,197,203,159},
{18,9,22,108,97,114,59,61},
{36,95,123,41,117,35,35,21},
{1,125,106,20,106,111,22,33},
{125,96,102,107,100,123,121,72},
{121,75,87,68,105,115,95,45},
{74,95,39,87,80,43,84,21},
{6,21,20,48,108,110,16,89},
{81,89,22,20,31,28,18,120},
{31,15,41,44,44,50,107,69},
{97,107,104,104,117,37,119,89},
{79,68,85,30,1,95,64,99},
{163,171,211,188,199,227,160,138},
{234,232,229,246,191,170,254,195},
{144,128,158,220,192,222,160,249},
{249,246,238,243,253,239,235,193},
{37,7,92,93,95,32,65,106},
{225,251,243,252,228,227,254,201},
{121,120,6,11,7,13,109,48},
{98,66,67,8,8,11,6,45},
{190,185,163,253,255,241,230,139},
{37,46,4,42,14,34,46,73},
{23,25,15,21,18,16,87,121},
{233,190,162,128,254,235,234,157},
{196,222,222,216,166,179,203,245},
{206,49,56,41,53,51,44,255},
{216,194,219,194,177,205,211,232},
{137,155,143,133,143,148,206,232},
{217,146,138,217,193,206,199,233},
{217,202,131,205,221,161,147,249},
{134,144,238,251,223,132,250,175},
{96,36,44,39,109,109,61,64},
{218,201,235,184,185,187,196,133},
{236,145,238,213,209,210,205,221},
{69,74,91,20,85,94,67,105},
{21,105,126,84,9,10,11,53},
{180,171,178,176,189,174,182,153},
{11,23,11,15,4,13,14,32},
{2,3,25,20,7,2,1,42},
{0,1,7,28,78,30,6,49},
{13,6,31,27,1,27,26,45},
{120,121,106,102,125,120,103,80},
{4,1,2,0,26,24,21,47},
{128,130,128,152,149,134,207,177},
{5,22,11,8,25,6,11,37},
{163,165,171,158,186,182,188,202},
{87,80,82,81,71,58,10,101},
{109,75,76,77,74,54,51,1},
{73,74,74,51,76,76,74,121},
{134,162,212,221,215,220,220,234},
{32,43,58,56,53,62,37,17},
{115,99,126,122,123,124,100,71},
{218,164,220,217,166,215,173,147},
{229,234,227,255,254,248,224,201},
{91,66,17,65,78,71,65,106},
{240,140,169,185,143,172,179,202},
{26,59,43,45,14,23,16,93},
{121,5,18,48,109,110,111,89},
{131,130,140,242,231,230,129,170},
{219,217,195,198,221,196,147,232},
{149,150,151,204,204,207,206,249},
{244,254,128,175,174,173,211,221},
{123,127,121,124,96,27,53,74},
{249,253,242,251,230,228,226,208},
{20,22,31,24,6,31,2,37},
{77,66,83,72,69,78,79,97},
{226,250,252,250,227,252,224,202},
{10,88,23,28,14,15,19,57},
{196,219,194,197,196,206,176,233},
{55,84,122,75,126,90,13,31},
{68,71,79,85,72,72,82,117},
{167,184,191,162,189,232,186,144},
{177,205,220,164,220,166,222,145},
{53,62,32,41,47,53,47,21},
{251,251,254,226,143,175,172,201},
{148,149,142,213,133,138,131,165},
{252,251,246,252,241,250,226,205},
{92,68,72,88,68,65,65,41},
{191,164,223,233,245,250,220,137},
{253,243,225,252,252,252,249,202},
{14,5,43,7,68,88,70,96},
{228,227,231,232,247,188,169,213},
{147,132,205,131,211,148,153,179},
{91,66,64,77,94,70,80,106},
{215,208,207,194,203,211,201,247},
{96,101,101,44,107,97,125,9},
{126,103,97,110,112,115,123,85},
{100,97,97,113,116,107,114,85},
{130,131,158,152,159,134,157,170},
{221,159,149,132,137,130,154,165},
{33,63,37,33,46,39,33,10},
{198,183,205,204,195,200,211,247},
{63,35,38,61,36,46,80,9},
{21,57,10,57,27,78,79,97},
{231,245,233,149,130,131,132,199},
{185,180,170,243,131,237,178,216},
{65,71,85,19,25,28,89,115},
{165,174,177,188,177,167,186,133},
{233,201,206,228,184,197,184,133},
{134,139,247,133,151,128,131,170},
{117,98,99,100,97,30,8,42},
{60,70,62,76,64,74,79,117},
{101,98,29,98,31,26,0,42},
{129,134,251,132,248,251,246,200},
{134,250,250,252,132,252,251,201},
{124,113,122,98,100,99,123,80},
{232,195,193,193,221,131,145,171},
{87,42,20,15,20,10,22,121},
{0,125,95,5,13,6,15,49},
{125,97,121,124,100,98,111,73},
{138,141,149,151,159,178,164,187},
{252,249,134,128,136,137,143,181},
{194,223,219,216,209,205,202,245},
{189,164,164,169,169,181,170,149},
{163,173,236,146,162,128,153,202},
{165,186,232,188,166,166,165,145},
{145,143,147,235,250,218,135,177},
{238,131,163,160,175,162,180,192},
{116,119,127,12,14,1,2,93},
{138,131,132,154,155,134,157,170},
{222,245,239,244,252,243,191,153},
{103,119,108,115,119,124,117,87},
{69,95,69,65,78,71,72,106},
{130,159,155,152,145,137,138,181},
{164,180,162,166,170,179,235,197},
{69,74,81,212,228,250,247,125},
{76,73,72,71,64,59,58,5},
{89,95,77,67,77,74,30,42},
{226,227,254,254,251,230,253,202},
{155,154,159,156,154,143,239,170},
{229,234,227,253,253,246,224,201},
{93,82,91,92,71,95,90,113},
{88,82,76,86,76,74,71,97},
{100,106,104,99,105,124,41,3},
{241,236,128,130,183,167,170,193},
{3,2,12,114,66,30,0,42},
{213,194,207,198,221,210,199,237},
{55,57,34,124,96,126,119,89},
{129,142,191,136,156,153,149,234},
{29,23,90,23,19,30,31,120},
{178,176,189,182,174,144,138,155},
{137,154,211,153,207,130,143,169},
{177,174,170,177,172,169,182,153},
{131,253,252,245,248,239,254,202},
{208,216,210,206,208,213,213,224},
{59,57,60,36,34,47,56,10},
{237,226,243,188,243,255,235,193},
{240,129,248,130,223,251,133,175},
{188,171,137,214,215,217,166,227},
{69,66,60,60,98,99,32,10},
{46,107,41,35,42,74},
{147,193,219,223,219,221,193,232},
{144,139,130,138,145,137,136,184},
{2,3,61,55,51,90,65,109},
{126,57,116,102,122,118,98,16},
{60,54,72,40,80,83,119,21},
{57,43,63,53,40,125,99,88},
{67,88,92,95,66,65,73,107},
{48,116,124,119,52,112,120,16},
{104,112,123,116,83,67,77,29},
{180,182,183,184,177,178,191,133},
{116,111,110,97,105,21,39,69},
{36,93,88,94,95,94,23,107},
{192,223,219,216,209,195,201,245},
{220,154,134,156,226,241,211,185},
{37,38,57,126,107,117,118,21},
{245,239,237,216,204,208,218,221},
{130,131,156,154,151,144,129,179},
{255,231,236,224,230,231,231,202},
{172,169,174,217,160,219,218,229},
{172,142,242,175,245,169,245,192},
{116,119,108,1,43,55,34,64},
{194,221,213,222,193,216,217,234},
{156,145,128,130,131,153,150,176},
{117,37,42,35,62,59,37,8},
{130,255,248,231,229,252,146,205},
{232,244,153,189,190,181,184,217},
{178,162,165,161,174,208,161,138},
{102,103,89,75,79,38,61,9},
{217,218,209,220,206,210,203,184},
{193,218,197,193,206,194,216,234},
{180,185,178,174,183,172,183,152},
{142,132,137,130,157,156,134,167},
{215,154,151,144,140,131,144,181},
{130,153,156,130,156,134,156,170},
{167,184,247,189,183,190,251,213},
{155,146,149,149,155,129,228,170},
{184,203,203,204,197,218,215,241},
{153,150,159,137,140,142,143,181},
{255,242,255,226,139,161,161,201},
{31,13,0,17,9,15,20,55},
{176,166,189,162,160,173,166,136},
{146,158,151,232,243,235,238,189},
{87,105,123,111,101,120,45,7},
{184,204,207,194,207,210,187,247},
{194,199,192,161,169,163,160,141},
{120,103,44,57,35,32,28,72},
{64,95,15,23,28,21,12,56},
{48,57,58,34,34,33,63,16},
{210,220,216,196,133,137,154,231},
{219,194,216,220,212,154,214,175},
{240,246,251,244,232,236,242,217},
{88,124,96,96,116,120,116,17},
{7,104,74,79,70,73,93,41},
{78,34,92,91,92,38,94,17},
{37,18,54,34,48,32,110,64},
{215,207,159,148,157,135,143,177},
{156,131,154,152,149,158,134,177},
{130,145,239,169,209,171,172,221},
{89,67,74,68,88,67,69,113},
{28,29,27,24,74,26,27,45},
{133,153,130,145,149,154,147,181},
{136,157,146,155,133,128,129,176},
{148,137,135,141,196,186,214,224},
{1,14,7,4,3,6,28,45},
{106,99,125,116,122,98,101,74},
{111,22,38,60,49,21,46,65},
{216,219,220,248,160,175,163,145},
{35,48,98,50,47,37,47,23},
{97,106,113,113,116,107,118,65},
{76,74,71,64,92,90,68,101},
{239,230,215,246,228,232,244,129},
{109,110,117,124,112,99,102,69},
{170,190,162,163,163,230,230,201},
{164,187,162,172,210,191,192,137},
{248,226,249,226,225,228,255,208},
{2,5,11,1,29,21,83,48},
{230,228,163,248,161,174,228,137},
{231,159,146,157,149,144,147,168},
{3,13,72,26,23,10,8,51},
{38,36,47,44,34,111,15,74},
{34,56,60,32,63,59,57,10},
{99,101,96,124,109,61,63,16},
{105,116,117,111,116,115,116,65},
{40,41,51,50,50,44,43,0},
{156,140,215,40,117,89,106,253},
{37,47,18,34,54,49,53,64},
{93,25,7,27,99,114,82,56},
{57,58,34,32,38,63,58,17},
{123,113,123,105,52,53,106,24},
{180,182,174,164,169,186,243,133},
{44,81,46,18,20,22,18,29},
{230,186,224,189,226,227,223,138},
{128,254,251,139,128,134,129,176},
{145,158,151,241,247,243,232,189},
{182,182,180,174,238,254,226,217},
{141,148,139,142,149,145,158,184},
{217,219,220,148,213,217,202,183},
{167,222,238,244,249,205,224,137},
{112,85,72,78,67,76,77,95},
{110,118,112,111,107,104,97,67},
{252,255,246,225,233,252,131,205},
{55,125,117,58,56,59,56,83},
{45,38,63,59,33,59,58,13},
{196,221,217,214,199,128,201,243},
{129,196,219,194,201,223,219,232},
{169,170,176,188,172,171,182,129},
{218,219,192,196,218,216,213,239},
{49,47,42,57,32,38,43,5},
{121,97,120,102,124,122,119,81},
{70,75,92,21,92,86,13,106},
{70,70,70,71,91,52,22,113},
{142,242,140,139,253,247,254,193},
{138,131,132,159,157,159,153,170},
{178,188,181,190,181,161,160,131},
{131,135,140,156,155,151,156,170},
{96,123,121,126,97,126,126,72},
{229,255,249,229,252,231,231,205},
{101,106,123,52,126,125,50,73},
{148,150,140,157,140,143,135,161},
{41,5,54,61,31,74,75,93},
{138,147,142,132,137,154,133,165},
{124,115,122,116,115,121,112,74},
{131,128,142,195,187,170,138,224},
{104,96,97,103,124,46,126,80},
{99,103,108,101,124,122,96,74},
{3,7,12,118,113,102,127,42},
{66,18,10,8,13,17,10,57},
{24,88,76,80,78,48,57,106},
{107,49,59,51,61,54,90,7},
{233,162,227,185,241,254,247,217},
{55,34,32,43,59,75,92,15},
{11,23,20,31,10,17,29,35},
{28,3,29,5,24,27,19,45},
{232,240,133,169,143,134,134,221},
{69,93,89,86,95,73,72,115},
{105,119,112,78,1,31,3,29},
{109,119,115,64,73,86,83,93},
{215,194,143,139,134,135,139,225},
{23,53,106,107,109,18,111,88},
{105,114,120,101,100,110,16,73},
{210,217,220,194,223,223,217,234},
{84,75,82,92,34,55,54,121},
{57,54,63,46,32,49,35,21},
{244,243,238,201,205,194,203,221},
{227,255,187,161,189,193,208,153},
{149,130,160,253,254,255,224,202},
{59,58,36,36,46,106,126,10},
{40,33,59,56,57,61,33,8},
{61,65,80,111,17,109,79,29},
{213,200,202,207,213,212,222,248},
{73,53,36,0,93,94,94,105},
{148,220,157,145,130,222,168,241},
{220,215,198,220,209,218,194,237},
{201,194,218,221,198,216,222,233},
{131,207,205,215,223,95,49,251},
{65,64,65,64,84,94,86,112},
{166,171,164,190,189,162,169,138},
{225,226,251,231,253,231,227,201},
{108,37,42,35,36,60,56,8},
{215,220,213,201,203,53,46,251},
{247,238,187,161,189,193,208,153},
{155,158,159,132,135,143,158,170},
{182,163,219,163,164,223,160,233},
{20,92,29,17,2,94,40,113},
{138,148,212,200,212,202,180,229},
{208,210,208,221,215,222,207,225},
{124,127,114,127,98,24,61,72},
{12,4,18,13,22,108,97,59},
{121,99,102,103,120,101,101,81},
{221,222,197,202,203,211,214,245},
{221,214,199,56,42,48,54,253},
{131,153,137,190,139,157,134,234},
{222,197,193,194,221,154,144,239},
{163,165,145,187,189,185,178,208},
{54,43,43,53,49,62,55,25},
{16,11,9,11,21,16,15,56},
{180,183,191,197,207,198,131,157},
{108,21,108,23,19,26,27,35},
{234,227,228,252,252,255,249,202},
{250,233,240,246,251,241,245,215},
{133,139,136,155,213,219,158,184},
{250,253,225,255,231,227,240,202},
{49,47,122,36,41,34,63,5},
{183,252,233,243,240,204,216,153},
{218,137,217,214,198,193,202,243},
{108,105,106,86,79,50,2,93},
{82,63,99,33,32,126,127,13},
{206,204,215,138,226,201,211,161},
{227,226,236,146,135,134,188,202},
{107,19,33,127,126,97,30,75},
{51,71,54,0,68,76,71,29},
{70,81,85,90,83,77,76,119},
{67,75,17,77,49,94,63,106},
{20,23,8,22,29,15,11,33},
{1,27,29,31,4,3,30,41},
{82,44,46,39,41,24,10,27},
{64,78,3,123,20,74,23,33},
{2,2,2,30,5,4,2,48},
{199,195,199,196,220,194,220,239},
{96,126,0,80,13,83,82,93},
{198,154,131,152,149,158,135,177},
{113,112,112,104,117,113,117,64},
{49,43,35,91,52,106,72,1},
{160,163,167,189,185,182,191,145},
{129,159,131,148,139,142,143,161},
{251,248,164,172,171,179,181,213},
{59,57,59,61,33,58,57,10},
{63,57,36,33,34,59,58,13},
{18,23,16,81,89,83,80,93},
{74,80,86,91,84,76,77,120},
{11,15,14,96,46,48,99,61},
{153,154,133,202,223,193,194,169},
{122,126,117,70,97,117,123,15},
{1,90,87,19,80,22,20,117},
{85,86,9,4,13,9,17,57},
{95,94,64,95,89,89,93,107},
{121,63,53,56,125,59,49,89},
{239,193,195,212,145,237,252,173},
{129,138,151,148,145,137,149,161},
{13,23,22,25,4,30,29,37},
{166,241,235,232,225,251,242,197},
{116,96,65,117,113,127,98,17},
{12,14,118,44,45,11,114,61},
{41,38,47,58,57,59,38,5},
{166,246,238,211,211,201,210,221},
{115,122,125,109,115,111,15,74},
{214,206,214,44,33,42,52,253},
{25,3,11,5,28,27,6,49},
{51,46,35,44,45,55,50,1},
{132,147,148,151,144,140,209,219},
{67,71,76,69,70,90,69,106},
{16,31,16,6,107,75,72,37},
{107,99,28,50,50,57,24,88},
{249,190,246,198,129,129,252,157},
{105,46,106,126,117,50,127,13},
{209,212,203,207,196,205,222,224},
{89,8,30,8,8,12,17,121},
{206,205,201,194,213,221,161,248},
{163,161,175,183,170,179,183,149},
{19,27,29,13,66,64,83,42},
{225,242,252,228,226,239,248,202},
{1,94,32,63,56,71,69,109},
{101,116,117,113,101,106,123,69},
{81,85,85,74,72,69,78,96},
{35,49,53,58,51,52,47,23},
{7,25,26,42,62,56,83,117},
{176,162,130,137,139,151,208,234},
{110,97,69,25,19,26,24,39},
{121,119,121,126,50,115,123,24},
{209,202,213,212,213,204,214,249},
{136,139,152,133,132,159,155,177},
{202,195,196,223,221,214,217,234},
{42,44,51,54,45,52,55,24},
{95,125,126,127,120,36,39,16},
{173,178,180,176,164,187,178,133},
{225,248,249,176,189,175,168,153},
{94,67,23,69,92,88,67,106},
{173,183,180,188,162,187,187,133},
{69,99,25,24,27,31,1,41},
{209,215,201,134,140,157,195,229},
{190,187,167,188,186,184,185,138},
{114,8,7,118,120,127,119,61},
{164,187,162,160,173,166,187,137},
{73,74,81,80,80,79,74,97},
{166,188,177,186,187,165,164,143},
{188,173,243,244,237,245,238,217},
{117,27,99,100,97,31,127,42},
{170,185,190,187,162,175,162,138},
{80,64,75,80,77,72,73,120},
{236,239,144,214,217,212,218,221},
{142,141,195,208,195,195,193,237},
{249,246,255,236,235,236,244,213},
{213,204,212,51,55,43,47,253},
{65,81,66,74,84,82,95,121},
{76,104,107,79,72,28,20,32},
{146,237,232,208,217,204,179,221},
{19,105,89,73,76,90,74,41},
{149,141,139,242,236,243,247,189},
{89,88,65,35,18,0,28,109},
{132,254,223,200,220,230,222,170},
{78,57,70,59,62,60,61,7},
{69,99,100,99,28,28,29,41},
{214,245,206,210,204,138,150,165},
{230,228,254,190,174,178,176,138},
{209,208,173,219,220,210,212,224},
{143,138,144,133,136,151,150,185},
{137,208,184,111,117,106,98,253},
{37,38,30,10,12,103,120,74},
{230,229,199,156,156,225,153,169},
{208,217,218,203,221,216,199,240},
{11,8,7,10,28,0,5,106},
{244,234,148,133,130,135,128,201},
{116,80,91,37,57,98,126,61},
{32,38,43,60,117,56,58,9},
{85,86,10,80,114,9,9,57},
{184,189,188,160,173,190,247,137},
{91,91,69,65,78,94,64,106},
{127,36,92,32,32,46,55,19},
{25,0,123,85,73,70,112,45},
{72,15,18,13,0,20,18,33},
{68,83,45,87,47,105,110,27},
{30,11,26,24,21,30,31,49},
{105,29,10,11,12,9,118,65},
{103,103,110,117,110,106,114,85},
{76,72,70,172,161,170,178,125},
{227,224,238,163,219,204,207,128},
{7,23,8,10,18,21,20,55},
{29,31,12,16,14,102,94,42},
{87,80,74,66,67,83,79,119},
{78,71,58,58,60,56,35,7},
{73,22,104,97,25,29,28,37},
{91,36,35,1,33,3,70,106},
{228,225,230,255,128,138,130,173},
{105,119,107,19,2,126,6,73},
{25,27,30,6,30,29,7,40},
{164,161,166,191,192,202,194,237},
{98,125,117,9,24,23,53,83},
{24,10,23,31,9,46,28,119},
{160,177,174,163,181,181,175,128},
{73,88,88,89,65,78,93,105},
{251,132,252,132,129,163,153,202},
{181,186,179,174,172,174,176,153},
{214,209,205,146,139,146,149,183},
{208,206,155,130,132,151,211,237},
{247,237,240,255,224,230,235,197},
{141,151,158,175,142,156,144,248},
{77,94,2,116,101,98,103,40},
{53,54,45,16,10,16,19,29},
{181,181,184,189,177,254,128,217},
{41,41,36,41,37,106,20,69},
{86,81,81,75,83,79,75,97},
{116,109,109,119,115,64,81,91},
{161,160,185,203,240,224,254,149},
{4,89,35,83,92,94,87,104},
{122,51,127,121,98,111,96,74},
{117,109,113,109,56,106,103,65},
{80,65,10,21,69,89,86,112},
{242,232,246,157,205,194,203,221},
{57,29,61,66,24,60,57,112},
{253,231,238,200,227,225,225,136},
{218,219,196,219,223,212,221,239},
{245,255,252,228,249,169,251,205},
{28,11,31,21,84,84,87,120},
{30,14,41,3,15,13,28,106},
{117,122,115,109,100,110,103,89},
{184,191,162,167,162,187,191,141},
{106,63,36,40,32,111,15,74},
{67,40,0,30,5,92,52,109},
{10,3,29,21,29,2,7,42},
{43,38,43,14,117,71,91,29},
{159,173,141,242,141,140,245,192},
{233,240,242,253,245,233,246,193},
{183,231,236,229,255,228,225,202},
{208,214,219,209,213,207,207,249},
{127,121,113,127,102,8,126,27},
{227,231,236,253,224,255,168,202},
{189,237,191,176,170,175,178,149},
{196,130,158,132,149,222,197,161},
{94,75,74,77,74,106,50,1},
{42,40,37,5,33,53,37,79},
{219,216,209,200,201,197,214,247},
{237,234,232,244,232,244,242,216},
{107,19,2,34,126,25,61,75},
{32,14,10,3,11,11,2,97},
{135,154,133,129,142,135,152,170},
{77,6,74,228,173,162,171,125},
{193,211,221,195,223,199,198,233},
{185,166,171,189,191,184,163,137},
{145,215,221,208,156,150,232,177},
{121,75,89,73,67,90,15,41},
{32,44,50,60,120,114,108,25},
{77,18,19,21,106,23,21,33},
{107,108,114,81,81,75,79,93},
{112,110,44,48,46,80,95,10},
{207,210,164,144,178,177,206,249},
{179,160,186,164,162,175,162,138},
{144,159,189,226,227,229,154,207},
{173,131,139,153,211,173,154,249},
{11,8,1,25,29,7,20,39},
{180,171,179,161,160,170,226,133},
{155,199,156,193,150,151,136,170},
{8,65,92,93,16,29,22,56},
{164,229,233,250,166,208,217,138},
{79,125,93,127,36,92,39,16},
{7,8,9,86,87,80,13,55},
{130,131,131,198,176,156,192,235},
{64,91,95,84,93,68,65,113},
{127,50,63,8,22,18,8,29},
{113,126,119,72,83,86,91,93},
{233,236,243,234,232,229,238,192},
{176,177,183,172,254,180,181,129},
{68,71,90,88,85,94,95,113},
{69,68,61,61,71,99,32,10},
{176,168,168,175,179,175,183,152},
{40,59,32,62,34,35,35,71},
{213,223,206,197,216,195,199,229},
{16,93,93,80,85,89,22,48},
{3,1,24,0,4,31,27,49},
{13,79,65,84,17,109,3,45},
{58,68,67,53,63,54,37,10},
{113,115,112,112,112,104,23,65},
{97,102,55,121,119,126,59,21},
{78,83,87,92,85,86,77,121},
{64,94,32,207,200,238,239,125},
{189,165,178,165,164,167,175,137},
{125,114,123,99,97,125,96,81},
{76,73,54,48,56,57,63,5},
{103,110,110,116,45,51,47,9},
{188,171,182,185,188,163,167,133},
{56,49,50,46,45,52,51,24},
{168,178,255,251,246,247,251,145},
{248,250,246,241,235,177,166,193},
{141,134,158,132,154,131,154,173},
{16,27,13,225,175,196,234,125},
{179,131,135,141,144,149,199,225},
{241,233,241,237,233,230,239,193},
{32,94,110,50,52,53,55,0},
{46,14,42,84,84,84,85,97},
{165,191,164,172,163,141,191,202},
{21,2,125,125,7,127,97,74},
{3,39,5,125,127,127,98,74},
{1,93,11,11,1,0,24,48},
{190,226,251,224,237,230,246,201},
{93,75,20,115,73,80,95,56},
{23,10,19,15,21,18,16,120},
{56,38,88,65,70,67,68,5},
{82,77,73,70,79,90,93,99},
{245,254,255,233,232,236,242,213},
{25,6,29,20,7,3,16,42},
{168,227,179,128,137,147,147,157},
{147,73,72,110,111,61,55,255},
{252,254,241,242,248,181,201,144},
{4,7,15,68,89,87,93,45},
{33,93,51,53,53,55,107,1},
{221,244,237,226,243,188,240,191},
{173,181,177,190,183,146,150,155},
{250,167,160,161,254,254,225,202},
{83,92,68,71,79,85,72,115},
{63,122,4,48,20,50,16,89},
{225,242,239,228,245,239,231,193},
{77,49,32,28,62,66,58,109},
{31,68,69,70,71,20,73,115},
{253,129,238,140,208,211,143,221},
{98,108,109,117,117,45,94,23},
{0,60,97,98,98,27,100,79},
{161,183,216,250,255,246,249,152},
{3,4,2,77,83,79,47,106},
{10,69,67,89,14,112,127,42},
{238,228,233,226,251,231,253,199},
{143,136,150,99,100,42,92,253},
{136,153,210,153,206,129,142,168},
{219,211,192,144,137,150,155,181},
{198,139,243,228,231,158,128,170},
{100,122,119,36,56,38,88,1},
{216,222,211,220,199,199,199,241},
{162,172,164,165,163,176,226,147},
{148,233,232,153,230,147,147,165},
{196,130,128,147,144,158,211,237},
{228,231,239,143,158,155,154,205},
{194,143,223,212,221,206,194,241},
{254,240,236,242,154,186,166,207},
{1,9,117,98,28,65,30,40},
{152,128,129,158,128,156,154,176},
{82,65,63,33,33,91,33,13},
{181,166,243,224,236,228,171,133},
{33,33,41,43,50,81,123,24},
{190,165,187,160,184,190,179,141},
{70,70,82,31,27,22,23,112},
{154,184,228,159,231,239,239,211},
{170,182,172,210,226,227,160,138},
{117,122,115,116,108,102,107,89},
{39,46,33,55,32,51,55,21},
{184,174,162,185,238,242,240,202},
{8,27,31,20,29,7,7,49},
{216,213,235,253,249,148,149,183},
{227,155,192,153,154,150,134,170},
{17,12,12,6,120,97,69,35},
{52,52,50,60,56,36,101,5},
{114,71,65,70,80,88,67,49},
{234,135,248,241,240,138,215,181},
{194,195,196,223,199,194,193,234},
{198,211,212,213,210,175,167,153},
{231,250,229,228,238,144,188,202},
{221,192,198,203,220,193,206,232},
{146,142,154,138,137,132,146,224},
{98,120,127,125,97,121,121,74},
{122,120,55,37,57,69,84,21},
{81,83,44,85,87,83,83,97},
{123,4,125,120,126,127,126,74},
{12,0,11,80,46,61,67,109},
{216,223,223,195,223,199,198,233},
{197,218,219,196,222,198,218,237},
{69,94,68,65,88,94,83,109},
{154,155,151,220,142,195,221,249},
{78,95,94,82,116,80,89,57},
{185,188,163,186,184,181,190,144},
{69,74,67,88,95,94,64,105},
{117,39,110,56,53,39,32,17},
{0,26,23,8,65,88,89,53},
{192,194,195,196,188,198,155,241},
{36,107,113,109,17,0,60,74},
{33,13,62,5,39,114,115,85},
{224,155,156,229,156,231,230,209},
{244,249,242,237,239,246,235,216},
{100,66,30,92,93,94,124,45},
{162,221,212,220,217,220,209,235},
{248,249,179,240,250,215,137,155},
{20,31,15,119,96,101,98,37},
{241,235,234,247,236,247,243,217},
{52,55,41,94,96,121,98,5},
{152,147,158,154,129,142,240,169},
{87,115,12,7,11,115,121,59},
{54,33,37,42,35,61,56,7},
{216,218,220,220,219,217,207,233},
{130,154,152,154,152,128,137,170},
{130,147,154,132,131,158,153,170},
{10,116,99,98,97,67,92,42},
{66,68,77,70,70,73,81,115},
{238,222,130,253,217,255,135,177},
{213,138,141,140,137,142,145,185},
{212,222,160,108,72,50,74,253},
{82,88,67,94,71,67,80,106},
{68,66,79,88,89,71,64,109},
{131,144,153,134,129,135,154,175},
{77,70,87,70,90,67,69,109},
{168,161,190,186,161,188,167,136},
{193,197,202,219,148,217,223,232},
{190,164,218,207,200,193,198,131},
{240,241,238,226,245,240,239,216},
{6,11,4,5,27,25,25,42},
{166,187,191,180,165,238,241,145},
{161,240,250,242,140,184,185,207},
{53,41,62,124,59,49,45,89},
{169,166,175,160,184,187,185,133},
{70,66,95,3,81,72,79,117},
{215,208,208,209,209,208,220,227},
{213,218,220,208,204,207,211,237},
{197,197,220,195,220,218,215,241},
{44,44,44,25,17,12,96,29},
{211,32,48,49,51,40,37,255},
{81,90,64,90,91,71,67,105},
{49,45,55,45,41,38,47,1},
{68,71,56,78,65,76,66,117},
{108,104,101,109,105,96,104,0},
{252,254,253,254,129,179,161,205},
{49,53,58,51,45,44,46,24},
{145,144,142,132,137,154,211,165},
{155,152,145,138,144,140,148,183},
{74,7,3,14,15,3,80,106},
{229,230,187,224,225,189,183,137},
{41,38,47,59,61,56,38,5},
{89,82,72,72,86,72,86,121},
{129,167,174,174,180,237,243,200},
{234,251,180,169,168,227,240,202},
{80,86,91,84,68,85,76,121},
{28,29,26,103,111,105,106,83},
{50,63,34,72,111,124,121,10},
{83,90,94,92,79,77,81,107},
{200,216,222,211,196,141,195,240},
{241,250,234,228,229,249,227,209},
{201,212,157,142,146,147,173,249},
{156,153,239,236,236,234,251,213},
{117,97,101,113,112,122,47,85},
{9,15,17,46,36,53,107,61},
{163,233,162,238,229,241,254,216},
{180,188,165,252,252,246,184,209},
{130,155,159,148,157,128,156,177},
{125,114,123,102,101,99,120,81},
{116,112,96,103,122,101,97,71},
{242,244,235,155,138,143,136,193},
{50,95,3,63,56,30,66,109},
{139,144,154,228,208,244,142,184},
{60,49,58,34,36,44,61,16},
{239,150,172,177,166,174,231,193},
{207,205,214,41,33,93,51,253},
{77,92,87,92,81,90,65,109},
{206,238,239,188,188,191,178,129},
{117,71,29,65,97,67,0,42},
{233,234,238,212,201,132,150,221},
{136,199,215,205,199,209,207,160},
{139,130,199,154,140,158,158,229},
{26,15,30,20,25,18,3,53},
{144,238,253,130,253,250,135,176},
{180,206,147,48,72,51,52,253},
{90,95,88,41,33,43,40,21},
{71,64,69,58,52,60,61,8},
{230,252,241,226,171,177,230,207},
{20,19,14,105,97,29,47,61},
{106,114,98,103,110,60,65,1},
{238,247,242,225,229,234,227,197},
{10,116,29,100,66,30,92,42},
{138,199,195,206,207,195,144,170},
{17,65,14,22,23,80,88,49},
{89,88,79,77,81,59,29,109},
{124,97,122,124,100,98,111,73},
{245,137,158,232,144,235,235,213},
{47,58,38,60,123,127,115,25},
{170,172,241,175,166,151,149,155},
{189,201,251,244,214,170,171,149},
{182,176,172,175,179,188,189,143},
{157,159,195,129,128,251,128,173},
{8,16,21,8,23,21,15,32},
{89,89,35,36,35,1,86,104},
{241,197,239,225,229,238,163,133},
{238,245,236,234,231,224,251,195},
{184,235,147,132,129,134,159,202},
{41,32,32,43,41,74,89,16},
{15,5,22,12,12,105,60,59},
{111,105,98,126,115,124,102,79},
{180,146,147,50,50,50,58,253},
{132,248,197,215,203,143,141,170},
{113,126,119,84,81,82,76,93},
{212,211,200,213,212,211,206,225},
{110,110,114,113,108,119,118,89},
{43,1,123,126,125,125,99,71},
{35,45,46,42,55,91,9,27},
{81,82,73,85,80,79,86,121},
{251,167,245,245,251,250,254,202},
{68,66,79,88,64,68,70,109},
{248,229,252,250,247,240,236,211},
{220,198,222,196,206,176,192,234},
{128,221,139,129,132,133,150,176},
{213,133,202,139,215,212,136,245},
{56,61,67,69,68,65,64,113},
{44,43,48,41,39,9,13,27},
{229,226,157,156,151,150,129,170},
{29,7,112,98,66,73,75,40},
{229,234,249,255,251,226,239,201},
{190,140,193,189,211,136,212,223},
{159,210,159,155,150,151,155,241},
{233,235,247,176,172,178,187,141},
{112,57,36,39,104,101,110,64},
{127,82,83,85,79,68,87,95},
{63,50,63,34,69,123,98,9},
{109,111,110,109,119,10,58,85},
{200,178,178,180,202,177,179,129},
{183,190,170,185,186,163,167,133},
{69,103,60,60,98,70,95,10},
{91,65,93,33,48,176,200,123},
{150,131,250,131,252,162,254,201},
{144,140,147,147,151,140,138,160},
{108,22,104,97,24,101,26,37},
{49,63,53,124,2,111,110,89},
{40,48,82,79,84,81,70,29},
{125,119,115,26,2,12,5,47},
{94,23,0,28,25,39,49,112},
{191,184,166,179,180,250,140,205},
{183,237,236,231,238,192,220,219},
{94,110,116,121,77,96,124,10},
{242,251,229,228,238,225,254,202},
{248,230,254,255,250,230,252,202},
{136,139,131,139,153,206,211,181},
{82,81,83,88,64,74,14,101},
{53,47,39,20,8,15,18,29},
{210,201,204,213,209,222,207,249},
{242,226,225,252,231,227,240,202},
{108,125,35,36,37,60,38,9},
{99,108,116,116,116,99,122,67},
{220,197,220,197,193,206,199,233},
{15,16,22,27,12,69,8,56},
{52,42,119,80,79,74,75,93},
{59,32,45,62,119,113,35,11},
{167,190,179,188,163,164,188,145},
{196,199,207,175,184,187,195,237},
{144,151,147,148,139,192,213,161},
{219,162,221,218,217,219,192,234},
{246,139,242,141,140,241,135,185},
{27,0,24,19,28,41,30,117},
{128,137,145,150,137,151,143,160},
{6,11,101,78,65,65,16,42},
{58,71,79,73,74,78,83,117},
{251,132,160,161,129,246,233,202},
{30,18,30,112,14,18,16,42},
{10,19,10,8,5,11,23,33},
{213,200,202,203,213,209,222,248},
{187,179,189,190,186,167,235,138},
{73,122,93,81,95,65,67,45},
{122,2,124,4,1,126,31,74},
{34,35,61,52,39,34,33,10},
{85,117,12,14,8,6,17,57},
{35,34,44,82,62,99,124,10},
{180,144,147,235,238,238,230,216},
{77,66,75,80,84,77,86,97},
{29,11,5,15,8,64,1,105},
{63,37,40,25,60,46,62,74},
{232,233,242,232,244,236,232,192},
{157,153,157,146,155,135,133,175},
{255,254,248,249,252,227,250,205},
{136,147,151,156,149,135,143,185},
{30,24,28,0,65,85,70,43},
{20,23,31,31,45,46,114,61},
{106,112,118,123,116,108,106,88},
{12,18,108,125,122,127,120,49},
{172,179,170,168,165,174,175,129},
{236,244,248,232,244,241,241,153},
{32,91,83,88,94,78,14,105},
{81,45,31,69,68,71,56,113},
{93,94,67,66,69,77,49,104},
{239,235,226,252,224,254,128,217},
{101,127,122,123,96,97,106,77},
{97,55,55,37,36,60,100,13},
{46,23,18,9,20,18,12,31},
{244,170,246,135,241,243,253,197},
{93,87,94,27,89,83,90,56},
{122,121,100,127,126,113,121,83},
{5,27,7,119,69,101,100,37},
{15,14,12,105,108,115,106,61},
{105,99,110,36,90,106,72,1},
{241,226,171,229,176,250,247,209},
{239,241,249,250,228,249,228,199},
{32,52,125,14,32,36,47,69},
{49,47,51,75,92,38,88,17},
{243,204,205,147,146,157,148,159},
{170,161,172,190,162,187,161,201},
{65,83,82,92,34,55,19,121},
{96,102,107,100,116,121,100,73},
{49,44,43,37,50,45,54,25},
{51,45,41,46,54,13,16,27},
{213,203,210,207,206,200,140,227},
{88,66,79,88,68,65,74,109},
{9,12,73,6,4,15,12,103},
{178,177,188,170,182,143,143,219},
{10,12,103,98,99,98,127,77},
{132,255,134,128,139,130,130,181},
{69,90,67,74,77,92,90,112},
{111,106,125,50,48,3,0,91},
{101,106,99,100,124,124,119,73},
{32,34,60,43,46,51,102,21},
{22,80,46,83,82,87,84,95},
{157,214,205,153,145,215,221,173},
{223,156,150,131,221,198,143,241},
{154,130,156,131,131,133,156,175},
{17,2,30,4,94,6,120,33},
{47,99,115,116,119,105,127,1},
{173,187,191,189,165,164,171,136},
{28,25,30,23,104,98,106,85},
{6,34,92,34,86,94,72,106},
{235,239,237,245,244,251,237,217},
{153,135,130,153,132,129,158,177},
{47,47,55,9,1,125,18,29},
{179,179,188,163,222,224,227,138},
{72,79,86,172,161,170,178,125},
{241,212,198,198,218,218,202,165},
{94,69,94,84,89,82,73,117},
{60,51,33,60,61,38,57,10},
{0,126,19,108,107,73,105,32},
{81,29,0,13,27,24,28,42},
{201,198,207,47,51,43,35,253},
{13,20,70,84,89,82,73,117},
{14,62,98,101,100,25,97,81},
{186,186,195,188,188,186,164,138},
{128,133,154,153,132,159,155,177},
{173,183,168,172,180,178,191,153},
{188,173,243,244,237,245,239,217},
{36,41,34,60,60,38,59,8},
{239,232,239,206,162,138,130,221},
{99,69,92,88,90,123,73,42},
{178,174,163,172,180,177,172,129},
{31,121,1,123,124,5,122,47},
{145,139,140,140,133,145,136,185},
{131,135,140,133,134,151,136,170},
{40,85,84,85,113,46,86,25},
{247,225,229,128,129,155,128,165},
{112,109,113,105,107,116,114,88},
{239,140,168,142,172,136,213,223},
{211,199,204,221,150,220,146,234},
{100,111,37,37,117,55,39,10},
{169,167,169,174,226,163,171,200},
{222,214,192,194,216,222,211,237},
{149,140,141,241,236,251,247,189},
{127,121,124,125,96,98,96,77},
{149,251,133,161,254,254,153,202},
{220,192,198,203,221,220,218,232},
{121,67,69,95,90,6,25,42},
{156,159,158,129,159,220,214,173},
{116,126,0,81,40,14,82,93},
{228,238,144,225,189,155,226,205},
{60,54,62,35,37,58,104,13},
{47,19,22,12,117,75,73,31},
{4,11,2,5,25,22,99,49},
{135,156,153,142,174,152,154,232},
{185,186,187,224,189,182,184,137},
{160,160,190,172,163,191,187,145},
{84,47,11,89,38,90,36,101},
{4,8,24,4,1,1,88,106},
{138,226,194,222,218,206,222,170},
{146,154,159,153,134,212,128,170},
{104,117,105,85,72,78,67,93},
{58,58,57,42,127,100,104,7},
{255,255,247,249,252,227,250,205},
{41,63,37,34,32,103,36,74},
{89,37,74,53,76,78,48,121},
{98,20,3,33,126,126,60,74},
{122,101,97,110,103,98,105,75},
{217,199,219,181,147,141,139,249},
{164,229,233,250,166,167,160,138},
{180,237,238,226,234,253,227,216},
{254,242,229,225,238,231,225,202},
{47,37,108,33,33,44,49,74},
{201,198,207,217,221,216,198,229},
{233,239,241,142,132,149,203,221},
{12,6,14,115,117,106,56,61},
{153,135,154,152,132,130,143,169},
{177,230,250,232,150,133,251,197},
{82,93,64,77,70,71,65,106},
{188,152,226,226,228,227,239,208},
{229,248,229,225,238,252,230,202},
{111,118,123,108,113,126,119,89},
{85,84,76,20,5,12,18,96},
{198,195,194,219,204,223,219,241},
{18,17,27,19,7,12,114,39},
{15,1,8,7,31,20,29,47},
{151,181,234,235,236,148,145,216},
{201,201,199,198,218,130,151,240},
{129,223,222,193,190,196,203,237},
{152,150,140,157,140,138,135,161},
{73,23,75,103,102,101,71,37},
{194,180,165,162,167,160,193,234},
{88,73,86,91,84,73,85,120},
{126,120,121,97,97,33,82,11},
{222,195,209,219,194,145,193,231},
{79,23,29,22,16,6,115,35},
{254,226,227,227,174,178,176,138},
{148,145,238,216,208,209,215,221},
{213,218,216,196,168,131,159,231},
{174,187,188,196,188,191,198,241},
{84,87,86,4,89,91,93,101},
{87,65,83,87,92,85,86,120},
{35,32,35,61,57,54,63,17},
{37,46,52,59,56,39,58,5},
{117,122,115,116,108,105,104,89},
{100,127,123,120,113,109,110,85},
{98,120,123,127,97,124,121,74},
{155,159,129,154,148,132,130,168},
{132,139,135,130,149,218,216,177},
{54,59,50,61,41,51,40,87},
{35,45,42,126,63,55,36,77},
{202,133,138,131,154,155,133,168},
{100,127,123,120,113,107,109,85},
{207,193,215,205,202,200,143,161},
{227,240,249,225,226,224,248,207},
{98,127,116,100,99,126,121,74},
{69,88,69,89,71,64,94,42},
{210,203,209,205,167,129,131,234},
{148,143,228,204,202,209,136,160},
{34,36,34,32,55,64,82,21},
{236,252,236,234,231,224,254,195},
{16,110,107,18,107,20,19,32},
{201,202,213,205,200,215,206,225},
{90,92,79,11,115,65,30,40},
{79,92,12,16,14,112,0,42},
{121,121,101,75,124,107,110,21},
{229,243,229,225,238,231,225,202},
{143,132,141,158,151,135,157,163},
{112,115,106,126,112,99,103,69},
{9,26,19,9,20,19,14,33},
{97,126,34,38,33,61,59,79},
{196,220,163,149,135,147,153,241},
{49,78,51,52,54,54,40,0},
{229,186,227,240,186,251,191,205},
{109,127,119,49,63,122,4,85},
{241,233,236,234,240,239,232,217},
{153,141,136,144,157,142,199,185},
{237,234,239,237,242,141,191,216},
{137,148,130,146,144,157,150,184},
{129,142,135,134,133,157,129,173},
{50,60,42,52,46,36,41,3},
{186,138,136,137,135,129,151,234},
{183,233,157,138,139,140,137,192},
{131,152,149,158,143,128,146,179},
{162,185,188,166,184,183,185,138},
{39,77,122,84,114,86,66,29},
{54,43,42,45,37,89,78,1},
{160,167,186,165,161,174,190,137},
{52,85,68,61,66,65,64,9},
{16,21,2,42,28,30,31,101},
{191,229,154,231,227,237,232,211},
{167,179,132,189,171,172,190,213},
{125,114,123,101,126,101,96,81},
{244,142,142,143,247,244,245,189},
{38,114,59,56,49,46,46,21},
{124,15,15,0,9,22,27,53},
{51,106,28,13,41,15,14,65},
{225,253,225,253,249,246,231,209},
{191,189,188,189,163,187,191,141},
{108,111,22,97,102,18,26,37},
{184,186,185,164,163,190,185,138},
{62,57,54,51,39,124,97,3},
{67,76,85,77,86,65,20,99},
{32,39,58,37,33,46,39,9},
{34,38,105,102,111,125,98,67},
{14,1,0,10,116,28,29,39},
{186,188,165,160,191,166,188,138},
{14,15,9,9,84,44,31,106},
{250,251,160,161,162,255,225,202},
{13,83,42,43,84,10,86,97},
{55,72,79,75,76,83,16,120},
{144,143,141,151,194,236,225,187},
{208,217,161,221,218,165,218,143},
{102,66,60,60,60,61,39,10},
{62,61,52,57,32,73,127,10},
{77,1,29,80,46,59,67,109},
{241,254,247,215,213,215,204,221},
{56,41,40,116,2,23,16,89},
{175,196,236,234,241,168,192,129},
{15,114,66,86,64,72,83,33},
{15,116,114,107,111,100,109,63},
{49,109,50,74,75,53,55,0},
{54,41,50,48,61,54,40,25},
{168,179,164,185,185,129,189,201},
{141,231,193,195,197,211,221,173},
{100,120,57,61,46,114,115,85},
{2,26,27,30,7,2,1,42},
{182,151,135,183,157,159,155,241},
{124,123,124,7,4,10,8,51},
{123,17,56,44,49,59,54,85},
{45,81,62,124,88,126,127,13},
{64,70,75,68,95,94,86,105},
{233,178,191,203,136,206,204,157},
{37,55,51,0,16,19,15,29},
{99,32,102,100,111,108,98,8},
{56,32,37,37,57,45,32,16},
{255,254,224,237,252,255,252,202},
{232,231,248,231,230,255,251,209},
{9,1,75,69,4,122,74,32},
{6,90,44,61,58,63,56,113},
{179,192,190,173,172,136,213,223},
{209,214,212,155,227,242,241,184},
{101,25,14,121,121,3,123,69},
{4,127,14,12,8,14,27,53},
{129,143,129,134,202,139,131,224},
{58,62,63,58,32,38,56,11},
{61,99,19,4,1,6,31,74},
{20,21,3,29,11,64,61,117},
{74,85,75,179,168,174,163,125},
{22,12,114,97,31,121,1,43},
{145,146,150,139,223,141,151,160},
{117,118,118,121,0,122,2,69},
{191,208,242,247,254,241,229,145},
{194,216,218,198,220,198,217,234},
{93,67,71,76,69,88,90,105},
{33,126,35,31,30,62,26,77},
{37,117,122,107,36,108,109,88},
{178,170,128,132,137,129,157,234},
{99,96,123,127,116,125,126,80},
{147,152,205,211,207,175,190,235},
{170,163,184,187,165,190,161,138},
{72,83,87,92,85,74,76,121},
{92,65,79,69,12,65,65,40},
{54,58,63,117,50,56,41,88},
{174,211,211,213,209,210,211,225},
{220,216,197,140,200,192,203,169},
{168,172,163,179,165,183,179,153},
{204,211,212,205,201,198,207,225},
{156,158,154,130,195,203,216,169},
{37,7,92,93,95,32,65,106},
{113,52,102,107,100,124,120,72},
{129,216,216,210,172,197,153,239},
{149,151,232,196,156,154,152,165},
{243,232,239,232,245,241,254,216},
{193,202,209,220,202,212,206,225},
{69,68,56,58,62,59,62,10},
{209,216,218,218,196,195,222,233},
{36,32,62,53,40,51,55,21},
{24,24,28,80,2,15,24,42},
{5,13,6,117,112,113,115,61},
{162,187,160,173,166,183,187,138},
{221,239,253,245,255,230,179,141},
{204,248,249,166,251,168,174,147},
{41,34,56,61,38,60,60,9},
{217,234,205,161,175,177,179,189},
{199,215,217,203,201,219,201,181},
{8,24,18,10,9,20,15,32},
{159,130,128,141,158,215,133,170},
{134,235,148,147,148,238,179,217},
{154,152,198,187,149,147,152,245},
{211,208,222,147,235,252,255,176},
{120,123,100,123,46,120,117,79},
{109,98,107,112,113,117,106,65},
{31,90,90,84,42,71,27,113},
{185,169,239,229,232,173,226,136},
{201,211,215,220,213,203,212,249},
{224,226,230,249,231,226,254,209},
{44,38,88,65,101,102,59,5},
{60,63,70,72,74,77,77,117},
{228,248,185,189,174,242,235,213},
{134,154,156,132,130,155,159,173},
{104,106,98,113,111,102,118,89},
{29,31,3,78,66,73,14,40},
{58,115,106,56,34,47,56,10},
{202,197,194,205,177,166,191,234},
{197,202,195,216,223,193,217,233},
{128,133,250,244,252,253,251,201},
{141,147,143,152,128,130,131,173},
{239,226,227,239,164,218,201,128},
{189,163,191,255,238,237,236,157},
{164,164,162,172,168,180,245,149},
{0,8,3,20,98,14,83,57},
{128,132,134,128,151,133,153,179},
{42,34,42,62,101,102,59,73},
{26,100,64,28,26,31,1,42},
{71,76,6,71,3,31,18,107},
{248,166,252,255,249,249,225,201},
{249,246,255,233,234,233,240,213},
{183,183,250,230,252,130,145,216},
{250,224,240,246,251,244,236,215},
{69,88,95,66,93,89,86,112},
{175,210,236,247,236,242,238,129},
{43,83,97,63,62,89,125,11},
{59,49,43,85,110,114,108,3},
{154,133,132,135,143,239,254,171},
{51,57,35,93,123,101,117,11},
{128,249,249,252,252,224,156,201},
{56,49,45,47,44,50,42,24},
{236,243,242,252,184,176,187,217},
{162,162,160,162,226,242,238,205},
{197,195,207,194,191,147,137,245},
{65,69,77,69,71,65,77,115},
{127,123,124,99,40,61,63,74},
{245,254,229,233,244,226,242,213},
{22,107,20,104,104,110,111,89},
{167,184,188,164,162,175,184,138},
{56,50,58,63,57,38,116,9},
{233,236,234,242,241,236,247,216},
{155,157,153,132,131,158,153,170},
{180,197,235,225,234,225,177,133},
{26,31,102,23,104,111,107,85},
{236,235,234,239,232,153,152,163},
{128,136,137,143,148,198,150,184},
{206,203,204,181,189,183,180,129},
{40,4,80,94,90,93,67,103},
{65,20,70,75,68,90,88,104},
{59,51,61,62,58,39,107,10},
{179,140,209,142,143,215,221,223},
{83,85,73,84,83,76,74,96},
{169,152,149,140,232,193,220,159},
{7,12,5,25,2,3,24,43},
{156,154,151,144,138,139,144,181},
{243,249,255,231,250,251,252,199},
{94,67,10,24,0,12,4,106},
{125,127,108,112,110,6,62,74},
{13,19,23,28,21,9,13,57},
{74,52,93,34,2,95,64,106},
{251,130,160,252,162,246,232,202},
{9,12,13,14,19,10,23,56},
{190,190,255,247,228,188,165,143},
{122,4,125,33,127,35,25,74},
{33,19,1,17,27,2,87,113},
{249,243,234,233,244,239,238,193},
{153,157,146,155,133,140,131,176},
{242,243,243,234,233,244,239,192},
{134,184,161,186,182,185,179,208},
{120,114,12,100,26,58,103,81},
{130,158,147,131,131,203,155,177},
{248,249,251,132,253,255,251,200},
{5,122,122,116,119,97,18,74},
{9,35,37,33,42,103,15,74},
{240,224,234,228,253,136,246,208},
{155,153,133,152,133,129,142,168},
{12,27,30,9,3,13,10,105},
{146,241,232,238,227,242,247,191},
{218,211,219,222,216,199,175,234},
{41,48,74,83,68,80,106,29},
{244,242,255,200,208,211,213,221},
{141,135,128,200,137,141,158,227},
{92,66,17,65,78,71,71,106},
{195,209,201,141,147,143,239,170},
{134,139,155,152,130,143,152,170},
{65,74,82,85,82,77,86,97},
{200,176,202,178,179,204,177,248},
{67,70,93,68,71,79,47,106},
{216,216,197,149,199,216,195,235},
{205,194,217,190,150,148,143,245},
{181,168,179,183,188,165,171,152},
{169,254,226,192,190,171,170,221},
{153,154,129,132,130,159,154,177},
{205,208,203,207,196,213,158,224},
{141,149,146,156,134,156,130,165},
{54,6,90,92,34,2,3,105},
{144,230,214,138,245,140,241,184},
{55,43,111,109,113,13,28,77},
{161,161,179,182,173,180,178,152},
{190,185,165,163,169,225,179,202},
{114,122,111,100,109,119,113,65},
{52,51,46,9,13,2,11,29},
{151,156,149,150,142,246,245,187},
{19,16,11,15,4,13,14,32},
{103,26,42,62,40,32,59,73},
{189,163,191,144,217,150,131,157},
{237,226,235,245,240,255,232,193},
{210,213,237,209,192,192,212,160},
{66,71,64,89,33,93,92,13},
{117,100,105,98,126,125,102,71},
{233,149,130,252,130,135,254,201},
{126,103,108,125,51,99,112,74},
{156,201,202,203,197,221,169,240},
{122,105,120,47,127,116,125,79},
{48,54,59,52,53,40,46,25},
{228,248,250,252,228,226,239,201},
{34,38,105,38,36,47,44,71},
{168,170,170,175,169,171,177,153},
{165,223,165,172,160,168,181,149},
{4,26,100,117,114,119,112,57},
{252,247,238,232,172,164,175,197},
{27,98,21,26,28,26,30,42},
{115,117,125,117,124,111,36,74},
{49,37,42,35,36,63,58,8},
{157,150,141,246,243,239,244,189},
{154,134,133,157,153,150,135,177},
{32,34,35,36,92,38,123,17},
{71,30,97,67,84,92,91,35},
{95,86,85,58,34,61,61,109},
{221,210,219,197,199,195,218,241},
{97,106,114,111,113,111,107,65},
{80,89,67,67,70,69,89,112},
{8,9,29,1,29,25,22,48},
{239,226,225,224,255,244,231,207},
{212,207,203,200,216,221,199,229},
{202,205,204,201,235,189,176,131},
{68,73,66,90,92,92,88,104},
{202,180,220,220,161,223,193,234},
{25,24,27,19,107,89,121,48},
{46,52,46,36,41,59,57,5},
{186,189,180,191,189,168,177,139},
{174,182,218,245,233,242,248,151},
{240,190,179,188,164,164,162,145},
{23,105,82,70,88,30,2,57},
{48,110,76,53,53,73,51,1},
{181,171,175,164,173,183,180,129},
{181,166,239,252,175,182,187,149},
{41,119,112,113,124,100,37,69},
{46,40,67,68,69,92,90,105},
{24,19,22,4,24,6,120,33},
{122,36,56,38,88,100,101,3},
{173,169,173,171,172,178,171,152},
{145,218,147,136,133,142,148,161},
{211,156,135,222,203,200,193,227},
{21,2,3,4,1,126,104,74},
{145,143,147,156,128,157,129,177},
{48,46,51,51,45,41,38,0},
{117,104,105,114,117,125,1,88},
{103,98,98,113,116,107,114,85},
{198,203,196,197,219,220,217,234},
{78,85,78,65,73,53,91,101},
{32,59,63,52,34,38,59,17},
{160,185,162,175,190,180,185,147},
{247,247,240,229,240,250,226,197},
{185,197,194,189,194,191,186,137},
{105,97,107,104,104,117,37,88},
{64,69,69,4,89,2,15,41},
{48,53,50,51,76,70,78,121},
{49,111,39,44,37,38,62,9},
{73,90,90,79,84,80,85,97},
{4,3,30,25,29,18,27,45},
{224,254,128,140,208,210,172,221},
{94,89,89,74,86,76,36,103},
{145,158,151,241,241,246,238,189},
{213,250,200,206,194,217,222,167},
{133,142,150,159,144,135,147,165},
{27,98,99,100,66,30,1,42},
{133,255,250,245,250,225,138,202},
{118,108,114,112,125,110,39,89},
{83,77,75,33,47,33,38,61},
{116,119,127,97,101,106,99,69},
{212,140,250,239,232,225,230,163},
{230,231,188,196,182,191,163,138},
{7,4,66,67,68,95,71,104},
{45,48,55,20,14,16,10,29},
{194,218,251,203,207,197,216,167},
{136,232,181,235,235,236,237,215},
{184,167,190,180,185,178,168,149},
{175,207,222,221,220,248,218,143},
{20,8,5,14,20,28,4,35},
{225,239,236,245,249,253,255,141},
{135,144,131,135,140,133,154,168},
{95,66,64,77,70,94,64,106},
{158,159,159,157,245,240,255,170},
{56,49,41,43,49,47,55,24},
{128,216,151,156,149,143,141,185},
{183,160,165,162,163,220,214,232},
{29,26,2,0,13,6,28,41},
{48,51,59,67,44,81,80,25},
{2,46,34,55,54,110,24,65},
{70,8,5,14,22,26,26,35},
{55,79,104,121,111,87,113,25},
{104,98,124,125,123,98,57,17},
{23,71,76,69,95,94,64,106},
{118,42,92,77,74,79,72,1},
{153,159,141,131,141,138,222,234},
{220,235,201,144,145,209,144,181},
{169,186,167,172,165,189,188,137},
{123,123,101,100,103,111,53,74},
{193,203,200,200,213,133,215,249},
{223,252,206,212,216,199,192,173},
{113,125,73,111,125,105,123,24},
{194,195,222,196,195,222,217,234},
{202,207,178,190,185,178,165,133},
{50,43,54,12,1,10,20,29},
{252,227,226,228,252,250,247,209},
{231,240,243,138,208,209,140,184},
{89,86,95,73,73,75,79,117},
{217,134,222,219,223,221,193,233},
{65,62,67,70,68,69,88,112},
{166,162,190,179,188,163,161,144},
{209,200,194,209,206,215,211,249},
{84,114,75,89,65,5,27,32},
{49,118,37,61,45,47,41,85},
{52,50,117,119,127,63,46,91},
{22,67,57,20,18,19,27,120},
{225,236,226,225,233,234,255,217},
{48,43,126,45,37,106,104,1},
{230,178,180,184,187,161,227,138},
{83,82,83,72,69,78,86,97},
{102,62,58,60,62,53,87,10},
{38,6,91,92,92,33,94,105},
{163,177,182,180,251,225,253,215},
{104,110,99,116,105,102,111,65},
{181,177,184,176,171,192,220,219},
{116,15,119,120,126,121,121,69},
{145,151,139,155,227,242,241,184},
{132,130,143,152,130,135,132,173},
{42,35,62,56,56,34,37,10},
{126,98,96,109,102,125,103,74},
{213,194,195,196,193,190,168,138},
{187,179,190,163,180,167,163,137},
{232,238,227,236,244,245,246,193},
{147,143,146,148,151,143,139,161},
{83,75,67,8,10,5,6,97},
{194,204,178,222,166,192,192,235},
{18,104,103,86,88,95,87,93},
{63,8,16,20,21,15,23,31},
{41,46,81,82,83,80,72,96},
{177,237,205,179,203,176,191,128},
{149,202,203,153,197,229,156,165},
{125,126,102,105,109,115,118,85},
{57,27,28,239,229,231,171,125},
{210,197,174,140,141,132,151,234},
{27,31,6,27,24,7,3,41},
{78,11,64,66,77,78,92,42},
{200,181,194,207,197,199,209,249},
{152,145,144,234,183,237,237,215},
{115,98,96,109,102,125,98,74},
{145,146,176,108,72,75,58,253},
{24,17,12,3,17,12,10,56},
{112,114,106,104,101,110,113,65},
{219,211,192,205,222,151,149,234},
{53,91,0,36,39,94,57,106},
{148,148,148,135,154,131,135,165},
{52,77,69,79,76,180,169,123},
{231,250,245,228,226,239,224,202},
{132,255,128,225,228,226,227,205},
{74,106,55,71,56,63,60,5},
{199,184,197,178,188,184,191,136},
{149,167,253,252,255,128,230,202},
{196,206,222,255,207,203,217,170},
{176,175,182,140,129,138,151,157},
{18,43,57,33,101,123,103,65},
{173,185,163,184,160,171,147,202},
{105,102,111,121,123,125,96,69},
{26,31,8,27,26,105,21,47},
{180,178,191,251,147,255,131,157},
{73,53,34,92,34,39,94,105},
{100,96,104,62,114,122,114,13},
{184,185,191,164,246,190,247,137},
{82,66,76,50,94,3,65,106},
{148,156,151,212,153,153,148,241},
{91,69,89,69,65,78,95,105},
{91,84,112,11,2,14,11,55},
{97,103,122,105,109,104,114,85},
{198,169,169,170,163,180,202,143},
{220,192,183,203,209,205,177,232},
{226,236,229,226,231,233,225,211},
{33,42,49,53,46,55,54,1},
{11,21,17,21,12,27,16,35},
{147,134,198,198,205,138,244,165},
{123,124,102,121,125,114,99,77},
{117,127,50,76,93,37,95,16},
{243,251,254,248,231,143,152,203},
{49,69,82,83,84,81,46,25},
{33,58,53,56,39,35,48,10},
{121,116,117,113,107,5,40,65},
{64,93,90,89,67,94,71,104},
{87,72,79,82,77,73,70,96},
{184,184,187,231,191,188,191,136},
{159,220,128,130,139,134,135,175},
{166,188,194,209,243,144,145,155},
{79,201,237,205,202,176,188,127},
{133,161,140,136,138,148,212,225},
{117,91,91,66,23,5,25,51},
{54,58,42,40,37,46,54,1},
{144,167,133,212,213,149,212,249},
{0,10,28,2,28,26,23,49},
{139,133,136,205,177,166,185,234},
{30,17,105,54,107,105,104,87},
{68,66,79,88,67,64,71,109},
{217,163,219,221,164,214,216,233},
{90,69,82,69,68,78,48,105},
{214,172,163,170,164,163,162,153},
{121,111,97,115,116,60,125,13},
{96,125,96,125,121,118,127,81},
{120,6,54,106,109,108,17,88},
{245,137,187,145,181,234,234,213},
{188,190,160,224,244,232,246,208},
{16,95,93,71,20,106,121,48},
{234,148,236,202,238,159,145,163},
{184,190,179,188,167,174,161,145},
{253,255,254,153,225,155,227,205},
{26,0,6,11,4,28,26,40},
{217,193,133,155,135,247,230,163},
{81,80,118,42,44,113,42,24},
{120,115,98,96,109,102,122,73},
{191,161,168,177,169,168,180,151},
{16,25,0,3,1,6,3,48},
{232,246,136,145,181,182,148,213},
{197,187,197,189,199,192,161,138},
{24,2,0,13,6,27,7,42},
{106,104,101,110,111,122,121,67},
{217,194,207,192,221,210,219,237},
{216,210,218,223,217,198,148,233},
{237,145,128,224,152,226,191,205},
{64,89,94,35,43,37,38,15},
{84,94,92,87,92,66,78,49},
{102,11,114,117,13,82,15,57},
{45,33,50,110,24,1,6,67},
{164,162,175,184,162,161,162,141},
{144,151,138,149,145,158,151,185},
{20,20,21,25,9,23,11,37},
{194,221,220,223,215,157,151,243},
{193,218,198,199,249,235,239,167},
{121,125,114,97,100,109,122,80},
{196,221,210,219,198,195,194,240},
{137,134,151,208,155,156,135,165},
{2,23,110,47,80,14,82,93},
{22,7,29,18,27,2,1,47},
{64,95,94,81,89,7,82,117},
{181,251,248,252,241,226,171,205},
{69,74,67,68,88,91,70,105},
{159,145,135,157,154,152,223,241},
{161,186,191,188,167,166,185,138},
{140,137,219,193,221,161,206,249},
{91,82,116,87,85,85,73,53},
{104,22,123,39,3,124,126,72},
{195,199,204,197,220,222,219,234},
{49,35,39,44,37,38,61,9},
{52,117,107,104,45,35,63,71},
{97,115,127,97,121,122,102,73},
{13,17,14,112,104,110,99,61},
{216,195,197,223,219,216,209,243},
{65,83,87,92,85,86,78,121},
{132,132,128,155,159,148,157,175},
{60,46,50,48,78,91,34,13},
{195,216,222,211,220,198,207,240},
{104,46,50,48,78,93,127,13},
{197,154,184,177,207,205,207,245},
{93,2,95,88,122,5,5,49},
{22,16,123,124,103,100,110,81},
{72,4,86,91,78,73,75,120},
{46,83,91,85,86,82,79,97},
{148,143,130,154,156,156,130,165},
{8,8,2,124,109,21,111,32},
{229,253,253,249,252,227,250,205},
{90,88,85,94,95,65,77,115},
{106,117,106,73,72,66,60,93},
{212,137,138,138,243,140,140,184},
{213,194,188,196,191,191,223,138},
{236,228,239,240,134,182,235,213},
{60,62,65,115,97,113,123,15},
{143,152,153,131,128,131,156,175},
{78,78,76,86,22,6,26,33},
{99,106,101,113,107,112,104,0},
{79,68,92,83,75,72,65,99},
{113,113,124,65,77,2,69,29},
{225,255,248,246,185,167,187,149},
{143,192,207,211,219,163,145,247},
{255,231,239,188,190,177,178,205},
{168,185,231,224,253,242,251,205},
{225,237,236,251,176,178,189,216},
{101,26,30,24,26,30,30,42},
{5,7,120,9,11,15,15,53},
{208,223,221,218,197,185,158,231},
{191,191,184,162,206,225,253,137},
{195,197,218,136,220,196,196,240},
{4,6,5,23,15,19,23,53},
{118,63,40,52,49,15,25,88},
{74,78,86,74,84,82,95,121},
{29,82,44,61,60,70,56,113},
{145,237,146,200,148,202,238,161},
{77,85,67,85,81,94,87,121},
{253,225,239,243,232,236,238,213},
{69,70,88,73,73,83,82,117},
{40,42,50,48,61,46,103,25},
{142,242,251,243,246,240,239,193},
{96,61,102,107,39,100,34,72},
{138,196,222,141,241,195,129,170},
{216,220,198,220,209,218,194,237},
{193,223,218,201,208,214,219,245},
{107,100,125,101,126,121,125,75},
{234,246,236,229,255,249,255,202},
{43,40,42,62,64,17,110,27},
{140,149,186,151,138,132,154,239},
{4,2,25,31,0,31,30,41},
{33,120,16,55,45,50,58,85},
{201,198,222,211,205,204,218,240},
{156,145,130,203,130,211,154,176},
{202,250,166,169,168,213,173,149},
{228,224,225,236,251,130,178,209},
{9,6,23,4,9,2,26,37},
{147,141,143,97,115,103,109,253},
{204,209,211,205,201,198,207,225},
{89,72,79,75,84,94,32,121},
{176,175,182,137,129,253,147,157},
{109,50,110,12,40,83,82,93},
{39,35,62,61,62,32,33,10},
{32,37,36,35,92,39,89,105},
{91,90,90,64,90,91,89,106},
{99,50,76,120,36,39,94,17},
{224,190,224,225,228,230,247,209},
{29,5,97,76,86,105,95,42},
{109,103,42,84,60,97,63,8},
{128,166,250,160,244,246,250,201},
{1,51,33,49,59,34,119,81},
{172,161,178,175,164,173,182,128},
{201,202,151,153,152,155,154,165},
{120,103,122,119,102,124,113,75},
{229,255,241,231,253,250,248,144},
{65,66,92,69,69,95,91,113},
{248,240,251,137,129,253,147,157},
{11,8,25,82,31,79,1,39},
{80,76,84,82,95,177,185,123},
{220,193,218,221,213,169,184,241},
{205,210,212,195,216,218,194,229},
{121,103,123,40,47,43,58,89},
{33,56,50,76,91,36,95,16},
{165,174,182,184,185,161,186,133},
{14,15,112,119,115,116,107,63},
{74,52,0,34,33,94,65,106},
{141,241,195,129,221,222,250,173},
{81,82,112,113,120,118,112,61},
{94,95,95,6,126,81,81,57},
{112,110,16,25,30,27,28,77},
{218,193,218,193,197,221,217,239},
{76,82,44,24,68,63,27,113},
{165,166,167,162,163,163,186,141},
{162,186,180,187,163,187,162,138},
{79,83,88,13,19,15,111,42},
{149,147,146,151,133,155,135,161},
{188,188,167,247,252,236,234,216},
{32,94,77,51,77,105,55,0},
{39,32,33,59,61,37,32,7},
{155,227,157,150,152,131,135,171},
{41,54,59,52,44,44,44,25},
{235,235,246,205,208,203,207,221},
{140,148,233,211,201,223,203,185},
{201,159,204,137,129,207,131,234},
{221,199,190,142,148,153,173,232},
{37,98,47,43,38,39,43,65},
{107,109,118,73,65,61,15,93},
{39,56,119,43,121,63,53,85},
{205,194,211,156,213,202,199,225},
{212,217,215,211,196,200,203,248},
{115,89,89,76,25,7,27,53},
{21,9,22,24,0,6,11,37},
{167,190,179,188,166,162,162,145},
{162,146,182,108,49,51,51,253},
{123,99,122,121,113,13,98,77},
{164,243,163,176,185,160,162,141},
{49,99,121,102,127,122,121,74},
{233,226,249,251,250,227,253,201},
{25,30,25,0,31,28,0,42},
{12,15,9,6,106,95,86,57},
{113,96,102,107,100,124,125,72},
{37,42,35,61,63,37,62,9},
{24,24,1,26,7,3,16,42},
{251,255,252,228,179,227,240,202},
{236,244,248,232,244,241,241,153},
{160,134,222,220,223,222,193,233},
{93,23,19,1,9,117,27,37},
{129,149,143,149,145,158,151,185},
{48,46,50,51,51,126,98,89},
{231,250,248,251,231,227,240,202},
{112,96,102,107,100,122,124,72},
{136,140,143,144,157,150,142,185},
{176,176,178,204,180,204,234,128},
{140,129,138,139,149,148,143,160},
{87,73,74,122,110,104,3,37},
{211,214,209,213,206,155,152,234},
{121,111,97,115,116,60,125,13},
{97,98,99,32,32,35,34,13},
{158,152,157,131,250,202,200,170},
{82,95,66,37,27,2,17,106},
{18,23,8,22,28,15,11,33},
{39,17,18,22,11,95,13,31},
{69,74,52,37,93,33,38,105},
{154,228,224,224,239,225,241,211},
{53,62,38,41,32,46,52,21},
{192,240,224,246,250,225,182,144},
{0,20,71,9,7,14,75,101},
{154,142,146,147,147,214,214,249},
{253,247,230,253,224,251,255,205},
{98,122,126,126,103,98,97,74},
{112,118,123,116,105,110,112,89},
{144,217,146,141,140,141,148,160},
{69,66,61,62,60,62,33,10},
{69,15,1,72,54,37,91,101},
{11,12,19,15,10,25,0,35},
{144,153,158,155,156,229,237,207},
{255,251,230,254,252,246,230,201},
{244,248,191,255,205,147,146,157},
{243,192,201,219,208,201,214,223},
{120,6,83,64,76,68,11,37},
{57,54,63,41,45,49,42,21},
{216,221,162,172,164,165,163,145},
{162,163,248,214,231,210,238,138},
{146,144,146,135,154,131,135,165},
{157,214,204,132,157,146,155,173},
{40,85,87,85,84,70,76,97},
{137,155,156,156,129,142,135,169},
{33,32,35,34,58,123,115,16},
{216,156,148,159,213,213,133,248},
{24,16,27,160,222,238,178,125},
{60,58,51,35,83,68,63,8},
{124,119,107,8,17,12,11,29},
{10,90,30,18,25,87,87,121},
{47,65,61,58,59,69,57,112},
{10,116,101,28,30,102,0,42},
{120,122,114,117,107,22,38,65},
{233,246,251,244,236,238,235,217},
{86,78,86,172,161,179,187,125},
{234,232,243,168,180,170,212,133},
{113,97,44,36,47,108,63,71},
{120,103,108,117,98,111,97,74},
{53,19,106,109,105,108,102,89},
{48,57,32,34,57,36,63,16},
{43,40,34,43,61,98,45,69},
{142,168,131,129,129,157,195,234},
{171,168,177,188,167,172,165,135},
{222,205,202,180,180,201,182,129},
{136,246,229,228,192,156,158,168},
{202,195,221,198,223,198,220,234},
{203,197,223,221,207,221,213,170},
{146,130,128,141,134,157,135,170},
{8,14,3,12,22,21,17,33},
{123,98,55,37,57,69,84,21},
{251,226,225,252,231,227,240,202},
{154,155,156,228,158,195,130,170},
{53,41,85,66,69,60,63,8},
{55,103,108,101,125,123,98,74},
{5,2,3,4,127,0,100,74},
{224,230,235,228,252,248,228,201},
{189,183,250,132,236,236,238,216},
{169,213,194,224,196,190,190,137},
{202,214,204,178,161,131,192,234},
{42,70,71,20,72,74,72,117},
{207,182,134,156,145,191,166,225},
{83,87,87,85,75,8,2,97},
{184,167,172,165,166,189,160,138},
{135,145,131,218,219,128,174,239},
{82,71,23,105,97,39,45,61},
{34,60,38,60,49,58,32,13},
{163,162,217,219,216,221,222,234},
{61,49,63,33,35,53,39,79},
{10,15,8,121,113,123,120,69},
{35,122,12,56,57,25,103,81},
{201,146,128,141,134,135,130,170},
{106,108,7,24,9,10,3,45},
{83,73,71,73,78,2,67,39},
{173,175,177,162,164,180,178,152},
{35,49,41,109,115,111,15,74},
{113,126,43,49,45,81,70,9},
{114,98,96,109,102,103,98,74},
{163,171,180,172,172,181,177,151},
{79,47,56,59,58,59,25,111},
{214,223,219,211,196,219,196,231},
{76,71,70,169,173,162,171,125},
{125,126,101,113,116,107,114,85},
{169,183,171,211,196,193,198,137},
{19,28,12,16,14,7,2,42},
{154,158,153,133,131,137,193,233},
{215,49,48,50,46,49,55,255},
{127,126,102,124,113,100,97,77},
{191,152,137,159,167,129,128,234},
{140,151,140,138,135,128,154,163},
{206,202,210,208,221,214,205,249},
{3,5,19,29,23,16,88,112},
{35,90,85,95,88,79,28,106},
{95,33,26,14,16,86,74,113},
{63,34,37,36,46,80,124,10},
{65,66,66,59,68,68,66,113},
{9,2,29,21,6,31,30,41},
{148,145,140,246,215,192,212,160},
{84,112,112,118,127,83,123,23},
{123,123,121,123,97,119,121,74},
{158,129,152,133,129,142,159,169},
{29,28,19,24,3,122,74,41},
{149,143,141,235,242,247,234,189},
{152,133,133,152,133,132,159,176},
{169,221,239,180,233,201,183,129},
{181,254,179,184,165,170,187,133},
{164,163,190,185,189,178,187,141},
{21,39,125,124,7,126,103,74},
{173,176,249,210,206,207,241,157},
{46,103,112,108,105,87,65,0},
{180,181,171,174,181,172,170,128},
{91,91,84,88,78,82,80,106},
{77,83,91,24,4,26,11,53},
{33,36,59,34,32,45,62,8},
{244,142,240,248,244,251,250,189},
{212,153,229,242,208,140,210,184},
{28,30,31,3,3,95,44,105},
{191,179,161,180,183,166,188,138},
{237,222,249,237,227,253,255,137},
{77,78,82,80,93,86,73,121},
{162,186,167,177,188,144,188,205},
{100,27,35,62,39,59,57,74},
{244,234,148,133,130,135,128,201},
{40,97,47,35,48,61,54,24},
{10,24,21,30,31,9,10,51},
{209,173,188,196,153,191,198,241},
{26,21,1,27,0,24,19,113},
{12,10,7,31,27,6,11,37},
{250,229,229,253,249,246,230,209},
{73,91,71,3,25,5,121,32},
{197,198,222,195,199,219,222,237},
{125,122,124,127,104,123,122,77},
{241,190,192,239,205,146,146,157},
{83,93,66,46,6,14,2,106},
{202,142,130,137,206,176,156,234},
{29,31,6,21,4,7,15,41},
{189,171,177,173,209,227,160,138},
{200,203,198,163,178,207,176,249},
{198,221,192,219,223,212,196,239},
{41,42,44,41,60,32,62,24},
{45,25,51,53,49,58,119,89},
{52,50,63,8,9,17,21,29},
{163,241,239,243,139,228,230,208},
{41,58,115,56,52,34,47,9},
{90,94,67,23,91,66,79,105},
{69,91,71,55,89,6,7,101},
{172,240,141,242,246,243,255,192},
{17,109,122,125,4,90,91,49},
{151,218,151,147,158,159,147,249},
{28,19,26,160,188,162,220,125},
{138,151,199,204,220,216,218,233},
{160,193,208,145,238,237,236,157},
{236,202,238,225,153,152,152,165},
{239,248,253,250,251,132,142,176},
{131,135,140,133,159,155,130,170},
{145,154,130,140,154,143,158,177},
{104,108,104,104,101,126,98,89},
{25,98,101,96,102,123,12,80},
{181,179,173,234,224,241,175,129},
{251,231,236,229,253,253,251,202},
{96,110,122,105,109,110,114,85},
{248,255,254,246,253,230,179,193},
{218,211,220,220,223,199,217,234},
{104,115,123,3,109,111,110,89},
{155,155,157,158,154,154,158,170},
{7,26,23,16,11,15,16,53},
{238,232,131,132,158,157,156,169},
{101,127,123,120,113,107,98,85},
{33,57,32,61,72,54,42,17},
{252,224,230,235,252,181,249,200},
{89,70,74,94,17,109,95,45},
{209,202,208,204,212,210,223,249},
{210,213,137,214,174,217,216,227},
{214,200,183,135,154,131,159,229},
{147,141,149,141,137,134,143,161},
{78,80,86,91,76,5,29,120},
{214,215,206,197,216,195,199,229},
{209,194,202,209,207,200,214,249},
{68,70,66,90,27,19,0,113},
{235,228,185,187,186,189,188,135},
{31,18,3,26,7,3,16,42},
{55,122,4,109,18,50,111,89},
{56,35,39,44,61,118,106,9},
{87,80,79,74,84,74,84,119},
{69,78,84,81,66,91,90,101},
{119,113,116,123,104,101,32,64},
{213,133,138,131,157,149,151,168},
{72,77,111,77,76,62,49,1},
{101,17,6,31,24,29,98,77},
{178,220,170,191,184,177,182,243},
{30,7,12,5,6,30,9,42},
{64,59,60,71,69,66,65,113},
{65,77,2,124,109,73,23,32},
{37,89,54,56,57,58,103,5},
{205,212,194,210,208,221,214,248},
{223,95,78,110,74,53,74,255},
{66,91,95,84,68,90,87,113},
{108,112,118,123,116,107,104,88},
{149,233,146,154,154,153,133,165},
{21,2,3,4,1,126,104,74},
{59,59,62,59,58,57,60,10},
{254,255,227,231,236,253,182,200},
{86,70,72,169,173,162,171,125},
{155,216,138,199,217,222,155,247},
{22,26,17,95,95,3,75,115},
{197,216,195,194,204,136,128,232},
{222,195,197,218,136,220,199,239},
{125,99,103,108,127,126,120,73},
{156,192,195,194,187,195,206,240},
{147,149,149,132,152,134,238,161},
{168,164,227,155,169,137,171,193},
{54,46,54,12,1,10,11,29},
{10,86,79,172,161,178,175,125},
{27,26,64,28,103,28,7,42},
{183,181,181,169,239,253,227,216},
{1,10,21,29,14,17,14,33},
{226,225,254,231,227,255,251,209},
{247,252,245,246,237,209,210,219},
{52,50,63,8,18,26,27,29},
{155,130,128,141,134,157,136,170},
{133,138,131,157,156,156,159,169},
{129,129,140,145,157,210,172,237},
{198,158,152,148,128,245,249,170},
{79,88,89,67,68,93,88,111},
{192,222,211,220,196,199,195,241},
{238,166,239,253,248,182,187,149},
{11,14,7,119,111,0,34,61},
{33,59,61,61,36,35,62,9},
{173,166,184,165,188,161,161,141},
{32,63,61,35,56,62,51,13},
{249,232,238,227,236,246,255,192},
{96,127,102,124,113,127,123,77},
{4,21,20,111,51,12,83,91},
{212,217,193,189,158,135,128,237},
{232,156,211,195,217,219,205,179},
{18,111,110,81,82,84,81,93},
{36,105,21,123,124,124,127,72},
{170,135,154,148,138,143,137,225},
{14,10,25,78,48,57,29,107},
{99,127,120,118,98,97,100,75},
{170,136,137,210,212,216,208,227},
{175,217,208,210,221,205,185,224},
{89,98,118,104,46,50,48,10},
{153,135,155,148,143,143,144,185},
{179,165,161,174,167,161,160,139},
{253,170,182,172,210,199,191,137},
{109,103,117,105,106,126,110,5},
{98,31,23,1,2,6,27,45},
{8,0,11,80,29,29,16,109},
{40,80,83,42,44,46,41,24},
{37,59,39,32,56,51,38,5},
{237,185,167,185,189,183,243,205},
{29,1,125,106,20,106,111,32},
{202,223,251,209,214,170,247,149},
{176,179,178,170,235,227,240,129},
{32,49,46,44,52,50,63,25},
{180,175,171,168,161,162,185,133},
{26,25,111,105,96,111,117,85},
{121,96,102,107,100,127,121,72},
{45,122,103,117,127,50,97,13},
{53,119,44,124,113,122,102,77},
{93,87,79,55,38,35,91,101},
{199,218,197,193,206,223,136,234},
{21,72,76,74,78,80,50,121},
{249,253,227,251,231,227,240,202},
{115,105,117,9,102,17,105,83},
{122,39,32,33,1,35,99,74},
{60,34,47,40,102,16,25,74},
{77,49,95,28,62,59,31,109},
{30,115,10,40,116,42,126,65},
{183,185,176,184,179,180,183,135},
{76,87,86,160,222,179,178,125},
{65,76,66,65,64,79,71,121},
{253,247,244,232,244,234,130,197},
{216,210,197,193,206,199,193,234},
{236,240,177,133,150,202,203,221},
{154,211,157,153,158,131,144,170},
{99,112,96,98,99,125,117,79},
{199,213,201,181,164,128,221,231},
{149,143,138,239,244,235,234,189},
{248,228,249,227,234,204,255,138},
{50,39,54,93,13,2,11,29},
{13,19,15,111,93,125,3,45},
{69,57,11,88,32,37,7,101},
{39,58,37,33,46,39,33,10},
{37,57,37,112,34,47,56,10},
{231,228,255,226,231,224,255,208},
{124,118,8,23,104,19,55,85},
{126,120,124,96,33,53,38,75},
{49,41,44,49,44,41,54,25},
{225,226,250,254,255,231,226,201},
{217,216,201,217,231,203,153,170},
{151,232,147,226,235,239,235,216},
{189,160,187,191,180,167,186,144},
{196,185,198,205,201,202,213,245},
{53,43,46,13,16,11,3,29},
{61,37,59,63,52,61,39,16},
{25,86,84,95,92,82,31,57},
{177,163,191,251,225,253,129,216},
{18,28,17,21,9,107,65,35},
{199,235,239,232,198,233,235,129},
{192,214,218,207,196,210,213,224},
{249,224,230,235,244,255,226,200},
{237,178,179,209,141,173,212,221},
{16,30,83,43,25,71,71,113},
{249,243,240,240,237,189,246,193},
{168,185,242,189,184,161,174,136},
{4,2,15,8,4,30,19,45},
{215,220,213,214,205,52,40,251},
{136,130,252,148,234,202,238,161},
{23,72,68,94,83,92,67,111},
{243,247,242,232,148,167,188,195},
{250,179,255,248,226,239,248,202},
{182,178,168,177,189,175,171,129},
{123,125,121,100,99,126,121,74},
{91,89,76,67,64,79,47,106},
{112,111,118,76,65,74,82,93},
{200,182,150,203,179,180,205,248},
{113,113,122,104,115,119,111,64},
{66,74,94,76,77,91,85,42},
{83,90,87,73,84,84,94,97},
{221,193,212,216,198,220,209,235},
{85,90,124,89,75,87,19,45},
{117,102,58,35,58,61,39,16},
{77,66,83,72,69,84,87,97},
{58,23,73,61,42,43,44,95},
{49,43,35,56,53,62,33,17},
{186,179,171,177,176,174,167,137},
{92,71,67,80,65,10,18,109},
{152,146,140,101,33,107,101,253},
{214,219,221,223,197,182,164,231},
{27,26,5,80,2,15,24,42},
{148,145,239,140,168,209,209,221},
{100,70,61,57,57,53,32,8},
{234,148,131,253,135,255,153,202},
{186,167,163,176,161,234,241,141},
{32,49,122,96,101,41,38,0},
{170,182,172,210,190,198,252,138},
{73,71,73,78,2,67,75,40},
{147,151,151,146,238,207,223,165},
{240,162,242,233,238,235,245,216},
{16,17,19,106,23,23,31,32},
{247,158,159,142,129,145,138,181},
{61,35,63,127,104,109,106,29},
{201,201,211,215,220,205,134,248},
{91,92,92,95,38,64,56,107},
{23,14,3,21,22,30,11,33},
{152,157,226,236,228,229,227,209},
{90,85,86,84,25,101,87,53},
{169,226,170,176,189,182,175,153},
{17,16,109,108,109,21,105,32},
{137,146,136,149,140,136,143,161},
{177,190,175,216,146,142,131,157},
{177,238,239,232,181,183,182,129},
{245,154,192,226,159,159,255,170},
{86,88,66,94,91,69,68,103},
{232,165,165,168,173,161,238,200},
{73,66,92,71,84,91,70,105},
{153,225,190,227,225,224,226,208},
{241,141,227,228,229,153,187,209},
{209,192,198,196,217,214,223,241},
{211,216,212,194,217,198,220,234},
{21,26,10,12,5,67,19,57},
{72,54,37,7,92,93,95,104},
{106,23,59,61,48,19,63,80},
{219,210,221,193,217,215,198,233},
{69,78,80,67,91,82,66,101},
{225,229,234,251,224,237,249,200},
{250,252,254,250,226,163,171,200},
{238,251,252,253,250,135,143,177},
{212,215,215,197,223,161,154,237},
{76,87,42,26,14,24,16,120},
{223,192,199,218,197,193,206,232},
{197,209,212,203,210,220,162,247},
{101,107,105,99,117,12,60,87},
{157,207,135,140,157,214,155,169},
{23,9,15,29,19,29,26,121},
{212,219,194,195,198,219,223,237},
{156,154,151,136,193,139,139,181},
{83,83,86,74,39,7,4,97},
{91,95,88,65,94,86,70,105},
{44,42,39,32,58,50,59,5},
{250,249,226,143,175,172,187,202},
{82,84,76,92,64,70,75,101},
{193,202,209,209,215,203,214,225},
{212,223,203,200,193,210,223,229},
{51,36,109,116,35,49,57,19},
{125,1,51,41,13,83,83,93},
{143,133,136,205,139,129,148,234},
{189,131,149,145,252,231,227,208},
{114,111,110,97,105,21,39,69},
{41,40,43,53,114,120,105,24},
{137,146,219,148,137,134,143,161},
{217,214,223,201,193,207,205,245},
{169,163,177,165,166,178,162,193},
{133,138,154,154,158,130,143,169},
{68,76,81,1,83,84,69,119},
{49,77,34,36,37,38,123,17},
{150,234,146,237,237,230,229,217},
{29,18,1,6,25,22,31,49},
{183,171,197,227,253,251,241,138},
{116,65,118,102,99,115,101,17},
{81,14,14,113,112,115,109,61},
{114,118,111,100,109,110,115,65},
{188,190,198,162,165,171,161,141},
{223,221,197,182,164,128,139,233},
{87,81,87,72,7,77,71,35},
{207,198,247,214,196,200,212,161},
{223,223,214,218,193,150,138,177},
{172,182,170,168,165,174,179,129},
{49,59,56,56,37,117,61,9},
{201,206,130,195,203,216,152,170},
{124,113,127,123,101,99,110,80},
{45,47,33,56,36,58,68,21},
{113,114,105,117,112,111,118,89},
{181,181,184,189,177,254,128,217},
{136,151,142,132,137,130,154,165},
{104,102,101,116,57,57,52,81},
{194,196,199,192,192,207,217,243},
{108,96,39,87,70,58,58,5},
{86,111,104,109,18,28,20,31},
{81,70,75,68,89,94,91,105},
{145,153,130,133,132,142,198,169},
{104,97,69,27,26,26,31,39},
{22,111,106,100,108,112,15,89},
{98,124,123,96,125,123,121,74},
{37,7,92,93,95,32,65,106},
{205,194,203,213,208,212,204,225},
{124,107,20,105,104,103,24,35},
{135,149,129,147,151,156,140,183},
{177,175,167,236,240,238,255,201},
{229,155,229,157,231,224,129,170},
{98,50,41,47,43,46,48,25},
{172,142,139,175,168,240,240,192},
{84,82,95,176,249,180,231,125},
{161,179,186,190,162,186,166,137},
{162,163,231,166,231,162,161,138},
{234,253,249,246,255,238,235,211},
{29,3,28,9,14,19,70,53},
{240,248,247,217,243,241,250,152},
{172,171,182,161,165,170,178,133},
{193,202,203,220,220,207,202,225},
{220,217,222,215,168,162,170,149},
{246,227,155,227,226,158,230,169},
{162,163,189,181,185,166,189,138},
{149,152,132,159,146,133,208,167},
{232,226,234,239,233,246,164,217},
{9,9,4,9,5,74,24,101},
{48,56,37,56,37,33,46,8},
{176,180,172,171,182,161,165,131},
{151,213,199,213,201,181,162,229},
{125,50,49,36,41,34,62,5},
{9,92,83,79,68,70,18,96},
{149,135,183,157,149,131,201,225},
{163,219,204,201,206,199,184,131},
{212,131,211,32,41,51,52,253},
{87,75,51,92,2,38,28,106},
{59,63,38,57,56,50,76,13},
{45,39,41,50,108,112,110,72},
{246,252,237,179,180,173,181,152},
{77,66,83,28,7,4,78,97},
{88,69,92,89,88,82,44,109},
{107,108,118,73,65,61,83,93},
{52,35,1,33,95,63,56,107},
{186,138,158,152,243,238,232,215},
{35,91,35,92,90,94,73,106},
{123,125,117,96,120,127,121,74},
{215,220,204,198,199,44,33,251},
{152,132,129,191,169,173,216,234},
{220,209,193,195,216,213,199,240},
{237,226,235,236,247,246,241,193},
{229,252,230,253,224,251,255,205},
{220,222,209,218,192,204,150,176},
{3,73,67,75,69,90,54,111},
{110,119,116,127,96,102,107,69},
{27,2,1,6,29,125,88,47},
{219,135,165,162,220,214,196,234},
{202,200,197,206,223,218,196,227},
{13,113,102,0,126,123,2,45},
{33,39,42,56,35,60,58,16},
{131,133,154,141,144,150,155,181},
{38,43,83,66,65,62,32,10},
{206,193,201,181,164,165,164,231},
{98,29,31,4,7,30,19,45},
{22,6,0,11,19,81,91,47},
{42,47,40,89,81,91,88,101},
{194,210,206,212,142,139,215,241},
{217,255,254,137,213,138,215,181},
{101,126,98,105,77,96,124,10},
{56,101,58,58,62,60,63,8},
{27,13,19,20,18,85,10,120},
{25,15,16,28,12,10,7,33},
{155,203,204,203,203,220,137,247},
{164,186,166,191,191,242,238,205},
{145,222,220,215,212,218,151,177},
{113,118,115,116,13,5,15,56},
{100,98,111,96,41,107,127,77},
{221,150,223,220,209,218,195,237},
{58,57,38,60,49,34,107,13},
{24,31,24,0,24,22,25,42},
{82,28,27,1,14,7,8,42},
{161,171,183,188,181,175,173,153},
{102,103,61,63,55,59,62,10},
{134,139,132,158,156,159,159,170},
{248,254,243,252,230,238,252,209},
{37,44,32,40,55,60,66,23},
{194,192,211,128,157,147,153,241},
{127,118,51,113,123,114,62,17},
{179,173,162,171,181,180,179,128},
{172,174,182,140,129,146,219,157},
{113,46,10,40,112,118,117,65},
{9,2,3,29,31,25,6,41},
{202,214,204,178,167,166,193,234},
{72,73,79,84,6,75,72,121},
{228,251,226,224,237,230,253,201},
{6,28,17,26,27,1,6,47},
{49,122,54,97,41,38,55,1},
{214,198,184,167,166,134,218,229},
{11,8,1,2,26,25,4,39},
{239,224,248,243,249,229,224,199},
{47,33,55,40,36,52,50,24},
{105,105,116,89,81,75,79,93},
{54,35,50,48,61,54,45,25},
{159,197,153,185,192,206,205,243},
{176,177,187,169,176,182,174,129},
{114,94,90,87,94,12,116,49},
{220,195,218,216,213,222,198,241},
{0,72,9,13,30,66,52,101},
{128,134,139,156,213,156,204,169},
{248,247,235,232,234,190,235,197},
{189,190,182,169,166,170,179,141},
{80,89,95,95,64,90,89,105},
{33,34,35,97,96,107,98,77},
{209,218,195,223,197,223,219,241},
{173,177,205,220,248,165,166,144},
{216,210,221,218,213,169,190,241},
{239,251,241,212,129,159,131,157},
{71,1,15,74,52,0,1,103},
{58,38,32,61,57,54,63,17},
{60,68,67,65,75,83,91,117},
{216,133,210,211,212,220,198,232},
{92,66,79,111,73,76,80,57},
{209,219,196,223,196,194,207,233},
{36,38,94,42,45,35,41,21},
{103,125,57,39,38,60,66,23},
{103,89,75,79,38,39,33,10},
{20,22,31,8,17,87,93,45},
{69,18,14,20,106,6,126,49},
{60,58,55,48,42,34,48,21},
{164,223,233,245,250,175,173,138},
{59,34,47,36,34,62,51,13},
{76,65,79,92,101,79,76,37},
{28,2,1,28,7,3,16,42},
{184,247,238,227,236,243,240,192},
{214,209,204,220,217,195,194,229},
{233,238,240,209,209,203,207,221},
{133,147,157,151,144,216,153,241},
{115,102,125,125,103,99,112,74},
{55,112,120,106,57,115,38,21},
{237,244,255,227,250,249,226,197},
{248,184,206,219,220,221,218,143},
{44,41,51,0,9,19,23,29},
{215,203,202,205,197,148,130,225},
{125,113,99,103,108,125,54,72},
{38,60,49,58,37,45,58,15},
{233,226,227,253,244,255,230,201},
{187,184,253,243,239,190,246,153},
{145,147,151,151,149,139,200,160},
{18,14,14,65,78,95,8,106},
{205,211,207,185,159,129,135,237},
{119,107,19,2,34,127,96,74},
{137,130,152,152,134,154,155,169},
{243,211,208,223,210,196,216,177},
{251,237,233,132,133,134,158,169},
{166,171,164,188,184,191,189,138},
{69,90,86,90,21,68,82,49},
{157,135,135,128,144,151,138,181},
{245,255,252,228,249,169,227,205},
{238,228,233,226,227,255,244,199},
{30,7,15,111,126,2,2,45},
{117,42,43,43,42,39,41,25},
{176,170,167,160,184,190,188,133},
{177,237,234,210,216,204,183,221},
{182,168,174,163,172,173,176,128},
{10,11,11,78,78,72,54,99},
{202,207,133,194,200,217,135,169},
{192,201,215,210,207,210,213,224},
{33,94,38,37,44,33,56,16},
{113,110,99,108,119,114,104,65},
{63,58,61,42,54,44,107,7},
{204,200,215,202,202,203,215,248},
{162,166,164,160,186,197,249,144},
{138,244,192,226,159,230,249,170},
{166,171,164,191,190,164,162,138},
{242,242,236,151,182,164,168,192},
{249,236,245,234,232,229,246,192},
{136,218,138,145,145,148,139,160},
{157,194,186,204,197,197,206,241},
{180,147,145,139,143,132,141,159},
{129,139,146,145,140,151,147,185},
{75,87,19,9,21,105,120,49},
{129,223,160,193,198,192,192,237},
{168,218,211,221,214,202,199,225},
{192,168,140,144,144,132,136,224},
{31,5,22,25,29,18,3,45},
{245,251,241,128,254,237,236,157},
{81,94,78,176,178,174,163,125},
{73,68,80,86,82,76,3,96},
{215,203,165,131,157,155,145,234},
{225,231,249,226,237,252,250,208},
{158,158,132,154,132,130,143,169},
{32,42,40,43,32,62,50,69},
{197,200,205,193,142,240,249,170},
{32,6,90,35,94,89,95,105},
{1,25,7,0,28,26,23,49},
{165,161,173,183,172,172,180,151},
{160,188,186,185,189,178,187,141},
{136,128,207,175,192,187,159,237},
{187,178,189,191,182,181,218,138},
{216,163,218,163,129,217,216,233},
{226,231,225,254,172,240,236,211},
{66,64,74,90,89,68,95,112},
{216,221,160,164,161,160,183,145},
{189,172,175,145,141,130,139,157},
{232,254,255,225,229,234,227,197},
{16,14,18,19,19,94,66,121},
{162,161,223,185,190,195,198,237},
{23,18,14,4,9,26,83,37},
{70,72,75,66,91,16,18,119},
{6,75,51,1,2,3,28,106},
{24,110,125,3,5,5,127,48},
{217,135,134,137,246,140,131,181},
{127,102,51,41,53,73,38,17},
{7,3,30,19,28,29,7,48},
{212,209,174,152,144,145,151,157},
{186,187,188,185,198,192,200,243},
{252,226,225,252,231,227,240,202},
{64,91,95,84,93,94,70,113},
{187,162,160,173,186,188,188,138},
{32,62,51,104,116,106,20,69},
{255,254,248,245,224,155,181,202},
{74,85,81,94,79,248,224,123},
{62,57,54,7,48,36,33,81},
{134,139,132,133,159,157,129,170},
{143,133,136,205,130,128,147,234},
{78,93,10,116,99,98,66,40},
{68,71,79,28,30,17,18,109},
{44,80,83,94,83,70,61,99},
{176,162,187,189,191,164,162,136},
{177,183,190,157,181,175,173,216},
{130,132,138,154,225,211,207,177},
{7,26,5,1,14,7,1,42},
{193,130,192,194,205,206,220,170},
{145,131,135,140,157,214,204,169},
{140,147,138,136,133,133,248,161},
{117,98,101,100,97,67,5,42},
{16,113,96,1,126,125,124,45},
{155,148,137,141,135,239,247,187},
{59,104,53,104,108,106,110,87},
{57,56,61,39,47,79,88,11},
{191,184,195,188,197,192,198,240},
{220,216,196,133,137,154,198,232},
{37,29,20,21,13,21,19,119},
{131,192,199,203,195,212,200,239},
{74,84,84,77,73,70,87,97},
{17,11,12,8,11,17,6,57},
{21,30,16,27,31,2,116,37},
{122,127,120,9,1,11,8,53},
{61,63,35,58,39,35,48,10},
{150,231,152,229,146,156,152,167},
{98,123,103,125,103,99,112,74},
{81,86,43,35,45,46,42,24},
{100,108,103,36,90,54,107,1},
{97,54,42,56,70,118,42,21},
{224,254,128,209,141,171,143,221},
{179,175,178,179,172,251,171,129},
{191,192,187,186,192,205,197,240},
{151,148,157,137,145,129,133,163},
{193,187,159,152,188,199,207,241},
{4,127,6,15,14,14,11,53},
{245,250,243,233,236,241,236,217},
{216,138,135,128,129,152,159,165},
{203,205,197,185,174,132,217,227},
{132,143,170,132,156,156,132,234},
{116,107,114,33,113,126,111,89},
{48,53,48,51,48,37,59,0},
{185,230,231,180,224,232,239,213},
{193,210,155,221,221,202,199,225},
{42,84,67,97,62,63,33,10},
{128,155,158,155,129,152,155,168},
{34,39,39,45,59,84,118,17},
{247,135,144,235,146,236,146,215},
{6,36,93,93,33,91,68,106},
{170,211,172,171,175,144,143,155},
{21,30,6,8,18,9,18,53},
{166,163,164,221,213,223,220,233},
{92,90,87,72,1,25,75,117},
{216,138,135,128,154,156,154,165},
{246,254,246,234,177,178,239,149},
{251,250,245,248,248,239,164,202},
{109,102,103,84,86,76,11,93},
{199,228,214,220,208,207,200,181},
{74,67,89,90,94,64,69,106},
{217,222,193,165,130,151,129,237},
{250,251,226,153,171,183,164,202},
{220,218,215,200,129,195,200,245},
{194,198,221,138,223,196,200,167},
{78,90,15,20,24,16,95,121},
{21,2,5,124,126,35,60,74},
{25,19,2,125,65,92,89,42},
{198,203,196,223,221,220,192,234},
{234,247,246,237,233,230,247,193},
{176,175,170,185,160,166,171,133},
{204,204,208,50,40,46,35,253},
{11,29,25,22,31,10,10,51},
{161,255,229,234,227,228,252,199},
{45,60,59,34,61,50,33,13},
{226,255,226,229,236,255,251,209},
{84,75,78,85,81,94,87,121},
{60,57,70,55,77,76,67,117},
{236,236,237,213,206,215,202,221},
{229,254,255,232,204,250,228,138},
{102,107,100,101,119,126,121,74},
{204,202,199,192,216,222,220,229},
{67,71,76,69,90,94,70,106},
{188,160,170,212,195,194,226,136},
{79,111,108,123,118,96,124,13},
{60,36,52,36,34,47,56,10},
{248,242,140,157,156,231,152,209},
{56,64,69,58,67,57,56,8},
{156,155,151,157,134,130,154,173},
{215,212,222,221,198,211,194,229},
{218,197,223,133,146,157,129,239},
{98,99,20,24,30,9,31,43},
{121,114,104,108,105,115,110,89},
{141,151,150,159,159,133,157,165},
{110,39,61,50,35,108,119,15},
{96,112,123,115,104,101,110,64},
{96,103,118,103,97,54,123,17},
{52,62,64,111,110,19,79,29},
{211,173,170,138,174,161,209,227},
{144,149,149,220,192,222,160,249},
{116,118,114,106,43,35,48,65},
{73,70,87,16,81,91,71,101},
{93,26,73,89,73,75,77,57},
{183,236,237,239,144,209,211,219},
{92,64,94,89,71,67,80,106},
{223,197,200,249,220,206,222,170},
{186,199,194,200,201,212,157,245},
{4,14,112,121,120,2,124,45},
{104,120,100,97,97,62,88,11},
{172,249,190,180,252,174,227,216},
{143,136,140,224,160,172,167,189},
{3,123,106,23,110,68,69,35},
{187,187,181,181,191,190,190,138},
{18,61,61,58,48,53,35,81},
{187,179,160,240,233,246,251,213},
{105,109,123,97,125,23,49,89},
{44,69,58,71,71,73,74,115},
{237,230,254,231,233,230,252,205},
{110,18,79,109,73,19,23,33},
{62,36,58,36,34,47,56,10},
{168,214,195,194,189,225,226,136},
{204,207,199,198,213,130,159,241},
{4,66,94,68,58,41,11,97},
{141,158,130,224,158,139,243,189},
{112,112,122,112,107,18,34,65},
{148,152,149,246,216,220,215,173},
{108,105,22,16,24,25,31,37},
{222,146,154,146,134,221,222,240},
{188,190,186,162,227,235,248,137},
{71,65,70,71,65,91,77,111},
{178,176,247,148,205,194,136,221},
{167,172,165,191,191,160,165,139},
{231,188,188,226,198,223,168,139},
{6,11,29,21,22,3,16,42},
{182,175,170,185,160,247,167,133},
{194,206,220,201,206,203,210,245},
{2,3,24,4,3,30,25,42},
{126,123,95,88,89,7,7,49},
{228,187,231,204,193,219,134,221},
{53,43,55,71,80,42,84,21},
{188,186,183,176,168,172,169,149},
{82,66,64,77,94,23,21,106},
{57,70,102,103,67,52,55,8},
{186,132,159,132,154,134,159,234},
{151,150,148,140,140,134,203,161},
{133,142,143,153,152,158,130,165},
{112,10,116,117,12,113,14,57},
{185,189,178,187,165,166,187,144},
{220,146,159,232,247,251,232,189},
{59,103,61,57,58,60,32,10},
{236,185,197,212,213,172,215,152},
{181,171,183,199,214,246,171,149},
{235,236,236,145,238,210,212,219},
{237,241,170,182,172,165,188,136},
{108,53,58,112,53,113,113,24},
{80,78,38,30,2,6,18,109},
{66,98,54,36,32,35,51,13},
{120,88,101,119,107,95,121,10},
{99,100,101,98,31,23,1,42},
{14,115,47,117,41,15,117,65},
{245,199,157,228,194,230,128,170},
{148,203,142,216,213,222,197,241},
{84,79,75,72,89,18,94,101},
{64,61,66,70,64,66,70,113},
{174,195,188,152,197,154,190,241},
{69,59,67,60,62,61,38,10},
{95,45,60,24,69,71,27,113},
{12,4,25,108,92,66,79,53},
{85,59,67,66,71,63,89,10},
{26,2,0,13,6,27,5,42},
{159,156,151,156,145,154,129,173},
{92,71,65,88,66,89,65,109},
{235,231,226,221,211,214,195,221},
{143,241,139,243,141,138,247,192},
{165,160,166,184,212,247,235,147},
{71,4,14,27,69,95,67,105},
{167,166,190,165,166,191,187,145},
{101,118,63,45,43,102,107,69},
{75,25,3,16,25,26,1,45},
{240,241,247,242,247,242,230,192},
{162,187,191,180,167,163,165,145},
{190,181,184,191,171,229,235,135},
{158,137,222,195,201,195,142,168},
{109,115,111,25,63,33,39,77},
{175,168,184,229,168,186,190,202},
{234,191,164,168,160,239,188,202},
{37,42,59,116,52,108,35,9},
{74,87,83,160,177,250,183,125},
{88,38,51,50,77,76,49,120},
{140,143,135,193,207,138,244,165},
{4,2,15,0,73,80,2,45},
{37,57,98,126,100,109,119,64},
{48,57,42,35,44,58,34,16},
{131,214,128,141,158,215,210,170},
{69,93,87,78,27,1,29,55},
{112,118,123,116,110,117,102,89},
{113,103,125,99,98,101,109,71},
{156,150,128,137,152,155,147,173},
{153,156,150,151,211,209,213,247},
{13,20,115,73,80,95,81,57},
{191,155,139,155,156,136,138,232},
{143,141,138,189,237,226,235,189},
{60,32,48,54,59,52,53,23},
{108,126,98,110,122,102,127,10},
{56,37,42,61,63,33,46,8},
{238,206,234,149,201,147,147,161},
{53,122,111,113,114,114,102,27},
{52,42,109,109,97,125,106,9},
{37,49,41,9,13,2,11,29},
{45,51,96,116,121,106,35,85},
{109,38,58,85,77,66,83,93},
{253,164,204,227,249,230,238,137},
{4,34,126,97,103,96,99,77},
{229,232,237,225,174,252,173,138},
{93,2,86,66,65,66,83,109},
{43,42,54,12,1,10,11,29},
{101,26,20,28,29,27,24,42},
{62,99,42,56,32,44,36,74},
{75,79,79,77,83,16,26,121},
{155,143,133,152,205,211,207,233},
{2,23,111,47,40,83,44,93},
{232,146,236,149,148,149,150,161},
{204,202,199,192,218,216,220,229},
{100,31,102,23,53,109,108,85},
{104,96,107,57,49,77,127,13},
{93,70,89,72,1,75,82,117},
{0,12,18,28,81,81,92,57},
{17,41,24,3,78,82,80,106},
{116,46,50,48,33,106,34,13},
{6,38,123,124,120,127,123,73},
{232,246,136,151,150,182,234,213},
{135,212,200,214,168,200,201,243},
{109,115,111,15,24,98,28,77},
{180,185,178,179,171,175,183,152},
{157,155,154,158,240,214,220,173},
{6,11,4,31,28,4,5,42},
{41,33,43,40,40,53,101,24},
{118,58,65,121,98,123,113,19},
{9,6,28,6,28,26,23,49},
{176,184,189,162,222,231,245,137},
{137,147,144,172,184,66,41,251},
{179,218,219,199,205,199,218,241},
{136,137,243,244,137,141,137,184},
{77,67,3,64,74,71,25,43},
{136,139,136,134,203,138,152,231},
{15,5,76,50,39,95,57,106},
{213,207,205,50,42,51,48,253},
{176,246,252,248,134,182,183,213},
{215,208,207,212,213,204,202,224},
{120,113,114,106,101,105,119,88},
{138,150,140,133,134,157,153,170},
{70,75,92,21,8,13,92,106},
{187,198,246,234,252,244,239,149},
{99,125,103,125,121,118,102,81},
{121,122,103,103,124,123,102,81},
{62,38,62,52,57,42,99,21},
{239,172,249,230,234,254,177,139},
{29,6,11,4,28,31,2,41},
{249,246,255,233,232,238,240,213},
{157,157,155,133,194,200,217,168},
{140,143,140,243,249,251,227,189},
{24,26,100,28,65,31,26,41},
{234,148,133,132,135,128,225,202},
{173,174,183,168,171,180,178,152},
{164,162,175,184,185,170,160,141},
{253,163,163,219,218,163,175,145},
{10,8,5,14,22,24,27,35},
{16,9,17,11,21,19,22,56},
{49,62,64,17,110,19,106,29},
{152,135,131,144,153,139,152,173},
{60,112,114,32,109,105,102,88},
{181,171,174,181,172,170,167,129},
{243,250,227,250,231,239,143,202},
{33,41,55,60,53,44,45,25},
{45,42,41,21,18,2,30,29},
{214,44,33,42,59,47,61,255},
{67,71,76,69,92,88,93,106},
{59,50,20,55,53,53,41,85},
{225,251,242,250,224,251,247,201},
{78,178,180,182,178,170,235,127},
{99,99,126,99,109,127,123,81},
{41,34,36,58,86,121,101,17},
{170,168,165,174,182,185,190,131},
{30,99,63,101,97,98,100,81},
{71,90,69,65,78,93,67,106},
{228,249,226,224,237,254,227,201},
{99,98,101,109,34,32,51,74},
{101,106,99,126,117,118,98,73},
{37,34,42,41,57,109,115,21},
{84,114,86,76,110,78,79,29},
{165,189,185,166,188,163,161,141},
{55,48,48,36,56,38,88,1},
{193,218,199,204,221,150,219,233},
{91,77,73,36,37,38,61,9},
{210,190,190,161,160,162,218,141},
{181,169,172,152,142,148,138,157},
{33,39,60,41,40,41,50,21},
{229,154,229,226,157,159,132,170},
{6,13,74,52,35,1,33,104},
{85,90,83,78,72,72,82,121},
{152,215,199,221,215,193,223,176},
{105,97,107,104,104,117,37,88},
{209,211,207,159,148,157,158,176},
{232,137,213,139,215,141,141,183},
{221,221,197,144,194,207,193,234},
{95,1,2,3,30,4,3,40},
{185,162,161,188,167,163,176,138},
{210,221,196,194,207,216,192,235},
{225,170,227,248,245,254,227,209},
{87,94,111,78,92,80,76,57},
{21,10,2,9,39,9,11,97},
{244,142,211,240,244,247,247,189},
{2,25,30,27,7,2,1,42},
{16,24,7,12,5,24,30,41},
{204,211,204,202,199,192,222,227},
{41,58,115,62,58,34,47,9},
{65,59,60,57,63,45,51,8},
{221,222,196,222,196,199,207,233},
{37,42,35,61,61,54,34,9},
{93,95,67,94,71,67,80,106},
{78,35,127,91,37,89,34,17},
{100,70,102,59,69,60,60,8},
{198,155,156,152,159,155,158,170},
{109,34,32,51,48,62,115,77},
{224,227,235,147,161,255,254,201},
{216,154,228,141,209,241,142,185},
{138,136,147,150,141,148,146,184},
{254,251,226,229,228,238,144,201},
{149,154,147,137,138,139,144,185},
{156,128,157,159,158,134,156,170},
{243,244,245,170,171,164,249,195},
{132,154,228,243,244,210,211,185},
{149,176,162,170,182,182,166,193},
{252,253,235,241,237,135,161,201},
{196,194,207,216,195,198,193,237},
{149,143,227,199,203,215,200,160},
{24,18,28,24,28,20,105,41},
{199,193,193,203,202,220,162,247},
{50,54,43,127,45,50,52,1},
{64,94,32,177,177,178,179,125},
{151,159,159,150,154,129,214,240},
{128,155,130,159,155,152,145,179},
{28,97,30,2,4,6,2,45},
{168,201,149,202,151,205,178,247},
{118,119,110,125,118,111,110,65},
{235,231,255,232,174,234,254,138},
{149,203,202,204,206,199,223,249},
{90,84,43,21,2,6,1,109},
{144,145,139,143,136,148,147,184},
{156,145,130,159,148,157,135,176},
{240,241,239,232,245,240,239,216},
{126,96,97,96,107,96,99,79},
{83,78,67,76,83,83,74,97},
{160,239,231,188,161,175,165,197},
{102,58,61,66,63,70,41,10},
{197,223,220,198,218,202,195,237},
{43,57,39,59,67,84,46,24},
{216,199,222,212,217,210,200,245},
{160,190,163,163,189,185,182,144},
{27,3,115,29,66,96,1,42},
{4,1,16,23,10,21,17,55},
{194,199,187,169,161,160,237,141},
{72,94,74,90,88,85,94,112},
{121,118,97,18,48,49,56,77},
{156,130,234,202,214,210,198,161},
{183,171,248,255,251,234,176,138},
{81,83,77,90,77,73,70,96},
{55,58,52,45,103,105,48,10},
{214,212,155,227,244,210,142,185},
{184,178,186,191,185,166,244,137},
{200,200,206,199,140,250,239,160},
{106,46,34,41,110,42,62,74},
{104,119,85,86,10,115,116,55},
{197,130,136,200,154,215,152,229},
{218,218,217,221,223,216,216,235},
{210,202,177,131,159,156,201,227},
{169,186,177,173,168,183,174,129},
{240,238,144,159,225,155,227,205},
{145,146,141,194,215,201,202,161},
{175,162,173,165,160,175,175,153},
{211,216,254,199,213,213,145,171},
{190,187,194,187,196,195,199,241},
{138,155,212,154,157,131,144,170},
{39,34,35,52,57,40,46,21},
{53,58,35,109,99,38,88,1},
{224,175,173,183,228,154,143,192},
{99,27,10,119,14,120,120,67},
{198,211,205,206,246,226,228,160},
{30,31,19,160,231,247,237,125},
{212,215,222,217,201,158,131,229},
{64,76,81,78,74,84,82,120},
{74,89,93,95,19,67,80,106},
{209,167,239,161,171,165,183,191},
{20,103,104,82,84,66,94,93},
{70,22,10,24,102,11,11,53},
{245,129,150,175,168,173,210,221},
{117,104,9,41,36,47,107,69},
{180,164,176,249,130,172,168,192},
{138,244,227,157,231,159,249,170},
{25,17,8,21,28,15,7,33},
{246,236,238,208,200,206,195,221},
{51,56,54,55,33,118,106,81},
{155,133,128,134,154,138,128,179},
{33,51,37,33,46,39,34,10},
{255,244,229,174,230,237,245,211},
{143,139,140,236,225,240,241,189},
{128,159,134,156,145,154,155,173},
{166,189,164,162,175,184,163,139},
{191,176,171,168,170,181,176,151},
{39,33,34,38,60,38,60,15},
{53,58,51,46,43,42,48,25},
{26,83,21,75,2,15,0,42},
{119,113,114,103,124,99,103,69},
{73,87,75,37,3,29,27,105},
{21,22,14,118,104,111,114,61},
{107,111,110,104,124,96,126,88},
{176,181,181,252,130,145,144,217},
{245,234,230,234,165,234,232,129},
{19,120,80,46,53,108,4,61},
{157,157,135,152,135,131,144,170},
{160,166,171,188,245,237,191,137},
{46,49,44,47,39,87,64,3},
{12,1,18,10,4,122,74,32},
{122,121,121,107,45,35,42,72},
{156,153,158,151,232,226,234,213},
{190,171,210,136,212,169,223,225},
{183,171,211,188,190,191,160,138},
{143,134,165,141,151,149,147,225},
{238,212,204,209,214,205,201,223},
{59,47,63,57,63,32,111,73},
{201,202,192,141,241,195,220,170},
{33,51,34,33,60,39,38,9},
{39,48,74,52,53,76,49,120},
{115,98,96,109,126,99,112,74},
{120,121,117,96,127,126,100,74},
{35,63,52,56,32,35,56,11},
{25,123,86,72,85,89,79,55},
{1,10,9,20,114,81,92,55},
{4,81,79,83,43,60,71,112},
{253,229,227,239,244,235,237,213},
{89,86,95,80,72,66,66,117},
{127,5,15,6,67,13,3,95},
{240,240,233,244,237,233,230,192},
{120,110,98,121,46,50,48,10},
{43,39,108,18,127,6,60,74},
{199,218,197,193,206,199,195,234},
{93,39,32,65,62,70,69,109},
{49,57,69,42,112,82,47,24},
{213,194,195,196,193,190,168,138},
{173,231,233,176,206,254,162,141},
{3,4,4,121,6,10,12,51},
{20,21,21,12,122,111,104,33},
{244,166,171,164,165,191,187,137},
{68,95,91,88,81,75,75,117},
{220,171,166,176,172,177,171,191},
{68,93,91,93,81,118,89,48},
{125,110,39,89,89,78,67,93},
{89,94,91,92,37,45,39,16},
{89,37,50,76,52,79,79,121},
{81,90,71,67,65,89,69,113},
{151,245,247,242,236,243,236,191},
{24,101,27,99,98,103,27,41},
{24,17,18,12,4,14,14,56},
{90,54,72,57,64,67,60,5},
{100,5,45,32,43,111,109,74},
{169,162,185,185,160,191,189,137},
{57,37,62,37,33,46,39,9},
{167,216,163,162,223,216,215,232},
{113,98,127,116,125,126,101,81},
{77,34,10,8,19,70,46,99},
{160,170,162,167,161,190,236,145},
{204,202,199,192,220,218,192,229},
{61,50,59,37,35,33,58,17},
{2,28,26,24,1,28,25,42},
{195,196,197,194,191,183,161,138},
{241,240,247,245,247,232,151,193},
{146,153,139,143,132,141,142,160},
{26,24,21,27,31,1,15,51},
{172,184,227,147,132,129,134,201},
{180,171,178,176,189,182,172,153},
{207,176,179,186,178,179,168,128},
{12,30,2,14,26,6,31,106},
{26,25,59,23,53,108,99,85},
{29,0,29,24,22,6,28,42},
{13,14,22,27,25,1,26,37},
{148,149,156,159,139,149,142,245},
{80,81,91,77,72,87,78,97},
{145,144,206,234,148,148,150,160},
{58,59,34,107,124,96,125,10},
{36,122,123,40,80,34,43,21},
{128,134,139,152,148,130,143,169},
{76,55,55,56,56,59,61,5},
{253,241,226,190,167,180,185,147},
{245,248,246,237,227,226,243,205},
{207,222,254,163,164,164,217,144},
{238,234,247,155,201,219,210,221},
{108,98,97,120,53,53,56,85},
{174,181,172,170,167,160,184,131},
{103,127,123,120,113,107,106,85},
{221,223,194,192,205,198,220,233},
{221,222,218,211,192,205,177,232},
{113,104,110,99,108,109,116,64},
{122,121,6,9,85,11,114,53},
{170,246,128,169,174,171,172,221},
{129,161,166,156,157,199,197,237},
{3,20,89,89,84,89,85,51},
{229,154,158,152,154,158,158,170},
{185,182,191,176,170,179,182,149},
{82,79,44,2,9,0,70,96},
{240,252,229,143,165,175,189,201},
{138,151,138,138,148,146,159,185},
{130,154,148,156,135,130,129,170},
{166,171,164,165,191,185,160,138},
{71,25,26,27,6,28,27,48},
{37,106,20,125,2,1,35,73},
{148,151,151,154,137,151,139,165},
{87,20,75,78,82,74,90,57},
{241,246,246,230,154,163,177,197},
{162,163,190,164,163,190,185,138},
{135,133,130,154,148,220,208,176},
{68,5,9,26,70,95,94,106},
{207,120,103,49,47,36,45,255},
{140,141,139,232,186,234,244,189},
{99,103,108,101,120,122,123,74},
{238,224,236,239,230,131,146,215},
{2,1,18,108,123,4,90,48},
{62,52,37,123,100,121,118,80},
{92,69,90,89,93,82,91,109},
{205,192,222,212,217,210,202,245},
{249,254,236,240,238,180,240,202},
{173,178,191,136,137,147,154,157},
{176,177,168,169,173,180,179,152},
{185,168,174,163,172,183,191,128},
{10,15,14,1,120,122,120,69},
{170,199,190,177,201,150,203,245},
{146,193,145,158,143,184,165,187},
{47,50,43,47,36,45,62,0},
{1,24,28,7,30,24,6,41},
{177,247,253,240,181,201,222,145},
{146,135,128,153,158,227,235,205},
{219,210,210,192,153,135,155,181},
{234,148,253,252,255,128,153,202},
{172,186,183,174,169,231,183,149},
{202,206,218,210,222,219,145,185},
{174,211,209,210,220,208,199,225},
{236,202,150,153,159,152,155,165},
{240,248,236,151,161,189,178,192},
{236,225,234,246,240,238,240,192},
{122,39,3,117,123,124,103,74},
{197,187,197,189,199,192,161,138},
{226,202,202,200,193,142,248,161},
{97,110,20,103,12,114,110,77},
{18,27,20,31,14,18,16,42},
{23,8,20,23,11,115,100,39},
{13,23,18,30,4,25,28,37},
{53,40,51,55,60,53,54,24},
{26,29,2,4,26,24,21,47},
{101,106,105,79,88,75,79,93},
{227,231,236,229,252,255,225,202},
{16,29,21,17,24,16,11,121},
{84,41,86,93,89,90,69,101},
{154,158,146,132,158,132,130,168},
{101,98,101,65,29,23,6,42},
{100,98,103,119,109,115,38,85},
{148,235,235,234,241,182,136,219},
{116,99,110,117,113,126,119,89},
{186,184,172,249,230,234,254,138},
{2,24,103,89,75,95,85,53},
{104,97,98,121,121,123,103,72},
{101,53,111,19,62,62,60,77},
{175,187,177,148,193,223,195,221},
{134,139,156,129,142,159,156,170},
{52,78,54,207,176,205,183,125},
{102,68,61,61,65,59,36,10},
{242,248,246,249,240,234,191,197},
{238,171,211,194,193,227,161,138},
{205,194,211,200,197,206,212,225},
{126,109,108,21,21,111,75,33},
{208,213,218,201,208,209,206,225},
{67,121,1,2,0,7,5,47},
{212,217,210,205,203,208,202,248},
{183,182,182,179,170,208,245,128},
{227,234,255,244,253,238,229,209},
{154,159,152,156,158,143,239,170},
{92,94,32,72,67,67,74,109},
{223,48,121,53,49,40,37,255},
{112,115,114,117,107,40,34,65},
{253,229,224,255,230,252,241,203},
{23,104,112,122,118,109,104,63},
{55,40,43,35,91,52,73,0},
{227,253,250,229,254,227,248,203},
{149,137,146,145,146,143,139,161},
{254,251,250,251,252,134,135,177},
{54,25,27,23,11,73,91,117},
{232,161,235,236,240,253,246,216},
{124,118,8,23,22,106,20,85},
{206,176,185,179,184,160,173,135},
{220,195,218,221,213,169,155,241},
{119,127,108,52,66,87,80,25},
{197,198,199,192,157,231,158,169},
{245,236,230,205,216,203,202,221},
{92,89,34,40,46,44,53,21},
{221,193,220,204,203,211,215,245},
{64,70,75,92,65,78,95,105},
{115,116,102,118,45,89,78,1},
{140,229,229,230,231,180,181,211},
{9,6,23,80,75,30,7,37},
{223,216,140,144,142,240,129,170},
{0,38,4,3,4,122,121,73},
{101,127,126,121,124,99,122,77},
{170,163,164,191,187,191,185,138},
{195,199,197,221,144,152,147,241},
{40,49,35,53,49,62,55,25},
{246,244,239,228,237,247,246,193},
{170,136,172,214,214,209,219,227},
{25,18,4,26,4,2,15,41},
{11,8,25,82,78,26,1,39},
{3,6,29,4,14,112,1,42},
{216,193,195,223,222,216,166,243},
{14,10,22,96,30,114,47,61},
{182,176,206,221,220,248,164,143},
{209,143,142,137,240,245,244,189},
{205,146,147,73,72,50,55,253},
{193,210,155,210,128,202,199,225},
{64,67,59,96,61,59,58,9},
{24,7,30,20,25,18,10,53},
{146,159,180,172,130,134,151,234},
{41,74,104,105,96,107,127,7},
{147,135,141,135,156,198,218,225},
{126,119,112,117,10,4,12,55},
{36,61,50,43,56,53,62,16},
{36,37,34,59,63,52,61,15},
{170,240,174,170,172,145,143,155},
{105,102,111,113,124,97,122,69},
{169,213,231,189,194,191,198,137},
{124,124,122,100,96,124,61,77},
{212,212,192,240,219,217,217,176},
{97,48,44,50,76,91,121,15},
{74,86,76,36,0,28,4,106},
{35,48,98,50,34,43,54,23},
{201,200,220,163,149,135,147,240},
{240,243,247,236,241,236,234,192},
{29,3,31,31,112,114,115,61},
{200,205,178,188,180,181,179,129},
{166,164,175,172,162,239,143,202},
{240,246,251,244,236,245,238,217},
{117,105,126,97,101,106,99,69},
{75,107,104,103,106,124,96,9},
{251,136,170,187,186,142,168,219},
{253,251,227,136,160,190,165,203},
{137,245,154,229,157,194,224,169},
{226,140,129,147,144,141,140,159},
{56,64,69,62,60,58,56,8},
{169,183,179,128,137,146,136,157},
{41,15,43,125,121,120,123,69},
{123,42,42,42,34,50,78,23},
{103,120,20,48,56,40,58,85},
{72,77,74,53,76,55,54,1},
{56,67,66,52,58,57,57,9},
{16,89,65,15,4,13,20,32},
{197,217,197,193,206,199,193,234},
{77,91,91,89,88,82,44,109},
{219,216,216,197,149,199,197,234},
{144,238,253,252,251,217,218,176},
{240,239,234,243,239,247,239,192},
{220,214,200,217,157,225,142,185},
{220,221,130,250,140,133,133,176},
{27,30,5,1,14,7,2,42},
{253,226,225,252,231,227,240,202},
{188,187,166,177,181,186,179,149},
{76,37,92,122,38,116,32,19},
{177,162,235,247,173,182,200,145},
{144,153,154,130,129,128,159,176},
{176,182,187,180,172,166,169,153},
{170,187,160,173,190,163,176,138},
{25,96,96,101,97,108,120,80},
{121,96,103,103,122,111,126,81},
{56,36,33,31,9,13,120,74},
{148,151,150,209,168,173,219,221},
{54,6,91,0,34,33,3,105},
{123,42,103,99,110,111,99,9},
{186,171,177,173,199,225,227,138},
{86,10,14,9,21,19,25,120},
{177,162,235,242,185,182,191,145},
{182,203,203,179,201,202,206,249},
{193,199,219,180,150,155,146,243},
{79,83,12,16,14,7,5,42},
{202,195,196,223,219,221,217,234},
{230,235,252,181,249,230,240,202},
{226,142,211,143,240,141,140,189},
{123,41,40,43,84,42,37,23},
{133,139,129,151,140,132,148,183},
{119,115,115,121,103,36,46,69},
{10,118,43,113,123,122,123,69},
{28,82,95,168,184,176,168,125},
{70,78,78,94,11,232,228,123},
{169,183,171,211,196,190,192,137},
{28,80,90,30,18,25,94,120},
{99,103,108,101,124,120,125,74},
{1,2,95,65,65,74,70,109},
{218,222,198,220,209,195,193,237},
{136,138,195,208,151,147,159,237},
{104,107,113,19,17,3,20,93},
{235,132,166,171,162,173,185,197},
{111,102,35,104,106,101,102,1},
{200,194,188,171,170,175,174,225},
{133,249,151,231,152,229,226,165},
{225,227,156,229,231,227,227,209},
{59,59,37,33,46,39,36,10},
{239,248,253,250,251,132,142,176},
{16,107,106,101,100,111,111,89},
{74,79,72,56,57,69,66,5},
{137,138,146,151,148,143,138,161},
{34,58,53,52,37,61,41,10},
{230,252,241,250,230,224,248,207},
{26,29,5,124,66,93,70,41},
{101,120,99,54,96,109,102,72},
{137,143,145,174,164,181,235,189},
{21,82,88,73,23,113,109,59},
{188,185,185,160,190,170,186,141},
{192,158,188,195,195,194,217,241},
{160,184,180,172,176,181,181,213},
{201,198,215,144,220,139,199,229},
{42,59,32,45,38,63,59,10},
{226,255,255,251,225,251,249,202},
{37,50,46,52,74,122,88,17},
{130,135,134,142,142,150,227,179},
{161,170,178,182,180,179,168,129},
{43,64,104,102,125,36,76,5},
{70,75,88,88,66,79,88,106},
{157,221,156,209,148,139,146,181},
{36,101,123,120,61,51,47,87},
{1,24,3,2,28,0,28,47},
{229,248,229,225,238,231,225,202},
{121,112,117,109,20,36,52,64},
{210,221,204,208,206,176,185,234},
{131,148,219,211,171,153,185,240},
{8,15,14,0,5,22,67,49},
{172,170,167,160,188,191,160,133},
{40,53,52,59,43,49,47,0},
{182,171,175,164,173,181,183,129},
{250,130,252,132,129,254,159,202},
{187,185,171,185,169,163,173,200},
{181,171,183,199,168,170,171,149},
{120,101,97,110,103,98,103,75},
{199,221,194,202,193,141,241,168},
{183,184,183,173,197,235,225,128},
{196,197,217,194,193,205,223,240},
{16,110,3,3,125,122,121,48},
{126,120,6,106,20,109,49,87},
{24,30,19,28,6,5,7,49},
{94,84,89,82,74,75,73,119},
{121,125,115,98,101,100,110,72},
{236,239,238,225,154,159,159,165},
{79,88,67,64,88,69,76,111},
{117,107,99,114,112,125,110,88},
{170,171,212,214,214,220,221,227},
{252,227,250,248,245,254,239,209},
{137,151,139,156,213,159,143,169},
{211,215,215,213,203,136,130,225},
{142,162,191,174,161,161,190,202},
{84,72,76,85,84,87,95,121},
{39,63,56,36,34,47,56,10},
{192,209,165,178,181,180,177,248},
{6,25,76,18,85,91,71,47},
{102,107,100,124,124,120,123,74},
{27,25,3,31,7,6,16,42},
{209,245,246,253,240,234,246,147},
{240,250,132,176,148,178,238,217},
{18,2,0,13,6,30,8,42},
{89,37,34,93,34,95,90,105},
{119,107,100,124,124,123,104,74},
{108,111,103,23,37,123,122,69},
{162,185,166,188,177,162,235,141},
{23,11,115,100,103,30,1,42},
{122,90,120,8,112,117,10,53},
{113,8,115,116,115,113,118,64},
{97,127,99,27,10,42,119,65},
{227,147,132,129,134,159,224,203},
{74,94,17,65,78,87,69,106},
{195,199,204,197,218,214,194,234},
{56,32,34,49,53,58,51,21},
{194,186,183,161,177,205,162,141},
{91,88,81,92,95,79,25,106},
{231,250,229,225,238,255,252,202},
{55,72,53,52,77,50,71,120},
{8,0,1,7,28,78,6,48},
{53,54,44,42,116,5,43,65},
{100,99,103,104,119,60,41,85},
{98,28,29,31,26,3,0,43},
{232,252,234,235,253,249,246,208},
{233,147,148,237,146,234,233,217},
{53,41,85,68,61,68,65,8},
{180,234,183,191,187,187,191,133},
{226,250,252,226,251,230,240,202},
{182,163,164,128,220,223,223,233},
{6,11,30,30,24,3,16,42},
{156,154,219,185,130,140,208,243},
{113,81,80,105,21,20,20,29},
{196,215,210,49,40,43,35,253},
{218,166,161,175,165,184,164,147},
{25,31,5,1,14,7,1,42},
{89,95,77,67,77,74,30,42},
{185,171,155,169,161,183,253,205},
{54,40,37,46,47,59,61,3},
{138,244,227,228,225,159,249,170},
{177,190,228,128,227,195,192,157},
{24,22,81,83,91,35,76,119},
{171,164,189,165,191,185,184,139},
{70,27,20,26,6,112,121,42},
{179,195,248,205,165,209,198,137},
{51,61,35,63,39,35,48,10},
{88,37,90,92,92,93,91,105},
{33,125,91,34,37,44,39,16},
{57,35,36,32,58,32,62,17},
{134,130,158,135,132,159,155,177},
{75,67,80,0,25,6,11,37},
{20,65,61,15,8,85,87,96},
{89,93,70,93,95,91,70,105},
{9,6,29,96,80,78,67,49},
{135,155,159,148,157,158,134,177},
{94,34,92,33,44,39,38,17},
{16,81,89,83,80,80,77,95},
{181,168,172,163,181,177,190,152},
{237,226,235,246,245,241,247,193},
{39,62,101,0,40,40,59,73},
{209,210,210,213,137,175,174,225},
{7,12,114,103,31,127,120,43},
{121,102,99,123,109,127,42,81},
{98,82,83,112,112,11,114,61},
{251,226,224,237,230,231,225,202},
{58,32,39,58,37,33,46,8},
{144,138,151,138,136,133,142,160},
{190,142,170,136,212,214,168,225},
{252,162,163,226,227,227,230,205},
{232,232,231,233,233,166,208,137},
{236,177,179,178,181,180,168,128},
{55,43,83,68,62,64,89,10},
{37,47,49,112,64,80,70,29},
{137,144,235,165,185,182,155,189},
{37,57,50,47,41,50,43,24},
{96,99,121,47,56,51,47,85},
{158,159,154,144,159,143,199,170},
{186,194,189,196,190,186,166,138},
{89,71,68,68,90,69,94,113},
{122,123,124,121,6,0,8,51},
{94,93,34,93,92,34,47,17},
{62,43,83,43,42,87,86,97},
{99,103,108,101,127,122,100,74},
{92,56,113,56,86,44,48,7},
{186,186,178,190,163,200,224,137},
{48,57,58,42,38,60,59,16},
{9,120,70,89,66,88,68,39},
{6,11,28,85,74,28,28,42},
{52,57,44,87,97,125,114,0},
{177,237,179,202,183,178,181,128},
{142,172,173,242,138,252,245,191},
{240,173,245,251,242,242,232,192},
{129,142,191,136,156,153,149,234},
{5,39,125,125,121,127,126,74},
{191,168,211,143,213,170,222,224},
{31,112,114,10,11,10,42,64},
{168,171,173,174,178,169,182,153},
{101,118,63,44,126,55,103,69},
{22,11,11,21,17,30,23,57},
{181,164,235,234,228,161,169,192},
{37,51,55,53,45,96,104,0},
{68,95,91,88,73,2,30,117},
{101,125,125,125,96,97,122,77},
{224,230,250,248,245,254,255,209},
{36,73,109,110,101,104,98,10},
{119,111,106,121,96,102,107,69},
{248,226,224,237,230,231,225,202},
{36,123,56,127,98,125,112,79},
{181,186,179,170,175,171,176,153},
{76,50,62,58,63,52,57,5},
{189,171,177,173,224,224,228,138},
{38,114,126,116,120,97,19,74},
{160,188,164,162,175,184,165,139},
{224,231,250,229,176,226,239,201},
{192,221,193,221,197,193,206,232},
{73,73,66,86,72,74,87,120},
{71,15,95,84,93,65,78,113},
{32,93,127,37,45,33,32,17},
{247,224,229,226,227,156,150,168},
{101,71,28,24,29,23,16,42},
{86,160,222,238,179,232,233,127},
{153,206,211,217,211,158,211,185},
{213,198,143,192,217,165,202,245},
{63,62,53,59,52,73,121,10},
{6,11,4,20,28,4,4,42},
{90,67,66,69,77,49,38,105},
{192,161,222,166,165,172,161,143},
{179,180,180,169,188,181,174,129},
{204,194,143,239,221,251,131,173},
{15,16,26,100,117,81,82,56},
{249,227,235,147,132,135,254,201},
{78,88,68,89,67,74,108,41},
{52,33,37,42,59,116,57,7},
{206,179,187,181,182,178,175,129},
{164,175,165,177,180,171,178,149},
{32,49,122,55,36,90,54,0},
{65,75,66,73,83,42,22,121},
{201,213,218,211,204,214,206,248},
{7,0,30,20,25,18,10,53},
{132,251,192,204,215,202,194,170},
{249,134,252,243,250,244,243,200},
{41,102,24,121,37,123,39,69},
{114,118,98,106,102,99,41,1},
{73,48,75,79,78,79,70,120},
{81,32,45,46,42,61,35,24},
{132,131,128,145,149,154,147,181},
{132,129,254,159,229,228,235,205},
{94,118,118,76,69,109,69,29},
{134,157,130,133,141,128,129,169},
{225,241,233,234,244,163,243,217},
{168,250,247,240,232,226,233,213},
{131,140,150,158,159,135,157,163},
{222,195,201,195,142,240,129,170},
{143,156,152,135,158,133,129,167},
{67,69,94,69,92,90,87,113},
{76,25,7,27,99,13,82,56},
{243,145,205,155,155,145,144,159},
{34,112,36,60,59,54,32,10},
{252,241,250,228,230,248,228,208},
{17,94,25,245,239,225,247,125},
{135,248,214,174,165,132,170,189},
{198,156,159,152,157,143,142,170},
{6,89,89,85,95,65,50,106},
{53,44,44,13,23,11,15,29},
{248,254,243,229,227,226,251,209},
{127,125,101,14,44,45,36,73},
{73,78,80,72,77,87,83,121},
{155,153,156,132,130,143,152,170},
{177,250,179,168,165,182,171,129},
{188,193,227,160,253,219,163,141},
{187,179,189,190,186,167,235,138},
{127,127,100,121,100,98,111,73},
{193,215,210,200,197,206,209,225},
{225,234,242,253,238,240,255,193},
{13,68,68,84,89,74,3,117},
{189,242,240,195,192,206,131,157},
{100,103,118,77,80,75,79,93},
{132,156,231,209,205,194,151,177},
{132,249,131,142,129,142,149,181},
{69,14,71,86,81,74,80,117},
{24,16,11,160,188,162,220,125},
{18,30,28,21,14,18,16,42},
{9,112,115,115,11,41,9,64},
{191,190,190,185,188,163,186,141},
{101,26,25,29,30,1,86,42},
{69,95,92,91,70,91,95,109},
{56,66,60,61,68,57,70,113},
{119,98,124,97,97,125,124,79},
{244,243,238,201,205,194,211,221},
{249,249,229,225,238,231,231,202},
{96,50,50,60,66,47,47,25},
{82,26,74,1,14,7,9,42},
{231,189,194,191,187,165,160,139},
{38,43,36,60,60,63,63,10},
{196,201,219,218,219,193,206,232},
{109,115,111,120,121,96,122,77},
{157,150,141,245,248,239,250,189},
{172,227,233,236,169,248,238,133},
{7,12,5,6,29,5,1,43},
{149,154,147,148,139,139,150,185},
{188,186,183,168,225,251,254,149},
{25,43,55,36,2,59,41,77},
{87,26,6,28,98,113,83,57},
{76,65,74,84,83,78,85,96},
{200,135,214,159,148,157,132,176},
{217,165,180,144,205,206,206,249},
{238,234,227,233,253,227,255,217},
{6,11,4,20,29,23,31,42},
{182,179,180,205,197,207,204,249},
{41,85,82,45,82,47,42,25},
{28,3,26,73,25,22,31,49},
{130,131,132,159,135,130,129,170},
{162,240,164,188,187,182,163,138},
{146,148,157,138,135,128,157,163},
{35,5,8,8,22,79,77,106},
{87,67,93,70,90,81,117,48},
{12,28,10,30,18,11,83,109},
{73,75,76,84,69,84,87,120},
{16,89,26,16,89,9,6,32},
{155,135,134,153,145,237,252,173},
{163,167,172,189,246,184,163,138},
{73,83,81,87,103,77,79,32},
{189,191,163,238,226,233,174,136},
{74,124,126,127,99,99,63,8},
{129,145,148,139,146,144,157,183},
{71,67,79,73,87,46,30,117},
{53,59,99,121,101,25,8,65},
{219,208,204,210,186,154,134,239},
{122,23,110,68,25,99,29,37},
{203,208,214,219,212,201,202,248},
{60,52,47,124,96,126,0,89},
{123,122,126,99,116,103,99,73},
{136,245,138,142,136,138,142,185},
{170,182,172,210,199,192,217,138},
{16,25,21,13,112,64,94,32},
{142,149,138,136,133,142,150,161},
{248,228,250,228,179,227,240,202},
{9,10,11,22,12,11,22,33},
{84,81,82,123,86,86,84,53},
{227,254,255,250,254,255,232,203},
{191,144,141,130,147,136,133,159},
{224,226,252,230,252,250,247,209},
{37,63,59,34,113,33,46,8},
{169,166,175,189,188,167,185,133},
{113,107,99,27,117,42,118,65},
{104,19,19,72,73,111,22,33},
{24,52,53,98,98,101,104,87},
{182,183,174,245,165,170,163,133},
{241,249,243,240,240,237,189,192},
{42,110,96,126,107,102,118,10},
{198,203,196,223,217,223,223,234},
{15,108,97,114,59,37,113,63},
{235,200,192,207,131,251,236,159},
{64,73,83,86,80,78,83,96},
{199,168,170,171,172,241,242,152},
{245,170,255,240,241,251,227,197},
{173,165,163,179,253,243,182,144},
{248,241,232,239,241,233,247,216},
{220,214,200,193,199,222,133,165},
{192,157,195,198,204,205,216,240},
{126,101,126,37,117,122,115,85},
{107,60,34,58,38,106,20,69},
{89,64,67,66,76,50,39,104},
{18,48,49,56,51,39,57,80},
{212,217,165,203,144,204,206,248},
{109,98,107,117,116,114,104,65},
{179,166,191,185,167,163,176,138},
{183,146,152,146,140,145,140,159},
{158,128,137,155,158,133,156,175},
{66,68,70,66,90,27,19,112},
{42,98,106,45,81,63,95,10},
{237,241,141,156,184,229,230,208},
{169,165,234,148,252,130,162,200},
{79,48,58,50,55,49,46,0},
{73,87,68,65,12,6,120,33},
{201,198,204,56,90,42,101,253},
{163,190,191,165,188,169,184,139},
{239,241,241,225,255,250,228,199},
{95,93,91,115,89,91,95,45},
{34,95,115,117,120,91,119,24},
{149,211,219,203,220,154,228,181},
{159,184,169,191,135,161,160,202},
{242,254,249,227,185,174,185,202},
{141,156,158,137,157,146,155,173},
{7,31,5,1,14,31,72,42},
{225,225,236,241,253,178,204,141},
{116,107,110,117,108,106,103,65},
{136,136,148,142,148,227,159,185},
{152,208,220,155,227,209,247,184},
{17,109,95,5,4,7,91,49},
{121,124,114,116,125,96,31,73},
{42,35,61,61,56,34,34,10},
{17,68,58,10,87,4,38,99},
{181,166,239,168,176,186,196,149},
{192,130,193,130,193,220,199,232},
{32,56,58,56,37,32,63,8},
{22,8,11,15,4,126,14,32},
{35,38,61,36,34,47,32,10},
{165,161,162,180,225,254,242,145},
{226,227,253,254,247,230,253,202},
{230,235,228,229,255,247,225,202},
{44,50,76,120,90,122,94,17},
{64,73,81,84,83,72,87,96},
{253,129,150,169,174,171,172,221},
{247,249,239,245,242,240,183,153},
{7,24,8,1,26,25,4,47},
{156,145,154,155,134,135,130,176},
{10,71,67,78,79,67,16,42},
{113,45,114,47,118,114,112,64},
{74,55,72,57,57,58,61,5},
{202,180,128,220,223,166,193,234},
{42,51,54,45,52,55,54,25},
{87,75,23,16,78,3,31,106},
{253,242,233,156,172,178,191,197},
{200,200,181,202,206,200,202,248},
{169,173,177,190,183,145,153,155},
{211,173,170,215,168,220,223,227},
{172,169,214,208,216,217,223,229},
{153,201,155,133,141,143,152,177},
{13,49,44,9,21,11,12,93},
{48,55,42,53,49,62,55,25},
{187,162,249,159,182,174,179,213},
{151,145,139,143,132,141,148,160},
{108,102,110,83,85,74,24,93},
{81,15,14,9,112,117,116,61},
{176,186,180,182,170,191,174,129},
{12,36,34,57,96,8,63,74},
{5,28,27,6,28,0,10,45},
{188,197,192,198,199,214,159,243},
{201,206,204,139,141,133,202,160},
{120,101,44,104,96,107,48,10},
{241,254,239,152,130,218,207,221},
{187,167,172,186,191,163,176,138},
{67,65,89,34,48,20,31,117},
{194,195,221,222,216,198,221,234},
{24,17,18,12,14,20,19,56},
{132,130,143,152,128,131,131,173},
{142,143,135,128,144,205,128,224},
{177,187,184,184,165,245,189,137},
{138,212,217,203,200,201,212,247},
{184,163,167,172,165,166,190,137},
{233,226,167,215,192,195,187,133},
{133,130,133,136,141,148,246,181},
{232,247,254,225,229,234,227,197},
{18,26,31,20,26,24,6,42},
{159,131,134,157,132,130,143,169},
{197,204,199,194,217,172,156,243},
{4,10,71,14,28,4,8,101},
{232,242,236,242,245,241,254,216},
{213,169,199,183,201,179,202,245},
{97,127,99,27,12,118,8,65},
{50,114,47,97,110,103,120,74},
{95,69,91,95,84,68,78,112},
{129,128,130,152,133,133,135,176},
{144,145,136,137,133,148,147,184},
{193,202,195,202,220,192,222,248},
{193,181,162,163,164,161,222,233},
{174,182,224,237,254,183,225,202},
{254,224,224,251,255,244,237,207},
{68,73,66,88,84,90,65,104},
{12,18,108,123,89,6,7,49},
{206,139,243,156,158,159,255,170},
{72,66,74,79,73,86,4,121},
{81,80,41,46,40,36,48,24},
{55,54,53,23,51,52,18,120},
{140,129,138,139,149,149,148,160},
{35,31,96,107,103,103,109,79},
{100,17,5,35,42,42,40,74},
{190,189,169,187,187,204,193,219},
{59,106,34,76,65,74,81,93},
{131,149,145,252,228,225,226,209},
{41,40,43,35,109,99,38,0},
{176,188,191,165,251,236,231,136},
{129,156,131,204,132,159,151,177},
{183,173,162,171,181,179,176,128},
{63,114,63,59,54,55,59,81},
{153,128,134,139,132,156,154,168},
{245,155,157,193,159,158,129,170},
{233,230,254,225,252,250,247,209},
{133,132,252,252,255,246,232,202},
{234,252,244,239,188,160,190,152},
{137,240,249,245,237,130,170,191},
{137,138,146,150,150,143,138,161},
{220,194,192,205,198,219,192,234},
{205,210,128,205,205,201,211,249},
{142,154,210,218,157,225,211,185},
{20,50,51,89,83,91,85,93},
{184,167,236,249,227,224,220,136},
{255,226,225,252,231,227,240,202},
{57,126,57,15,19,66,60,93},
{102,124,20,48,44,20,0,91},
{27,98,64,65,30,30,0,42},
{60,56,48,20,60,60,47,85},
{170,212,195,189,199,191,217,138},
{60,57,70,64,72,73,79,117},
{42,71,27,55,73,53,78,117},
{202,195,220,198,222,198,220,234},
{89,95,68,22,70,93,91,106},
{198,207,215,197,217,156,154,245},
{196,195,222,217,221,210,219,237},
{152,158,147,132,205,133,214,177},
{121,124,117,96,127,122,96,74},
{251,246,224,252,225,251,242,144},
{149,154,147,136,142,149,135,185},
{186,190,163,247,189,246,234,137},
{143,144,150,155,148,140,142,184},
{87,72,7,91,9,79,69,37},
{63,59,34,36,58,56,53,15},
{229,255,179,128,137,148,148,157},
{14,1,2,8,69,57,46,97},
{148,158,128,133,152,158,147,173},
{15,117,123,114,58,120,119,64},
{5,31,76,172,161,170,177,125},
{168,179,230,176,189,174,231,153},
{193,218,215,208,202,200,201,245},
{190,177,176,186,196,211,210,151},
{227,231,236,229,251,254,251,202},
{22,25,7,68,78,91,5,39},
{197,185,168,132,166,218,162,229},
{193,231,158,255,129,222,138,173},
{112,11,2,14,11,16,111,57},
{211,211,217,195,190,142,130,234},
{141,130,139,140,148,147,149,161},
{40,43,35,91,52,79,107,1},
{209,222,215,52,57,45,53,253},
{24,84,91,79,68,77,85,96},
{109,50,111,41,83,81,85,93},
{105,119,52,62,43,117,111,88},
{38,43,61,58,56,38,48,10},
{175,184,171,175,164,173,183,128},
{246,244,239,178,218,241,235,153},
{81,25,31,0,13,6,29,41},
{64,67,75,51,92,39,32,105},
{245,244,236,141,165,168,163,192},
{252,225,239,229,172,210,193,136},
{35,59,63,52,61,34,36,17},
{142,137,173,174,243,245,245,191},
{109,121,99,113,4,122,102,85},
{217,150,232,137,137,139,138,181},
{226,178,174,180,202,167,167,145},
{192,195,216,219,211,171,153,239},
{57,56,35,34,37,45,81,8},
{68,26,71,78,64,74,85,117},
{202,180,128,220,223,222,191,234},
{148,151,142,129,128,138,244,165},
{100,110,123,37,63,35,48,10},
{44,24,25,26,70,20,77,115},
{169,173,190,226,227,228,255,199},
{93,3,2,88,5,6,126,49},
{234,227,253,251,255,228,233,202},
{184,163,166,177,181,186,169,149},
{116,111,103,23,6,3,2,69},
{116,103,98,97,120,126,115,77},
{76,74,77,185,182,172,215,125},
{67,66,76,25,6,10,30,106},
{240,167,247,252,245,246,233,217},
{41,47,38,5,45,55,53,64},
{138,144,148,141,137,134,143,161},
{22,21,55,107,110,107,108,89},
{204,201,219,199,131,153,133,159},
{72,75,74,53,76,73,63,1},
{28,20,31,92,34,78,78,121},
{27,30,24,1,14,31,72,42},
{237,187,177,180,181,175,167,129},
{215,211,202,200,197,206,207,225},
{21,81,79,83,43,60,57,112},
{126,123,113,115,107,19,33,71},
{56,113,105,34,44,82,63,8},
{240,241,235,238,245,240,239,216},
{10,42,118,120,6,122,115,69},
{247,228,242,249,242,186,254,149},
{41,34,50,63,63,33,59,9},
{112,104,107,106,100,26,15,64},
{161,172,162,161,175,173,191,153},
{231,234,226,168,180,170,237,133},
{236,242,227,172,228,246,136,209},
{217,208,199,221,197,196,206,232},
{43,63,53,63,36,126,98,89},
{37,95,38,81,117,118,82,21},
{178,179,165,160,191,166,188,138},
{172,209,166,152,146,149,141,157},
{248,251,231,255,248,230,252,202},
{64,69,69,12,16,14,112,41},
{145,204,146,135,140,148,203,168},
{6,19,20,21,18,111,103,89},
{84,75,67,59,85,86,11,97},
{146,155,138,136,133,151,159,161},
{51,58,118,64,4,12,7,93},
{106,39,119,124,109,38,108,89},
{67,2,6,4,0,24,21,47},
{56,61,31,68,25,64,68,113},
{219,216,216,197,149,199,196,234},
{179,172,227,183,229,163,169,193},
{187,187,190,172,210,199,198,137},
{65,96,78,90,90,94,104,37},
{88,89,90,68,67,94,89,106},
{190,178,183,253,186,176,161,208},
{57,51,87,37,104,122,126,10},
{62,67,58,61,64,65,79,113},
{179,221,254,205,196,208,194,157},
{108,23,110,12,87,87,83,93},
{218,221,219,199,195,208,217,235},
{9,10,0,77,49,95,57,106},
{196,223,140,144,142,240,255,170},
{82,82,89,120,86,50,50,59},
{171,197,239,233,251,235,232,133},
{146,148,159,135,145,131,135,165},
{49,45,41,38,47,57,59,3},
{161,162,166,187,239,189,162,144},
{102,107,100,101,124,122,97,74},
{195,238,236,237,225,230,242,128},
{223,160,170,162,167,161,190,144},
{69,103,60,61,63,64,33,10},
{237,241,233,201,205,194,203,221},
{63,60,62,62,32,65,113,10},
{170,163,189,190,165,185,185,138},
{121,19,53,47,41,63,49,89},
{210,220,195,222,199,195,208,234},
{245,234,184,236,247,245,242,193},
{99,102,125,100,98,111,120,74},
{88,37,7,92,1,39,95,105},
{90,90,92,95,86,79,77,106},
{133,132,160,252,254,128,224,202},
{72,80,86,87,75,93,79,96},
{209,207,178,130,150,128,136,224},
{236,248,217,237,233,231,250,137},
{242,248,249,228,173,190,162,199},
{37,63,60,39,60,38,35,13},
{229,174,229,244,249,234,163,213},
{56,116,35,111,100,115,126,64},
{158,227,156,155,228,153,238,209},
{180,190,243,207,194,195,207,157},
{31,82,31,27,22,23,27,113},
{96,126,99,99,125,121,118,80},
{252,255,248,226,250,230,252,202},
{84,81,46,24,16,17,23,29},
{57,51,42,40,37,54,127,1},
{236,236,231,205,208,213,202,221},
{65,27,24,2,2,28,112,45},
{92,15,67,80,89,70,74,109},
{216,194,145,193,206,199,194,234},
{144,148,143,210,147,155,136,249},
{145,229,242,243,244,241,142,185},
{63,15,11,25,4,1,83,109},
{208,174,178,176,206,219,220,141},
{253,238,225,245,235,235,242,213},
{97,121,121,41,90,118,114,21},
{92,66,60,43,9,86,87,97},
{107,105,106,117,0,126,51,89},
{185,246,238,239,168,160,162,202},
{65,69,74,89,94,93,66,104},
{55,100,120,102,24,1,120,67},
{52,63,42,48,32,38,43,5},
{105,102,111,126,98,114,120,69},
{33,50,46,52,92,120,100,17},
{229,153,230,232,225,234,234,213},
{184,181,163,222,238,244,245,139},
{235,247,242,209,200,206,195,221},
{255,245,255,224,140,184,176,203},
{172,181,162,181,177,190,183,153},
{175,173,167,234,148,160,132,199},
{60,35,58,61,57,54,76,17},
{38,36,60,58,55,48,44,19},
{249,255,207,229,231,227,244,138},
{8,16,125,33,34,41,36,61},
{130,135,163,188,228,228,226,205},
{45,106,20,32,124,1,0,73},
{108,107,118,97,101,106,99,69},
{58,49,75,104,122,92,117,10},
{179,173,165,169,182,141,144,155},
{63,52,61,36,32,43,52,19},
{185,244,161,232,229,238,239,193},
{209,209,208,213,208,211,198,224},
{72,74,84,83,78,169,173,123},
{99,117,113,28,29,7,0,49},
{232,206,146,235,149,233,203,161},
{194,218,221,219,197,216,194,234},
{84,86,64,73,88,91,83,109},
{245,228,156,228,158,230,255,170},
{116,14,14,112,115,122,99,61},
{36,39,38,73,70,71,69,109},
{37,34,89,91,94,87,94,106},
{252,226,239,232,166,208,217,138},
{228,251,226,177,225,238,231,201},
{211,174,158,114,100,108,119,253},
{36,113,57,54,39,96,45,19},
{226,231,227,227,251,248,134,211},
{37,58,50,57,117,9,103,81},
{128,175,131,196,201,181,164,229},
{116,113,14,120,112,113,119,61},
{1,14,7,24,5,7,26,45},
{122,120,122,98,111,97,103,75},
{155,153,131,135,140,159,156,168},
{79,48,58,50,55,49,46,0},
{148,137,147,158,142,132,137,163},
{200,182,163,135,221,164,223,232},
{106,20,125,33,7,35,60,74},
{185,237,165,164,174,208,160,138},
{100,104,120,47,127,116,101,79},
{3,10,9,17,7,105,109,59},
{99,112,121,96,98,100,122,79},
{224,254,247,210,217,205,212,221},
{51,43,48,47,43,40,33,3},
{34,104,116,106,20,5,2,71},
{27,77,26,95,83,29,77,56},
{127,125,102,124,113,122,96,77},
{110,104,22,122,122,3,124,71},
{209,208,213,170,211,172,174,152},
{196,194,207,216,192,195,216,237},
{153,128,132,159,132,142,142,177},
{72,82,95,168,185,183,168,125},
{69,93,88,71,94,84,89,115},
{186,183,144,187,185,185,165,209},
{51,45,43,53,46,17,16,27},
{5,122,3,121,120,119,100,74},
{54,38,75,107,104,103,106,7},
{164,186,171,228,174,190,192,153},
{186,175,185,133,163,190,186,201},
{212,224,196,226,192,161,253,139},
{138,147,203,209,205,198,199,233},
{152,158,147,156,135,131,131,177},
{32,103,109,113,36,90,79,0},
{37,47,62,52,57,50,42,21},
{57,50,42,40,48,42,54,25},
{159,155,129,153,158,134,156,170},
{11,25,9,3,26,79,77,106},
{229,252,228,227,248,251,243,205},
{48,53,42,45,44,38,88,1},
{167,186,186,164,162,175,162,138},
{44,47,46,40,108,100,111,5},
{18,48,49,23,22,85,87,91},
{109,102,124,96,99,127,98,77},
{253,247,238,187,161,189,193,152},
{88,3,115,65,30,102,1,42},
{123,85,73,70,19,9,21,47},
{39,32,63,43,33,60,63,16},
{18,127,35,97,30,27,63,77},
{21,9,2,3,30,4,3,40},
{32,41,51,58,60,46,52,0},
{241,212,129,159,131,251,149,159},
{27,2,0,13,3,7,0,42},
{16,107,20,109,104,110,111,89},
{59,39,44,46,122,47,116,10},
{137,150,158,109,67,109,111,253},
{200,206,195,212,157,213,215,225},
{235,229,230,226,255,163,241,211},
{58,40,12,7,1,29,70,96},
{167,174,174,180,237,243,239,201},
{57,50,42,41,46,53,46,25},
{103,24,24,30,24,28,0,40},
{241,190,188,183,180,186,247,209},
{50,61,62,12,65,4,22,93},
{193,202,209,213,220,203,222,225},
{189,175,171,168,161,162,186,133},
{0,19,23,18,8,5,22,32},
{98,45,57,35,45,59,57,74},
{128,158,135,154,201,153,150,176},
{204,165,249,223,251,244,208,147},
{105,104,98,28,116,10,42,64},
{127,36,37,62,36,32,56,11},
{136,243,232,238,227,236,247,191},
{206,215,202,200,197,210,223,225},
{76,75,83,160,169,182,182,125},
{72,85,90,75,4,73,29,120},
{66,65,92,71,67,80,89,107},
{108,113,33,115,105,108,115,88},
{191,208,142,170,213,213,214,224},
{143,131,134,142,136,158,214,185},
{235,185,255,245,248,180,182,152},
{160,169,177,170,174,170,183,152},
{0,20,52,1,19,15,59,101},
{158,155,151,157,128,128,132,173},
{221,210,195,140,194,148,219,241},
{230,235,228,254,250,253,255,202},
{29,18,3,29,21,105,126,49},
{109,98,107,108,116,127,117,65},
{102,58,76,93,90,95,88,17},
{24,2,5,4,14,74,94,42},
{26,19,2,126,71,85,85,42},
{51,43,47,36,45,55,55,1},
{253,129,239,175,208,142,210,221},
{113,85,120,116,118,104,40,21},
{38,107,19,2,126,6,60,74},
{168,171,163,229,235,226,167,129},
{89,15,15,13,12,20,76,53},
{8,17,8,8,22,108,97,59},
{251,248,233,162,239,228,241,215},
{115,57,114,60,110,33,46,8},
{181,186,179,175,175,181,174,153},
{27,2,0,31,26,9,16,51},
{175,111,114,107,119,109,106,255},
{104,105,112,114,124,110,116,64},
{103,124,100,111,79,98,98,8},
{6,7,35,1,93,92,69,106},
{59,34,32,45,38,60,38,10},
{117,9,102,17,22,107,18,85},
{250,252,151,232,240,250,243,189},
{229,225,255,244,253,254,230,209},
{51,36,63,36,34,47,56,10},
{62,37,61,41,56,62,51,13},
{76,78,74,82,19,27,8,121},
{98,31,24,2,2,18,108,45},
{88,68,90,68,66,79,64,106},
{188,144,150,109,96,118,106,253},
{169,178,250,242,181,201,251,145},
{163,189,188,184,166,189,160,139},
{72,75,67,11,23,70,56,97},
{30,3,9,3,78,29,21,106},
{9,10,26,20,12,11,22,33},
{177,163,160,163,232,186,183,145},
{227,253,254,198,210,212,191,145},
{45,81,64,95,33,93,127,13},
{184,192,184,191,181,191,211,136},
{101,69,58,96,68,65,61,9},
{221,220,218,194,189,129,156,233},
{74,75,71,12,114,103,67,41},
{0,94,2,5,124,7,91,49},
{127,116,125,101,97,104,118,83},
{209,212,203,210,208,221,214,248},
{241,254,181,186,179,175,164,151},
{215,203,179,164,130,166,185,234},
{89,107,119,100,82,125,127,13},
{180,183,182,79,109,55,58,253},
{39,63,63,36,34,47,32,10},
{167,191,163,167,172,165,166,136},
{184,189,169,191,230,144,153,202},
{26,27,99,100,22,27,3,42},
{190,172,164,191,228,185,188,200},
{161,203,237,247,241,231,233,129},
{210,192,208,226,206,200,220,179},
{106,109,101,25,119,1,121,67},
{124,6,91,12,13,3,13,53},
{180,234,235,184,185,189,188,133},
{148,133,253,135,134,159,158,203},
{130,128,141,134,158,155,128,171},
{146,144,137,248,197,203,223,165},
{66,95,91,88,81,75,67,117},
{89,37,75,53,77,18,79,121},
{144,140,146,155,156,135,159,176},
{247,230,252,230,225,253,168,207},
{251,248,241,235,237,239,240,215},
{54,50,47,115,33,34,63,5},
{231,151,128,131,130,131,161,199},
{21,2,3,4,1,126,104,74},
{200,198,139,243,156,231,158,169},
{168,180,245,249,234,182,183,153},
{148,237,228,231,231,213,207,219},
{156,145,154,129,130,132,155,176},
{1,3,7,7,5,27,88,48},
{75,25,7,27,99,12,14,56},
{63,124,118,99,61,38,59,17},
{27,29,25,19,87,39,73,115},
{18,2,0,13,6,22,3,42},
{106,99,123,123,126,96,100,74},
{41,34,35,62,56,58,38,9},
{250,239,232,225,230,155,147,165},
{95,73,74,66,79,83,69,119},
{49,51,53,38,105,47,37,69},
{25,101,11,13,81,15,14,57},
{233,240,246,237,232,247,238,193},
{36,39,62,51,38,39,34,16},
{140,130,207,175,157,187,194,237},
{254,250,230,235,252,181,173,200},
{226,243,249,249,225,248,249,202},
{49,58,33,37,32,61,38,17},
{3,7,12,5,6,29,0,42},
{124,113,106,118,108,4,32,72},
{119,104,110,99,108,116,119,64},
{33,58,32,60,36,34,47,9},
{200,182,201,204,204,200,214,248},
{170,215,213,221,221,219,197,229},
{32,33,37,47,57,39,59,21},
{179,165,160,191,166,188,177,139},
{124,101,15,11,60,46,61,74},
{18,16,8,17,21,1,5,35},
{3,9,21,5,58,30,10,101},
{219,144,140,146,236,216,217,175},
{142,197,205,154,135,149,159,235},
{208,219,209,180,239,142,166,189},
{102,123,126,101,124,122,119,81},
{1,9,3,0,0,29,77,48},
{141,149,149,145,134,157,130,165},
{121,102,101,127,100,101,111,81},
{77,84,82,20,25,18,10,53},
{81,25,29,28,2,15,24,42},
{149,150,143,146,149,156,143,160},
{250,248,245,254,255,233,232,211},
{89,86,95,74,72,87,77,117},
{40,46,35,44,45,55,48,1},
{54,35,7,92,93,94,95,105},
{138,150,140,242,159,224,255,170},
{202,223,251,244,214,246,210,149},
{156,157,176,146,134,161,158,240},
{90,94,85,113,92,88,90,47},
{40,86,58,68,67,66,71,8},
{150,236,225,234,247,244,247,191},
{204,196,139,243,228,159,224,169},
{45,31,23,25,13,17,13,121},
{111,103,116,44,53,126,55,1},
{12,12,23,14,9,20,18,56},
{181,164,128,221,222,222,191,234},
{147,153,148,149,148,233,217,170},
{67,71,76,69,87,86,91,106},
{241,235,236,228,244,243,238,217},
{96,105,106,114,114,116,111,64},
{110,106,114,87,84,75,79,93},
{21,9,20,21,14,4,9,35},
{103,111,124,36,61,34,47,9},
{182,163,164,165,162,223,215,233},
{153,145,147,134,153,158,135,168},
{117,9,24,104,16,106,18,85},
{9,0,3,3,9,19,106,56},
{13,46,56,30,43,61,38,74},
{31,29,2,119,103,65,84,42},
{226,231,241,227,245,161,169,131},
{70,89,90,71,67,80,65,107},
{73,99,109,127,111,108,100,10},
{64,66,90,88,85,94,95,113},
{42,86,46,4,5,88,88,101},
{243,239,245,239,233,224,241,195},
{184,167,190,180,185,178,179,149},
{69,57,11,33,88,37,7,101},
{216,192,193,196,205,218,193,240},
{4,14,22,14,18,16,29,55},
{103,97,122,105,112,118,123,85},
{42,59,116,56,111,35,48,10},
{209,212,211,208,213,200,190,225},
{245,251,241,128,254,206,234,157},
{6,28,17,26,5,13,12,47},
{61,61,63,35,93,102,106,10},
{145,212,198,218,214,194,222,177},
{242,143,135,241,242,246,235,189},
{230,198,155,156,156,225,158,169},
{216,216,197,149,199,197,201,235},
{24,17,8,9,12,22,15,56},
{56,67,65,69,66,88,52,113},
{5,74,77,172,161,178,251,125},
{218,228,255,228,250,230,255,138},
{156,154,128,134,152,158,147,173},
{69,61,52,59,55,50,45,10},
{122,117,118,116,57,69,119,21},
{198,142,199,242,241,238,227,189},
{232,235,232,206,177,141,144,221},
{69,87,83,160,169,176,187,125},
{36,124,122,121,124,99,24,72},
{91,92,65,71,74,84,117,43},
{113,111,44,38,51,109,118,64},
{67,71,76,93,22,11,18,106},
{252,224,229,229,164,249,162,136},
{16,110,3,124,88,5,90,48},
{28,30,29,4,21,4,2,40},
{191,188,177,186,162,164,172,143},
{41,126,99,105,99,46,80,9},
{29,22,10,119,116,109,118,61},
{99,69,95,89,79,65,83,42},
{207,148,149,151,232,153,155,163},
{66,88,91,88,67,94,66,106},
{78,177,175,216,202,234,225,127},
{200,160,132,152,152,140,128,232},
{252,249,248,212,129,143,131,181},
{224,227,191,157,229,231,231,209},
{19,3,25,7,3,16,1,43},
{115,97,43,85,98,105,125,3},
{189,191,192,161,163,167,167,141},
{196,200,216,200,222,210,222,183},
{35,45,108,35,33,59,112,74},
{189,157,191,157,156,239,239,209},
{48,40,34,92,53,74,79,0},
{40,30,24,25,1,1,65,106},
{228,153,230,237,233,234,245,213},
{67,86,45,31,3,8,37,119},
{63,127,110,109,79,21,21,31},
{1,7,7,10,27,2,31,48},
{162,163,190,189,184,166,189,138},
{153,154,129,157,153,132,211,168},
{91,65,68,91,70,77,80,115},
{80,79,86,172,161,170,171,125},
{161,165,170,185,184,186,167,136},
{229,255,251,248,241,238,235,213},
{53,100,46,35,44,51,53,0},
{142,210,164,181,178,183,176,249},
{130,153,152,153,131,158,132,170},
{74,89,88,116,40,42,84,21},
{196,193,190,168,160,161,167,141},
{71,79,92,4,5,30,4,41},
{190,160,171,213,246,224,198,143},
{200,215,206,196,201,216,219,229},
{246,207,221,205,137,151,139,165},
{12,16,19,18,28,98,15,56},
{34,0,126,18,79,21,20,31},
{120,9,118,14,13,4,9,55},
{229,234,227,253,248,251,228,201},
{133,159,158,130,152,159,130,173},
{228,227,224,237,236,244,153,213},
{27,21,22,18,15,83,24,35},
{72,87,78,68,73,66,67,101},
{117,118,110,80,81,75,78,93},
{133,129,157,130,132,156,154,176},
{72,1,75,79,80,93,86,120},
{91,36,90,85,88,86,77,106},
{149,139,147,151,156,141,198,184},
{176,168,175,176,169,165,183,152},
{139,133,143,136,192,129,149,234},
{108,121,99,96,92,72,82,10},
{12,30,0,6,11,4,25,39},
{234,182,175,216,144,142,131,157},
{154,147,130,140,201,193,143,169},
{208,218,164,144,205,146,147,249},
{212,175,215,217,166,134,135,229},
{216,197,198,218,217,196,223,240},
{96,61,102,103,109,99,120,80},
{24,60,55,49,45,118,106,81},
{180,242,238,244,253,227,252,209},
{111,99,102,97,108,103,127,89},
{88,90,93,85,85,94,65,105},
{23,104,98,106,111,105,118,88},
{40,33,60,36,62,36,46,8},
{123,102,126,121,103,99,112,74},
{101,124,126,97,124,100,101,77},
{54,54,38,58,44,36,40,69},
{16,7,2,29,10,14,82,117},
{137,156,131,133,141,156,154,176},
{80,79,75,72,65,66,92,101},
{168,179,182,173,180,183,191,153},
{90,92,87,41,10,4,34,107},
{20,22,29,111,76,94,120,37},
{20,26,13,119,70,71,75,33},
{67,85,84,94,32,177,237,123},
{19,9,17,1,5,10,3,37},
{209,213,212,223,199,185,132,229},
{213,175,215,161,166,219,164,229},
{17,48,30,10,10,14,56,117},
{162,223,215,193,194,198,219,237},
{239,143,152,157,154,155,228,207},
{189,162,172,210,226,192,161,138},
{38,61,106,118,108,18,1,72},
{75,80,83,82,92,34,78,120},
{132,137,141,156,201,214,218,185},
{92,86,94,67,69,90,8,109},
{154,158,131,215,133,158,132,169},
{168,177,180,161,165,170,163,133},
{96,113,14,114,12,11,12,63},
{39,60,48,56,119,52,54,83},
{85,95,70,19,9,21,105,48},
{157,129,146,158,132,130,143,169},
{129,142,158,128,131,155,238,173},
{82,83,92,65,78,71,88,106},
{198,195,186,195,188,187,191,137},
{204,202,199,192,219,211,211,229},
{99,100,101,98,31,23,1,42},
{63,58,32,45,38,39,34,10},
{127,105,104,113,106,109,116,87},
{189,188,186,161,191,191,182,137},
{49,54,51,52,77,69,79,120},
{31,16,12,18,108,125,5,47},
{136,136,141,137,132,144,229,185},
{142,135,148,249,242,235,239,189},
{166,250,131,252,252,249,233,202},
{85,97,76,72,74,84,20,33},
{179,167,173,176,229,251,231,193},
{248,228,229,174,166,184,235,197},
{85,68,96,68,63,64,41,10},
{83,92,70,68,92,73,77,115},
{72,53,74,76,77,72,77,121},
{189,199,190,217,222,219,162,141},
{134,136,158,147,132,205,210,176},
{194,191,183,161,162,166,187,141},
{18,14,8,65,78,71,66,106},
{91,5,3,10,16,20,28,117},
{233,236,234,235,242,187,172,216},
{63,58,60,37,117,90,98,10},
{253,252,245,251,224,141,177,202},
{188,179,184,163,218,234,232,138},
{168,161,162,186,184,186,167,136},
{203,208,221,214,203,53,49,251},
{168,175,171,169,165,164,217,153},
{216,200,222,210,201,158,130,185},
{246,198,129,253,207,149,148,159},
{47,67,49,104,72,69,75,29},
{84,74,67,95,92,69,94,105},
{76,77,73,75,93,10,23,121},
{233,244,232,240,241,239,235,193},
{174,182,187,170,168,178,191,153},
{44,40,44,24,1,31,3,29},
{205,213,222,219,151,159,136,187},
{178,183,147,108,52,52,50,253},
{100,69,107,99,113,59,91,16},
{137,248,245,236,133,171,171,191},
{79,35,81,200,232,229,235,125},
{41,38,47,57,58,58,62,5},
{8,27,25,2,113,13,66,40},
{244,251,232,242,247,239,235,193},
{34,2,38,64,65,65,64,109},
{248,252,244,186,246,254,246,145},
{215,173,172,163,168,160,193,152},
{236,234,231,224,251,250,252,197},
{117,73,84,65,93,67,68,37},
{252,227,227,225,252,250,247,209},
{197,196,195,188,199,198,164,138},
{208,218,198,217,221,199,198,233},
{196,201,194,218,223,217,197,232},
{197,216,210,194,192,205,219,232},
{10,102,59,52,105,54,55,85},
{138,199,195,206,207,195,144,170},
{115,103,119,113,119,104,39,1},
{185,189,178,187,160,164,163,144},
{57,48,51,45,87,108,124,0},
{14,4,9,26,83,27,24,39},
{82,77,73,70,79,90,89,99},
{182,173,250,165,225,253,129,216},
{156,154,151,136,193,136,140,181},
{124,118,50,54,61,122,55,85},
{73,12,10,0,30,11,79,105},
{249,245,233,244,246,236,234,192},
{231,227,233,249,234,228,252,207},
{189,183,180,188,161,241,187,133},
{254,235,160,162,173,174,188,202},
{254,252,230,255,254,231,227,201},
{106,99,125,127,125,121,127,74},
{77,70,93,64,68,95,74,109},
{64,79,84,69,84,82,95,121},
{188,173,243,236,241,254,238,217},
{179,178,189,189,160,220,249,138},
{247,209,215,215,202,201,212,223},
{20,22,25,26,16,93,33,120},
{97,102,27,19,29,30,26,40},
{146,154,129,158,157,134,156,170},
{109,99,122,44,45,55,50,1},
{63,49,38,60,123,50,32,79},
{31,24,99,28,101,96,102,80},
{38,56,34,56,52,96,2,73},
{177,205,179,232,180,183,183,129},
{100,101,100,66,30,0,5,43},
{15,24,7,0,6,27,0,47},
{3,16,25,1,24,6,4,47},
{168,179,183,188,173,230,166,153},
{202,183,200,188,188,186,187,133},
{90,19,88,84,66,79,71,106},
{191,147,137,143,137,189,151,249},
{57,48,49,51,43,86,104,1},
{201,195,209,197,198,210,194,161},
{244,255,252,231,250,254,255,199},
{67,75,9,3,10,79,21,106},
{15,2,4,30,19,7,25,47},
{36,38,41,35,58,97,28,74},
{22,15,10,118,104,107,111,61},
{242,255,255,250,224,141,177,202},
{187,162,160,173,190,163,176,138},
{8,14,22,108,97,106,114,61},
{78,84,85,65,69,74,91,101},
{55,114,12,56,100,103,102,81},
{119,107,42,44,34,60,53,74},
{123,122,5,4,34,120,105,74},
{5,90,91,84,9,11,10,53},
{203,202,203,161,221,195,223,249},
{97,127,107,99,124,122,119,81},
{29,14,91,88,84,92,19,45},
{108,119,114,81,72,31,79,93},
{189,182,173,152,138,145,144,157},
{17,55,42,46,40,9,39,88},
{195,194,195,225,187,182,164,138},
{1,33,94,65,72,65,74,109},
{77,70,94,65,64,89,66,109},
{24,20,24,25,83,16,26,121},
{252,241,244,231,254,227,231,197},
{57,43,49,45,81,70,32,10},
{120,102,124,122,119,117,113,83},
{139,136,129,157,159,129,158,167},
{69,95,90,73,80,86,91,117},
{234,148,252,252,254,128,224,202},
{72,78,67,76,87,84,87,97},
{134,135,128,129,130,166,198,234},
{30,2,7,31,27,24,9,51},
{123,40,80,40,40,42,36,23},
{62,95,32,39,35,36,59,15},
{96,107,98,102,125,42,100,5},
{7,37,123,122,32,33,125,72},
{174,129,157,158,148,128,161,237},
{52,40,105,109,126,34,59,5},
{102,107,125,127,119,99,112,74},
{132,130,143,135,128,158,147,173},
{100,31,67,5,5,11,29,45},
{123,121,102,124,113,122,103,77},
{152,227,156,226,228,229,249,209},
{20,31,31,10,116,29,100,39},
{29,66,27,4,8,4,29,45},
{27,32,40,39,37,35,41,72},
{250,255,225,255,253,230,252,202},
{108,114,53,53,57,37,50,81},
{104,106,96,100,123,16,54,81},
{114,15,13,117,117,115,109,61},
{35,47,47,40,55,64,82,21},
{25,101,87,117,116,82,112,57},
{167,186,165,161,174,191,188,138},
{162,186,191,181,163,186,163,138},
{76,76,77,183,182,162,190,125},
{99,103,108,101,102,118,96,74},
{106,84,80,76,13,1,18,95},
{81,90,66,69,77,78,88,113},
{230,235,228,252,249,246,226,202},
{3,7,12,5,6,26,25,42},
{137,151,139,243,193,194,159,169},
{209,222,215,40,51,54,53,253},
{96,61,29,28,100,100,97,80},
{45,51,50,60,66,81,86,25},
{177,255,251,224,237,230,254,201},
{189,193,208,144,232,146,234,157},
{98,103,96,121,0,125,7,45},
{103,41,85,68,61,60,62,8},
{177,227,253,253,253,226,230,202},
{161,163,176,173,174,166,182,153},
{91,70,95,40,58,26,17,111},
{42,56,70,83,84,85,45,23},
{92,81,90,71,64,90,68,112},
{76,98,126,126,122,76,120,10},
{37,122,39,116,117,118,126,73},
{115,122,54,0,126,78,18,29},
{254,208,229,208,240,167,184,138},
{137,233,236,243,234,232,229,191},
{33,42,55,60,53,54,45,25},
{134,203,137,131,138,207,149,234},
{114,127,84,76,98,102,119,10},
{41,41,34,41,43,40,36,24},
{194,218,213,218,195,214,196,234},
{29,0,108,88,80,64,82,45},
{29,86,77,82,29,18,27,45},
{134,249,203,217,201,195,218,168},
{227,238,225,238,245,154,178,215},
{234,146,160,182,181,161,179,208},
{227,154,227,156,155,159,128,170},
{23,12,19,70,16,29,22,56},
{8,2,124,21,106,105,110,33},
{179,171,177,173,224,230,252,138},
{226,225,240,246,251,244,245,215},
{43,123,101,100,110,16,60,74},
{225,255,250,225,228,250,231,208},
{9,115,11,14,9,15,13,57},
{252,225,177,227,255,253,255,200},
{8,86,10,80,114,15,14,57},
{133,223,207,213,223,201,215,184},
{94,75,0,2,13,14,28,106},
{26,27,28,25,102,96,104,83},
{138,131,157,152,156,128,132,170},
{17,78,71,183,169,221,202,125},
{48,77,74,77,53,106,54,1},
{125,1,111,81,81,45,83,93},
{190,153,141,131,157,159,145,234},
{202,223,216,209,214,171,163,149},
{79,248,181,182,170,164,218,127},
{122,39,32,33,126,126,97,74},
{51,0,9,17,23,16,10,31},
{190,178,190,163,192,238,253,138},
{16,17,23,12,94,22,95,33},
{48,57,43,35,36,58,47,16},
{213,169,199,201,176,203,180,245},
{197,218,182,158,150,138,152,243},
{233,243,247,240,234,254,238,193},
{88,78,66,89,14,18,16,42},
{144,206,146,200,148,150,203,161},
{169,169,246,247,213,172,167,152},
{3,4,5,2,127,119,97,74},
{65,56,59,58,64,65,71,112},
{29,18,2,13,12,26,23,49},
{190,184,161,188,189,185,185,138},
{52,62,42,112,108,111,115,77},
{48,49,43,46,45,52,51,24},
{26,11,2,3,14,112,121,42},
{231,238,232,233,240,239,253,215},
{52,118,118,64,4,14,16,93},
{57,61,50,59,35,33,34,16},
{193,158,148,133,219,171,188,239},
{16,19,20,23,18,31,111,32},
{88,88,69,21,71,88,64,107},
{231,247,244,236,252,232,187,149},
{94,69,56,8,22,27,40,106},
{27,0,7,26,5,4,7,40},
{69,201,242,195,171,219,204,127},
{208,145,153,147,144,144,141,159},
{217,221,194,192,205,198,222,233},
{23,84,42,70,70,72,54,115},
{221,131,132,157,133,159,153,170},
{176,249,230,235,228,255,251,200},
{76,65,82,27,6,4,74,96},
{218,217,220,195,190,142,130,234},
{39,124,33,7,127,96,104,75},
{217,223,218,194,190,135,149,233},
{219,218,163,219,214,217,201,234},
{160,180,149,169,173,163,190,197},
{136,129,155,155,158,128,155,168},
{8,17,22,19,20,109,101,87},
{65,69,74,67,93,91,69,104},
{158,174,242,139,138,247,254,193},
{164,167,183,165,185,244,242,149},
{83,79,75,72,91,88,92,101},
{79,81,90,71,88,84,68,103},
{185,163,171,227,255,174,208,137},
{24,18,108,123,4,127,6,49},
{238,253,250,216,252,135,134,177},
{241,245,250,243,239,234,235,216},
{79,67,66,82,59,17,17,121},
{146,159,130,249,203,215,196,170},
{229,155,229,157,231,224,129,170},
{180,181,147,235,236,177,239,216},
{166,250,133,161,135,255,225,202},
{165,170,163,187,166,185,166,137},
{111,123,113,103,122,127,100,71},
{172,249,230,176,189,175,175,153},
{152,184,181,187,184,188,177,208},
{56,44,55,59,45,41,38,0},
{16,104,111,101,111,112,9,89},
{25,31,13,3,13,10,94,106},
{121,50,40,121,97,110,126,73},
{97,103,120,100,101,113,121,83},
{205,211,212,210,149,225,240,185},
{182,79,49,59,58,48,48,255},
{165,250,216,160,172,169,172,149},
{88,68,89,67,74,108,95,42},
{128,133,130,131,252,246,254,201},
{2,10,6,3,73,6,12,99},
{188,179,162,217,235,247,228,138},
{81,88,81,93,69,63,4,103},
{53,58,51,46,45,43,50,25},
{102,106,97,47,47,115,59,3},
{108,106,103,96,122,123,123,69},
{12,7,4,10,71,55,88,99},
{98,99,127,126,103,98,97,74},
{11,4,5,22,23,25,28,43},
{226,249,255,245,231,226,225,202},
{133,251,133,253,135,128,225,202},
{11,16,124,40,32,48,34,61},
{100,105,120,123,117,97,110,72},
{164,219,237,255,235,225,228,138},
{196,230,229,154,153,148,157,168},
{128,129,131,252,133,135,131,176},
{64,71,94,85,72,83,6,117},
{33,59,63,52,53,33,55,9},
{228,159,238,239,235,239,251,213},
{18,26,31,25,6,84,24,42},
{81,73,28,0,13,28,28,41},
{72,53,74,78,72,74,78,121},
{254,206,236,200,236,239,203,161},
{221,213,208,200,133,133,136,229},
{121,127,99,102,125,100,98,72},
{143,146,228,245,209,247,246,185},
{45,46,54,56,56,35,38,5},
{218,219,203,128,130,141,142,233},
{129,209,131,153,157,133,158,169},
{132,134,158,197,149,154,147,181},
{150,169,168,173,143,209,220,223},
{12,22,27,12,69,7,12,57},
{201,198,147,137,149,233,219,177},
{65,56,59,71,76,70,78,112},
{248,249,254,252,226,255,255,201},
{242,242,240,210,146,130,158,157},
{3,6,0,29,28,83,89,49},
{129,139,136,136,149,197,151,185},
{10,119,115,125,120,100,31,69},
{113,115,119,120,53,65,86,25},
{25,22,31,16,8,11,13,53},
{113,58,112,104,101,110,118,65},
{24,30,26,4,75,65,84,42},
{67,71,76,69,95,92,73,106},
{134,139,132,156,153,157,136,170},
{64,70,75,68,90,69,94,105},
{202,153,137,153,155,157,158,234},
{197,202,223,222,193,206,219,233},
{96,123,127,116,125,103,98,81},
{210,202,214,44,33,42,43,253},
{228,240,139,133,153,150,160,221},
{220,167,216,169,245,171,175,149},
{49,41,44,46,50,42,54,25},
{121,19,53,47,41,63,49,89},
{239,230,240,214,200,206,195,221},
{216,166,181,180,179,145,177,248},
{60,32,119,39,44,37,61,8},
{57,31,102,96,109,105,114,85},
{122,6,120,113,8,86,8,53},
{238,145,155,149,145,134,154,161},
{251,252,228,226,225,241,244,211},
{212,209,200,223,192,151,199,229},
{220,194,192,205,198,199,193,234},
{139,147,140,142,150,236,225,187},
{156,159,230,128,254,134,138,173},
{216,174,189,186,189,153,199,240},
{254,231,236,255,250,250,252,202},
{26,19,30,31,25,1,96,42},
{160,237,237,224,229,233,166,128},
{67,71,76,69,95,93,70,106},
{127,110,44,82,98,64,89,10},
{166,171,164,187,182,162,161,138},
{208,220,196,222,196,194,207,233},
{15,96,27,98,101,57,97,80},
{151,139,229,195,221,219,209,170},
{141,146,206,212,217,210,205,245},
{48,49,55,44,126,46,47,1},
{41,38,52,48,37,42,35,5},
{180,236,227,239,234,253,129,216},
{72,26,23,8,65,94,94,53},
{27,24,20,10,67,4,15,55},
{184,163,188,171,186,184,181,143},
{183,181,182,161,212,170,231,133},
{220,142,131,140,148,147,158,161},
{213,212,200,222,192,198,203,229},
{41,34,58,61,52,60,32,9},
{116,15,112,113,116,114,115,61},
{252,216,196,204,216,212,216,181},
{206,194,199,141,202,192,209,160},
{126,96,102,107,124,53,122,72},
{227,161,179,169,181,201,222,145},
{112,113,112,109,105,102,117,65},
{159,134,128,221,213,130,159,241},
{196,144,152,146,154,131,237,168},
{93,86,87,177,184,178,170,125},
{228,230,152,225,236,226,245,213},
{172,183,179,128,137,147,144,157},
{37,110,102,120,43,101,48,7},
{166,176,176,180,169,232,186,195},
{47,35,35,44,61,114,112,25},
{101,118,42,92,53,76,106,0},
{85,79,72,180,170,181,182,125},
{128,131,155,152,137,194,142,181},
{161,178,251,181,181,170,167,129},
{88,80,75,78,85,76,74,96},
{1,4,4,24,113,87,87,51},
{101,46,49,111,117,122,115,85},
{31,28,4,31,4,2,15,41},
{50,79,54,177,176,205,187,125},
{210,214,203,159,205,209,204,225},
{238,218,177,142,130,157,205,223},
{80,80,87,25,73,70,85,97},
{94,18,90,82,21,66,78,49},
{39,49,35,39,44,61,34,8},
{169,170,182,168,182,140,129,155},
{121,98,101,100,110,16,60,74},
{217,218,202,205,197,185,214,225},
{221,161,182,73,78,51,76,253},
{224,158,141,242,168,169,137,192},
{11,12,23,20,31,1,4,35},
{40,46,35,52,125,48,102,1},
{144,147,151,141,137,134,143,161},
{222,179,147,144,159,146,132,240},
{120,113,109,108,108,114,105,88},
{225,251,229,225,238,231,226,202},
{251,255,253,229,168,160,171,201},
{131,251,160,161,255,163,159,202},
{25,7,27,117,83,77,75,57},
{163,166,189,164,162,175,184,138},
{40,34,62,39,32,63,59,17},
{172,138,168,217,133,163,164,229},
{165,162,163,220,214,222,195,234},
{82,88,76,55,1,29,18,96},
{201,159,159,157,156,132,216,165},
{64,9,69,17,88,85,94,112},
{14,75,51,36,94,32,63,106},
{2,27,7,29,7,3,16,42},
{38,43,60,33,46,63,104,10},
{89,86,71,0,73,84,83,117},
{97,115,118,109,116,114,127,89},
{177,171,169,164,180,179,174,153},
{167,160,187,188,179,161,191,135},
{21,75,23,69,69,75,74,121},
{148,201,202,202,179,204,204,248},
{193,194,219,199,220,199,195,233},
{190,170,184,168,224,138,190,202},
{233,149,130,252,130,135,254,201},
{24,21,58,34,8,12,1,96},
{117,107,106,120,6,21,107,85},
{190,178,165,161,174,167,162,138},
{98,102,123,47,125,100,101,81},
{145,149,154,147,142,137,138,184},
{125,34,126,103,97,106,102,77},
{47,109,127,93,65,61,42,93},
{145,144,159,156,135,236,196,165},
{188,177,191,187,165,166,187,144},
{251,229,254,228,233,251,174,205},
{15,81,37,50,51,52,49,120},
{34,118,63,52,61,39,38,17},
{230,251,228,237,240,246,251,213},
{41,42,49,55,44,43,54,1},
{243,252,253,239,225,241,244,211},
{116,120,116,125,55,116,126,21},
{109,126,55,104,99,126,115,77},
{211,213,170,215,213,221,221,227},
{178,173,169,166,175,176,176,131},
{57,54,63,47,50,41,42,21},
{72,66,60,43,42,41,40,97},
{108,23,51,81,13,91,91,93},
{222,192,184,187,198,198,198,239},
{85,103,105,124,122,35,43,5},
{121,82,78,79,113,99,103,31},
{56,106,58,42,32,33,57,16},
{144,143,150,236,225,234,244,189},
{1,4,14,15,23,124,84,53},
{33,34,35,93,37,122,37,17},
{0,10,3,29,25,22,31,49},
{158,227,235,229,230,226,255,209},
{143,155,159,154,132,154,132,167},
{246,241,253,140,172,185,191,197},
{179,151,177,134,142,204,141,221},
{149,154,147,138,139,147,134,185},
{13,25,5,17,68,22,27,53},
{77,70,94,65,66,68,92,109},
{99,107,49,109,17,0,25,74},
{122,98,115,98,96,109,126,72},
{140,209,156,142,146,158,138,248},
{62,60,49,34,107,114,115,15},
{78,80,60,232,224,240,226,125},
{121,121,113,116,106,19,47,64},
{27,100,29,24,30,31,30,42},
{11,115,65,31,30,1,126,43},
{107,0,126,107,18,20,20,31},
{224,252,255,249,253,242,251,205},
{47,56,61,58,59,68,78,112},
{186,169,174,161,133,134,219,229},
{250,250,252,255,246,225,128,202},
{70,118,84,112,84,87,115,25},
{167,133,218,219,217,220,218,232},
{168,195,196,220,220,216,197,234},
{101,122,124,100,98,111,120,74},
{159,153,152,146,236,133,250,175},
{54,91,36,35,36,94,95,105},
{41,99,107,120,117,102,47,81},
{68,66,79,88,72,67,88,109},
{21,105,23,16,30,25,29,37},
{184,187,181,164,163,190,185,138},
{252,247,246,225,225,254,243,205},
{162,163,164,223,217,196,194,235},
{140,140,136,149,220,196,203,248},
{121,37,120,125,117,121,110,72},
{37,57,69,42,44,45,46,24},
{22,29,16,29,22,115,98,39},
{97,115,121,103,116,121,102,73},
{216,195,199,195,219,196,198,240},
{19,12,19,27,18,12,10,32},
{44,123,43,40,33,34,51,5},
{200,205,178,188,180,181,179,129},
{112,119,114,104,101,110,117,65},
{238,200,227,225,225,253,163,138},
{90,95,70,75,68,90,88,104},
{218,219,217,220,218,193,164,234},
{230,182,183,145,148,154,138,157},
{123,56,50,47,113,106,117,85},
{102,125,100,98,111,120,101,75},
{64,18,90,19,9,65,78,104},
{72,110,50,52,49,50,54,1},
{133,148,146,157,128,138,244,165},
{52,51,43,120,101,107,97,9},
{141,218,198,220,162,177,182,249},
{248,142,155,156,157,154,231,208},
{130,128,141,134,158,135,128,171},
{140,229,156,186,152,232,232,211},
{6,90,93,92,33,89,72,106},
{96,105,112,116,119,104,112,64},
{233,232,255,140,142,129,130,221},
{43,83,61,98,62,33,94,11},
{73,70,79,91,95,69,89,101},
{6,26,27,7,3,16,25,43},
{195,208,217,218,193,196,197,239},
{236,225,234,250,252,238,255,192},
{186,239,163,176,185,166,171,141},
{166,251,133,248,253,250,230,202},
{39,44,37,63,62,59,37,11},
{183,149,202,180,206,201,207,248},
{232,249,244,236,246,236,234,192},
{23,76,81,95,85,28,98,55},
{158,151,144,149,234,228,236,215},
{32,62,64,111,77,78,106,29},
{197,185,214,161,217,134,164,229},
{0,6,11,4,26,31,4,41},
{197,191,186,181,186,161,197,138},
{16,17,91,24,18,15,81,115},
{13,20,16,5,24,26,2,37},
{25,18,0,13,29,26,28,42},
{213,207,206,200,199,196,203,229},
{246,237,246,204,193,210,155,221},
{161,187,191,185,164,163,190,137},
{143,156,196,197,222,196,192,234},
{161,135,254,232,229,225,253,205},
{126,124,122,109,14,98,98,77},
{231,230,235,234,250,157,179,208},
{193,223,195,173,139,149,147,225},
{141,173,210,171,170,215,168,225},
{207,212,185,157,158,149,152,249},
{218,216,196,199,195,219,223,237},
{5,229,209,235,251,225,233,127},
{152,248,249,250,250,133,254,199},
{38,4,5,33,34,122,102,74},
{85,18,96,68,93,67,70,39},
{102,103,67,66,58,56,32,10},
{149,137,134,160,157,143,147,240},
{42,55,54,45,41,38,55,1},
{14,10,60,232,232,238,231,125},
{224,250,251,226,225,252,231,200},
{134,166,130,133,244,246,247,201},
{81,14,65,93,71,73,95,37},
{147,224,233,240,240,253,245,191},
{72,65,66,90,89,90,71,104},
{121,99,22,108,33,33,44,73},
{215,217,222,146,211,219,200,185},
{230,196,187,191,187,183,190,138},
{23,71,76,69,90,88,72,106},
{33,32,94,95,93,88,78,104},
{27,28,0,13,6,30,9,42},
{122,105,75,97,24,101,18,37},
{57,101,59,63,56,62,62,8},
{189,182,174,145,147,146,140,157},
{246,155,228,227,228,194,159,169},
{244,235,239,228,237,242,242,193},
{213,194,195,196,193,190,168,138},
{217,220,195,218,216,213,222,240},
{135,135,138,154,230,223,205,177},
{55,127,104,18,79,72,20,31},
{217,214,223,205,207,215,202,245},
{220,218,193,216,222,198,220,234},
{215,212,202,201,212,207,203,225},
{129,146,219,144,150,138,135,161},
{23,0,5,123,3,33,7,72},
{192,144,137,194,139,144,157,183},
{188,183,166,185,184,178,204,141},
{55,60,53,54,46,23,16,27},
{233,230,239,249,251,231,250,197},
{182,181,174,164,169,162,190,133},
{86,67,29,6,25,16,12,51},
{170,185,198,201,201,179,194,245},
{240,246,251,244,232,234,233,217},
{36,32,34,60,124,112,108,75},
{184,161,186,165,161,174,167,137},
{238,162,175,184,163,162,170,141},
{106,110,112,103,103,73,77,91},
{165,184,191,172,182,168,178,149},
{81,81,81,87,73,6,12,99},
{150,143,133,132,140,202,214,229},
{106,99,120,127,126,96,102,74},
{103,97,123,6,56,43,48,83},
{80,87,70,74,70,67,108,33},
{227,228,237,242,255,200,201,219},
{183,217,244,238,243,251,237,153},
{175,241,133,146,147,148,145,216},
{53,38,47,17,14,27,10,29},
{133,152,207,159,148,132,129,176},
{187,195,173,175,174,144,205,155},
{30,114,90,82,70,84,85,48},
{37,45,49,38,100,26,42,64},
{66,89,70,92,81,66,11,109},
{149,217,140,220,209,218,193,237},
{22,54,107,108,108,17,110,89},
{182,175,183,178,174,164,169,131},
{182,167,182,140,129,138,139,157},
{239,255,217,220,220,194,155,181},
{22,10,10,26,14,24,16,120},
{114,122,108,18,1,35,60,74},
{73,74,75,103,24,19,31,37},
{77,83,79,47,62,30,67,109},
{111,117,104,117,113,126,119,89},
{101,17,0,96,96,98,26,77},
{217,217,196,223,196,194,207,233},
{235,234,239,245,240,239,246,217},
{221,216,193,220,219,220,217,234},
{9,87,11,88,5,6,36,101},
{104,105,112,119,117,108,107,64},
{48,88,124,96,96,116,120,16},
{13,107,112,113,118,109,105,63},
{86,92,89,65,93,95,68,103},
{39,45,46,40,119,13,32,73},
{81,95,87,69,91,94,88,101},
{61,62,33,41,48,55,42,21},
{255,253,244,244,230,144,159,202},
{56,46,45,57,43,103,15,74},
{222,196,217,148,134,154,150,239},
{169,169,246,212,213,171,169,152},
{3,7,12,29,0,7,3,42},
{179,188,184,190,163,234,248,135},
{144,154,228,140,140,143,211,185},
{240,229,244,253,247,254,250,149},
{220,217,218,219,201,194,218,237},
{14,76,80,78,48,64,65,107},
{151,183,180,179,190,168,180,213},
{103,32,60,104,119,124,117,87},
{60,59,33,52,62,38,60,10},
{168,179,187,195,212,215,208,153},
{24,29,0,13,30,87,3,42},
{69,69,90,89,68,95,91,113},
{108,100,34,62,36,113,116,0},
{225,234,242,247,246,244,232,193},
{199,148,136,150,232,241,246,179},
{129,132,155,130,209,129,142,168},
{224,235,247,172,181,168,175,129},
{127,103,111,15,30,99,98,77},
{51,53,53,63,48,48,56,3},
{244,170,142,248,248,250,253,197},
{218,223,162,174,169,162,181,149},
{133,219,218,163,220,167,214,233},
{177,171,160,184,181,190,164,145},
{67,77,91,89,94,92,27,45},
{26,25,4,31,74,20,25,51},
{208,192,222,156,128,158,151,185},
{148,153,136,137,143,145,158,184},
{152,146,218,210,149,233,134,177},
{153,128,131,153,130,159,155,177},
{150,140,129,181,152,148,150,243},
{93,26,94,80,78,91,31,57},
{231,199,196,195,206,216,196,165},
{97,109,123,40,53,59,49,89},
{198,142,199,165,245,238,227,189},
{177,178,170,175,170,183,178,153},
{95,89,90,94,67,23,93,103},
{51,63,58,53,59,61,43,5},
{194,194,204,178,130,166,185,234},
{136,129,155,159,152,134,151,168},
{77,79,78,236,176,205,181,125},
{178,170,167,160,186,190,160,133},
{226,230,234,243,171,177,173,135},
{82,80,83,92,75,37,8,97},
{103,85,117,87,117,116,82,56},
{38,4,125,2,1,126,31,74},
{41,46,44,107,109,101,25,64},
{38,23,127,7,16,21,18,85},
{42,54,44,82,63,62,95,10},
{249,226,239,248,226,226,248,205},
{61,33,42,51,47,55,47,0},
{223,194,197,205,177,131,191,234},
{232,225,234,229,251,134,182,209},
{80,118,119,41,43,47,47,25},
{209,203,205,204,205,208,206,225},
{98,103,67,92,4,4,2,45},
{133,154,150,129,144,148,156,245},
{60,49,58,34,39,37,61,16},
{213,152,138,110,98,118,106,253},
{228,185,195,196,224,196,199,136},
{21,22,11,8,118,99,27,37},
{229,234,227,248,254,252,224,201},
{92,38,94,87,40,85,47,21},
{54,44,117,107,119,104,33,83},
{202,217,196,207,222,209,217,243},
{85,74,24,76,83,87,87,97},
{164,191,178,170,172,172,178,149},
{41,27,9,25,19,10,95,121},
{134,158,147,156,157,143,128,177},
{110,100,105,121,103,108,101,71},
{126,98,96,127,123,120,105,83},
{192,200,211,136,148,138,244,165},
{190,195,203,197,198,194,223,241},
{220,193,208,214,219,212,213,247},
{156,159,187,235,225,236,238,213},
{40,45,15,81,92,82,81,97},
{162,175,229,152,191,175,161,201},
{255,221,193,214,195,187,172,223},
{7,26,5,8,28,26,6,42},
{84,86,89,90,80,29,97,56},
{29,18,27,2,6,6,24,49},
{76,78,65,66,72,5,64,32},
{19,107,122,6,126,8,112,51},
{105,106,118,117,108,107,118,65},
{36,101,105,122,38,80,89,10},
{242,153,154,130,131,141,131,176},
{201,204,211,202,196,186,175,224},
{40,52,53,126,118,104,59,21},
{33,35,62,36,62,52,57,19},
{48,71,99,108,106,78,126,10},
{109,109,96,101,105,38,88,1},
{1,4,27,2,0,13,30,40},
{37,7,35,93,39,32,65,106},
{183,166,218,162,220,164,161,232},
{68,66,79,88,73,66,92,109},
{193,204,222,194,219,193,212,170},
{69,89,96,70,76,68,80,32},
{165,245,167,162,164,166,190,141},
{91,90,93,34,88,87,70,106},
{72,68,3,123,73,23,22,33},
{198,199,149,139,151,231,136,179},
{4,2,15,24,0,10,7,45},
{42,35,36,59,62,38,61,10},
{85,73,87,82,76,74,71,97},
{215,198,230,231,189,194,199,136},
{14,76,80,78,71,65,68,107},
{154,211,172,130,130,137,168,232},
{170,171,172,169,214,208,216,227},
{96,1,3,7,7,5,27,47},
{208,193,159,144,137,145,139,181},
{150,182,148,147,238,236,239,217},
{103,123,127,116,101,46,103,81},
{18,10,89,27,21,24,93,119},
{154,154,227,226,194,224,220,170},
{14,33,61,62,52,32,1,77},
{222,211,192,205,198,218,196,234},
{254,224,253,253,253,230,252,202},
{112,46,47,118,119,119,114,65},
{23,28,12,13,13,105,97,59},
{2,18,26,2,24,6,28,42},
{249,225,248,249,253,242,227,205},
{194,217,222,142,146,144,238,171},
{58,67,60,98,62,37,35,11},
{250,233,203,152,153,155,228,165},
{227,234,175,207,253,221,255,141},
{187,178,172,228,232,175,207,138},
{170,182,172,210,199,191,223,138},
{104,117,119,108,119,108,106,64},
{62,43,58,56,53,62,63,17},
{93,3,115,100,97,102,127,42},
{136,147,151,156,141,198,220,185},
{128,172,172,170,163,224,150,195},
{205,212,211,223,192,199,218,229},
{25,18,13,14,16,15,6,57},
{203,213,211,202,200,197,206,224},
{214,196,201,218,197,220,149,231},
{46,55,54,0,126,109,18,29},
{251,181,189,170,167,160,187,131},
{116,114,61,35,63,127,110,27},
{123,2,5,121,118,124,104,74},
{132,137,130,155,135,157,135,168},
{200,178,204,205,180,201,182,129},
{107,117,112,111,118,73,72,91},
{245,250,243,238,235,232,240,217},
{39,33,40,39,56,39,32,15},
{165,166,251,168,161,173,187,149},
{74,72,67,75,92,64,94,120},
{109,110,111,12,13,14,83,93},
{104,21,107,48,20,50,106,89},
{12,10,7,25,16,19,7,37},
{21,13,13,85,38,10,14,97},
{89,89,88,93,91,90,64,104},
{228,226,238,253,250,170,182,133},
{124,123,102,113,112,122,4,85},
{62,57,61,50,59,60,39,15},
{87,95,95,86,90,65,24,48},
{232,186,243,241,247,233,230,192},
{181,135,163,221,130,222,156,234},
{195,196,134,197,134,221,192,235},
{105,109,119,105,117,113,126,88},
{11,5,15,8,64,1,21,106},
{36,37,127,121,124,102,126,10},
{242,241,142,137,136,246,251,189},
{161,174,186,169,169,169,178,149},
{60,52,123,3,20,50,111,89},
{152,158,147,132,205,135,155,177},
{240,235,230,246,240,240,238,193},
{97,125,126,103,122,103,50,73},
{33,57,36,49,53,58,43,21},
{82,85,68,60,60,62,70,9},
{45,49,23,30,30,4,93,119},
{241,239,243,139,156,230,152,209},
{49,43,47,40,48,41,46,25},
{40,56,38,100,120,102,24,65},
{185,186,162,164,167,166,184,145},
{48,127,117,120,61,108,122,25},
{116,104,110,99,108,116,119,64},
{218,129,147,250,199,205,212,167},
{89,93,82,65,68,70,90,112},
{94,77,51,77,53,79,72,1},
{177,149,202,203,204,205,146,248},
{169,170,173,178,177,172,183,152},
{104,117,116,119,113,63,81,91},
{209,210,143,241,136,243,251,189},
{92,71,74,66,68,68,90,109},
{104,123,127,116,125,100,103,81},
{252,174,174,168,236,228,239,133},
{88,5,35,7,35,1,94,104},
{163,239,234,242,255,200,210,219},
{108,106,103,96,120,115,115,69},
{106,115,110,85,81,75,79,93},
{241,239,243,139,185,231,230,209},
{234,148,253,253,135,128,159,202},
{192,201,209,202,205,197,215,248},
{169,172,171,178,177,172,183,152},
{122,90,120,8,112,117,10,53},
{106,7,91,113,85,86,114,53},
{181,175,248,252,241,250,226,205},
{223,212,197,218,215,208,193,243},
{8,69,69,72,77,65,14,40},
{205,214,207,210,208,221,214,248},
{175,236,230,243,173,174,183,129},
{146,217,212,193,206,219,199,234},
{168,210,170,213,170,223,212,225},
{169,173,190,226,148,133,130,199},
{216,160,160,162,172,184,199,145},
{18,20,23,15,4,13,19,32},
{2,1,35,97,97,102,100,77},
{204,226,254,254,250,204,248,138},
{202,159,132,136,128,207,175,234},
{190,164,174,177,176,186,196,149},
{229,150,132,160,171,181,169,203},
{206,207,202,212,201,212,210,248},
{78,74,87,251,169,177,176,125},
{101,124,101,97,110,103,99,74},
{158,135,140,133,134,157,132,170},
{200,150,180,179,178,146,200,249},
{172,172,184,235,147,132,162,200},
{196,223,130,225,203,201,196,170},
{171,165,168,237,145,163,159,202},
{7,63,25,8,12,14,47,117},
{213,202,199,192,193,216,218,229},
{203,205,201,209,207,202,214,249},
{154,143,136,129,134,251,243,197},
{67,66,67,97,59,54,36,10},
{220,248,218,167,251,175,170,147},
{120,125,2,12,4,5,3,49},
{221,221,196,195,222,217,221,235},
{77,87,82,177,168,174,163,125},
{156,156,154,132,128,156,221,173},
{220,204,222,163,181,167,177,189},
{140,142,149,140,149,145,158,184},
{181,171,172,170,229,251,231,193},
{193,218,216,196,194,207,216,234},
{229,254,231,250,248,245,254,208},
{16,29,41,4,0,2,28,104},
{26,25,6,11,4,28,26,40},
{20,10,116,28,28,30,102,41},
{41,7,13,30,29,71,47,106},
{219,162,128,220,161,223,191,234},
{23,28,21,22,14,113,115,59},
{189,178,187,188,162,160,190,145},
{252,241,226,171,228,249,246,208},
{254,229,252,250,247,240,235,211},
{47,23,25,16,23,4,24,31},
{70,71,21,11,23,103,8,51},
{62,82,125,97,122,112,100,16},
{168,172,167,143,151,139,143,157},
{247,172,172,209,243,149,145,155},
{237,226,235,240,245,242,232,193},
{233,144,237,146,145,149,150,160},
{162,187,167,189,167,166,176,138},
{142,140,170,128,197,219,199,225},
{62,46,62,52,57,50,35,21},
{205,213,210,148,153,138,195,181},
{132,134,219,136,136,136,141,181},
{227,231,236,253,182,169,224,202},
{252,236,207,229,237,239,226,136},
{185,184,195,196,195,194,191,136},
{164,166,175,170,171,173,181,149},
{13,57,19,21,17,26,13,121},
{211,220,194,185,139,151,132,234},
{217,200,206,195,212,157,208,224},
{34,56,57,37,33,46,39,9},
{247,250,253,237,186,167,181,202},
{21,21,24,29,17,94,12,121},
{111,96,125,114,123,101,103,79},
{184,187,189,187,161,183,185,138},
{119,96,115,119,124,117,108,88},
{25,0,26,25,4,31,23,49},
{126,8,118,115,10,115,12,55},
{111,95,117,125,107,33,67,10},
{12,11,41,118,114,123,113,67},
{181,218,220,221,161,223,191,234},
{3,7,12,5,28,30,27,42},
{21,4,32,125,126,126,31,74},
{209,203,204,206,212,211,206,249},
{104,105,115,119,119,108,107,64},
{48,63,36,50,57,37,33,7},
{236,243,234,232,229,247,242,193},
{136,141,242,252,244,245,243,193},
{219,210,193,223,214,198,220,234},
{248,232,254,242,254,231,191,153},
{245,247,142,248,241,243,253,197},
{4,14,112,127,1,123,95,45},
{57,37,45,107,97,116,49,11},
{188,225,226,226,155,228,228,208},
{38,37,91,35,1,33,94,105},
{171,180,169,166,175,186,185,131},
{132,133,158,149,136,147,151,181},
{156,201,215,203,179,162,222,232},
{239,203,180,207,179,187,186,131},
{106,20,32,4,34,127,97,74},
{202,214,205,210,208,221,214,248},
{164,200,237,224,235,253,241,138},
{200,238,178,181,179,180,183,129},
{16,14,76,80,78,48,63,106},
{165,187,186,180,202,217,222,145},
{47,45,45,49,23,32,55,64},
{179,191,165,160,191,166,188,138},
{204,217,206,209,213,218,211,245},
{85,72,83,87,92,85,73,120},
{28,17,26,27,0,6,31,48},
{40,48,75,69,89,86,3,29},
{179,189,165,160,191,166,188,138},
{89,33,91,92,37,90,34,16},
{4,24,21,98,64,93,92,51},
{206,205,212,185,157,158,149,248},
{6,60,96,99,101,102,101,79},
{45,45,42,23,24,12,112,29},
{177,190,183,148,145,137,146,157},
{155,157,133,129,142,135,129,170},
{169,166,175,185,191,189,160,133},
{74,86,76,50,33,3,64,106},
{218,200,160,132,152,152,140,231},
{181,162,220,162,167,222,191,234},
{233,230,239,224,250,243,226,197},
{41,98,47,41,96,50,63,25},
{29,30,3,9,20,11,18,53},
{238,244,156,184,164,172,184,211},
{25,28,2,126,71,85,85,42},
{224,251,229,233,240,246,251,213},
{21,7,16,6,65,12,30,101},
{99,27,12,119,118,120,6,67},
{128,159,134,153,145,237,223,173},
{20,10,69,69,65,14,73,41},
{163,186,243,228,248,245,203,147},
{217,210,198,221,220,199,198,233},
{208,128,246,227,228,229,226,167},
{101,126,107,122,120,117,102,80},
{68,73,66,95,94,64,92,104},
{36,39,57,118,124,109,51,21},
{225,238,231,248,233,224,250,205},
{34,60,35,43,33,60,58,16},
{97,11,45,55,49,39,41,65},
{1,2,3,88,5,14,0,49},
{12,1,9,3,103,21,88,56},
{237,223,205,165,175,182,227,189},
{74,104,76,55,54,60,59,3},
{176,178,237,143,184,179,175,213},
{101,120,101,97,110,103,98,74},
{117,102,47,97,108,118,123,85},
{169,169,246,171,240,168,169,152},
{6,12,29,67,68,93,69,104},
{192,216,212,204,208,213,213,181},
{14,114,104,110,99,116,61,63},
{25,53,51,60,50,48,59,88},
{210,215,169,151,149,154,131,157},
{133,142,143,154,152,157,130,165},
{248,228,250,132,147,237,151,216},
{133,134,219,221,220,223,222,233},
{27,20,12,21,14,113,104,59},
{93,73,85,65,69,74,67,101},
{61,50,34,45,36,107,59,17},
{97,101,106,123,52,46,120,72},
{11,14,12,18,109,95,77,57},
{48,40,44,35,51,43,55,24},
{55,46,51,55,60,53,44,24},
{30,2,5,13,113,96,121,42},
{198,199,197,209,213,218,203,245},
{216,195,198,221,196,194,207,233},
{10,3,4,28,31,31,25,42},
{167,163,160,167,190,172,173,143},
{196,153,154,154,227,156,156,168},
{134,157,132,142,240,220,128,171},
{193,203,199,216,142,146,146,245},
{185,182,167,224,168,170,183,149},
{168,183,174,164,169,162,163,133},
{100,98,111,120,96,101,99,77},
{5,23,25,31,9,27,31,45},
{41,34,63,62,53,33,61,9},
{56,10,8,4,27,28,80,106},
{125,99,127,63,46,82,42,93},
{170,212,188,225,191,227,160,138},
{89,95,68,22,94,23,67,106},
{193,204,222,194,219,193,212,170},
{244,254,224,225,225,251,255,205},
{40,82,87,86,85,82,73,97},
{251,248,249,231,251,231,227,201},
{24,4,102,67,88,93,74,41},
{181,177,169,170,174,178,168,152},
{217,192,218,217,196,223,219,241},
{148,158,158,140,217,198,202,169},
{188,187,182,172,176,181,181,213},
{160,171,170,165,165,182,251,145},
{149,150,146,144,141,192,210,161},
{202,195,218,219,222,192,196,234},
{86,82,85,65,71,77,5,37},
{245,129,179,209,208,171,210,221},
{2,5,7,31,27,24,17,51},
{138,244,192,156,159,158,255,170},
{21,18,14,3,12,23,30,32},
{44,50,76,93,37,89,94,17},
{135,128,155,155,156,156,130,167},
{38,107,19,124,127,126,96,74},
{26,7,2,1,24,30,19,45},
{255,224,225,190,191,184,229,207},
{90,94,88,90,94,94,31,107},
{146,222,211,220,195,197,220,241},
{128,210,223,40,55,52,54,253},
{6,4,81,19,29,16,85,111},
{194,211,217,221,193,218,217,234},
{69,71,56,73,75,79,79,117},
{60,58,52,56,32,77,113,10},
{129,138,146,156,145,139,159,161},
{91,83,91,70,95,70,92,106},
{237,238,239,228,243,151,178,217},
{81,84,82,83,74,3,20,96},
{59,33,57,57,36,34,47,9},
{107,83,115,112,127,114,100,16},
{139,133,143,136,192,129,149,234},
{231,253,229,232,234,243,247,213},
{201,194,211,221,198,223,217,233},
{220,218,215,202,206,135,215,245},
{130,195,215,220,207,206,211,249},
{15,94,22,189,176,174,163,125},
{63,58,53,58,33,81,127,11},
{52,96,41,106,97,120,117,79},
{154,227,231,239,239,244,157,213},
{251,132,253,132,247,248,226,202},
{116,114,127,72,89,81,81,93},
{252,242,191,255,145,206,207,157},
{185,205,220,221,218,223,167,145},
{185,231,229,235,224,234,251,213},
{47,13,82,83,85,42,87,96},
{198,156,159,152,157,134,237,170},
{82,31,27,80,2,15,24,42},
{181,171,172,178,176,189,182,152},
{113,14,115,118,116,117,104,64},
{172,180,194,215,208,233,238,155},
{32,38,43,36,60,63,55,9},
{130,129,254,225,189,227,154,205},
{145,158,151,246,248,242,236,189},
{221,194,192,205,222,151,148,234},
{33,35,35,34,44,46,39,17},
{119,107,41,59,33,61,65,24},
{106,109,108,17,105,88,87,91},
{57,59,45,51,52,50,117,87},
{241,245,250,235,164,239,184,216},
{99,27,117,9,118,36,120,67},
{87,40,42,42,47,41,43,24},
{153,139,143,132,141,142,150,161},
{224,252,246,249,253,242,227,205},
{88,83,48,63,64,61,60,109},
{78,126,34,37,36,89,33,17},
{116,118,113,99,120,115,98,69},
{154,136,246,155,154,227,193,167},
{41,55,51,0,9,21,27,29},
{160,167,161,184,181,190,162,145},
{246,244,245,157,152,249,248,195},
{238,247,235,201,206,204,131,157},
{169,213,196,188,196,190,198,137},
{243,141,188,129,141,135,183,221},
{90,88,85,94,79,73,64,115},
{24,18,26,31,25,6,84,41},
{28,31,23,103,85,115,87,53},
{55,53,40,49,51,33,37,3},
{103,122,101,97,110,103,98,74},
{161,174,191,232,247,163,238,141},
{113,96,99,108,121,118,127,81},
{152,146,156,129,153,155,134,169},
{108,74,22,103,24,24,29,37},
{82,93,94,44,97,29,10,61},
{209,169,171,210,164,170,174,152},
{94,64,90,88,85,94,78,113},
{201,211,210,210,206,215,212,225},
{36,59,34,32,45,62,35,9},
{102,43,83,68,62,70,89,10},
{237,186,166,188,194,175,208,153},
{217,219,221,212,217,222,207,233},
{5,10,3,4,27,29,6,41},
{188,178,162,203,225,225,228,138},
{91,91,69,65,78,71,72,106},
{23,8,65,10,23,28,13,55},
{112,110,99,91,118,118,116,21},
{99,56,36,58,68,45,82,23},
{107,38,107,103,106,107,103,5},
{105,116,115,111,104,113,104,89},
{169,162,186,190,187,163,186,137},
{13,65,66,5,85,90,83,117},
{228,231,230,180,232,232,233,213},
{131,251,236,239,238,231,197,163},
{251,252,242,225,252,250,230,201},
{134,139,132,159,152,157,157,170},
{25,27,28,3,115,100,103,40},
{152,154,226,156,193,158,158,169},
{163,172,183,183,190,190,166,131},
{213,200,211,215,220,213,207,248},
{179,170,255,221,193,189,211,221},
{249,246,255,233,238,241,234,213},
{194,224,225,188,188,160,168,139},
{144,222,211,220,196,194,193,241},
{46,55,51,0,17,90,22,29},
{199,223,219,216,201,130,200,245},
{131,135,140,133,159,157,133,170},
{189,191,164,223,233,245,250,136},
{121,114,108,112,110,103,96,74},
{8,11,11,14,12,7,6,57},
{80,118,119,41,43,47,47,25},
{215,241,223,213,198,197,159,177},
{81,81,81,87,73,6,12,99},
{26,0,7,26,5,1,14,40},
{225,174,172,167,164,170,231,193},
{111,118,45,67,106,114,111,1},
{98,121,101,96,127,102,124,74},
{39,58,37,33,46,39,37,10},
{30,20,5,91,43,60,57,112},
{219,164,163,164,130,160,156,234},
{240,225,191,168,181,186,179,149},
{104,100,108,35,91,74,54,0},
{95,69,66,64,15,13,17,43},
{17,104,21,106,105,109,110,88},
{0,2,81,45,58,59,60,111},
{196,204,208,51,40,46,35,253},
{3,12,22,20,22,7,26,35},
{251,250,255,229,231,239,143,202},
{13,8,30,14,68,50,95,104},
{249,166,216,169,214,213,162,149},
{88,66,65,88,64,76,95,112},
{102,115,116,117,114,15,7,57},
{163,166,189,164,162,175,184,138},
{127,116,108,103,42,116,121,83},
{164,187,185,185,154,182,160,202},
{98,125,114,99,44,99,48,80},
{6,38,123,124,124,1,126,73},
{97,101,106,123,52,123,120,72},
{244,161,221,179,232,180,234,128},
{130,157,152,134,156,158,153,170},
{111,120,101,102,98,123,108,79},
{122,101,96,127,102,121,113,75},
{42,59,116,105,34,47,56,10},
{127,17,78,18,109,106,74,32},
{72,51,52,16,17,79,77,121},
{18,22,29,83,91,25,19,119},
{172,175,214,217,166,217,220,229},
{38,57,49,77,92,91,37,15},
{219,211,221,222,218,199,139,234},
{18,26,12,114,30,30,1,42},
{87,51,22,29,26,27,95,121},
{25,10,6,2,26,2,30,49},
{195,150,192,205,222,151,198,234},
{159,132,248,197,215,203,143,169},
{5,27,7,119,96,101,98,37},
{165,255,251,254,253,224,149,201},
{70,80,30,0,83,6,16,111},
{125,114,99,44,109,98,123,81},
{103,99,123,120,13,45,62,85},
{102,98,127,35,113,107,111,85},
{79,88,89,67,64,65,92,111},
{96,27,106,99,103,99,121,81},
{72,12,4,15,69,69,21,104},
{108,106,103,96,126,127,96,69},
{108,96,103,119,111,115,114,85},
{13,21,22,17,4,27,27,37},
{121,120,117,109,115,111,54,74},
{189,163,167,161,180,168,171,149},
{192,159,139,136,129,155,147,165},
{106,46,34,41,110,16,25,74},
{71,90,87,80,72,75,76,117},
{235,166,244,168,236,228,239,133},
{108,115,118,109,116,114,127,89},
{83,9,8,115,47,116,41,63},
{66,87,80,105,110,19,27,29},
{38,43,36,60,57,56,35,10},
{47,51,119,101,121,106,35,85},
{219,216,200,206,207,208,221,247},
{49,77,127,91,92,39,123,17},
{185,164,195,233,236,234,175,137},
{27,5,66,72,89,7,0,42},
{190,186,162,227,235,248,184,138},
{41,44,48,45,54,12,1,27},
{190,238,247,227,240,227,231,197},
{120,127,113,100,44,32,103,65},
{70,67,68,69,61,65,64,9},
{113,122,123,101,109,127,122,81},
{111,124,36,82,71,64,89,10},
{211,144,154,119,41,42,43,253},
{214,212,214,217,201,215,203,229},
{4,1,1,88,88,82,44,109},
{131,139,243,157,225,195,249,170},
{149,158,159,137,141,143,146,181},
{10,27,84,75,77,3,16,42},
{183,149,229,238,230,211,205,219},
{201,194,214,196,212,210,223,249},
{170,163,190,186,165,184,161,138},
{235,239,239,237,243,176,186,217},
{200,194,188,173,170,138,215,225},
{112,8,8,10,4,16,125,57},
{254,159,225,190,234,230,229,207},
{148,143,139,136,152,147,147,165},
{151,254,195,209,200,154,154,173},
{96,46,80,89,125,91,92,13},
{49,58,59,44,36,63,58,17},
{202,207,206,228,184,195,188,133},
{53,41,43,17,14,17,10,29},
{255,231,239,143,225,157,156,205},
{65,95,88,86,17,19,27,53},
{141,128,197,185,168,167,216,227},
{153,162,182,168,238,242,240,202},
{70,75,68,93,69,95,89,106},
{100,110,123,37,62,119,33,10},
{203,152,133,139,129,208,157,235},
{56,39,62,49,57,69,43,21},
{206,179,187,181,182,178,175,129},
{233,239,240,237,234,247,243,217},
{196,224,235,245,233,178,174,141},
{243,224,251,251,231,227,240,202},
{9,99,69,95,89,79,65,41},
{178,177,162,185,189,165,164,135},
{45,101,47,37,47,61,120,74},
{182,140,129,138,146,147,157,159},
{124,58,38,60,66,81,115,25},
{49,19,21,3,13,7,0,95},
{245,230,186,204,221,218,223,144},
{176,185,181,173,208,224,254,128},
{238,146,155,147,150,144,143,161},
{193,223,210,220,194,223,223,233},
{228,250,132,149,146,151,144,217},
{165,186,183,176,168,175,169,149},
{193,202,215,220,213,214,205,249},
{187,180,174,171,171,141,144,155},
{57,37,79,120,124,125,117,10},
{73,82,72,84,76,74,71,97},
{117,106,109,77,85,75,79,93},
{250,164,169,162,184,189,188,135},
{124,126,122,98,35,43,56,73},
{195,203,216,152,238,251,252,173},
{117,37,42,58,63,62,39,8},
{60,33,113,35,61,63,56,8},
{239,252,252,250,228,253,253,199},
{247,138,186,174,184,176,171,217},
{33,62,51,60,39,33,58,17},
{86,82,72,82,86,79,75,97},
{188,180,168,186,160,166,171,133},
{68,57,70,77,73,74,85,117},
{155,129,158,148,132,142,203,169},
{252,255,247,183,171,250,132,213},
{43,101,111,105,123,34,35,5},
{28,18,17,31,24,15,89,42},
{198,196,222,158,142,146,144,170},
{240,248,227,184,164,186,196,149},
{127,126,123,3,88,124,121,48},
{98,118,112,27,28,4,2,48},
{201,194,210,212,221,193,219,233},
{145,101,118,42,51,40,37,255},
{14,11,12,117,125,119,116,65},
{254,211,210,138,252,237,234,159},
{40,34,42,47,41,54,100,25},
{194,189,196,206,197,192,192,243},
{50,106,28,13,10,15,8,65},
{116,123,104,117,124,111,107,65},
{48,54,59,52,47,44,39,25},
{42,35,61,58,56,32,36,10},
{255,253,253,225,167,181,171,144},
{126,121,101,115,101,97,110,72},
{137,139,157,222,189,147,138,237},
{79,88,66,65,65,91,71,111},
{228,158,224,129,254,132,138,173},
{116,52,57,50,41,42,37,23},
{185,231,187,195,241,175,174,153},
{238,244,249,214,206,252,248,139},
{32,90,91,35,36,86,91,105},
{230,160,164,184,169,191,186,200},
{250,251,253,130,255,253,229,202},
{9,14,39,8,23,31,31,106},
{201,210,200,212,204,207,206,225},
{35,91,35,36,95,32,65,106},
{197,193,192,195,219,166,150,241},
{92,90,87,72,1,24,25,117},
{16,13,2,11,12,20,19,32},
{13,6,30,6,4,31,4,45},
{8,118,70,27,64,98,97,40},
{33,53,41,53,49,62,55,25},
{244,131,255,140,142,129,130,221},
{8,11,21,82,88,73,23,57},
{117,105,116,117,113,97,101,67},
{36,41,58,115,110,111,39,8},
{76,81,72,75,84,82,95,121},
{184,187,165,240,162,175,184,138},
{123,119,125,29,111,46,60,67},
{158,130,128,141,134,135,129,170},
{194,220,219,197,193,206,199,233},
{1,27,12,94,94,88,28,115},
{194,195,221,223,214,198,221,234},
{158,136,128,129,135,156,206,175},
{26,174,208,247,226,246,241,127},
{154,132,149,132,135,143,239,170},
{141,130,252,149,148,202,238,161},
{212,212,215,199,218,195,199,229},
{235,232,228,226,243,248,226,199},
{162,169,187,186,180,187,184,144},
{54,127,123,105,125,114,123,77},
{12,22,86,70,90,72,54,99},
{12,8,14,113,105,29,10,61},
{16,66,8,14,16,29,22,56},
{152,157,152,155,148,230,195,170},
{230,176,189,174,231,153,144,155},
{98,56,53,35,110,46,62,74},
{74,2,10,77,49,3,65,106},
{85,2,30,19,28,29,4,48},
{90,85,84,95,95,94,37,107},
{254,248,253,227,154,170,168,202},
{50,36,44,32,61,101,123,64},
{163,171,233,227,234,166,176,138},
{89,86,95,73,76,78,86,117},
{100,111,44,104,96,107,57,10},
{69,78,79,89,81,91,66,101},
{135,52,45,34,43,55,52,255},
{68,65,67,71,90,88,85,111},
{152,233,150,182,235,149,146,215},
{21,24,22,21,10,102,71,32},
{23,87,75,26,100,117,81,55},
{233,195,205,223,207,204,196,170},
{170,154,184,200,149,203,151,245},
{95,72,75,50,53,74,50,0},
{103,105,127,101,98,96,39,9},
{104,112,123,116,105,125,119,64},
{86,80,59,60,33,35,58,17},
{218,195,198,221,196,194,207,233},
{59,112,14,99,28,27,28,79},
{13,14,21,24,27,3,6,37},
{65,78,71,66,68,71,94,109},
{230,235,228,250,247,253,255,202},
{196,228,224,233,224,182,206,135},
{111,127,101,111,121,103,96,9},
{246,246,235,166,226,230,237,131},
{158,146,132,132,142,240,249,170},
{226,176,254,252,248,227,240,202},
{11,7,76,50,95,32,64,106},
{35,3,0,15,2,20,8,97},
{21,31,24,80,17,229,246,123},
{5,5,29,92,64,81,82,49},
{241,254,239,152,214,129,207,221},
{141,132,247,180,181,178,132,189},
{18,109,18,111,51,81,85,91},
{7,121,3,123,5,2,127,72},
{98,96,33,89,124,115,116,13},
{69,18,30,20,3,96,78,41},
{120,100,122,100,98,111,96,74},
{245,137,152,180,233,234,234,213},
{119,105,114,102,109,73,100,5},
{84,87,78,69,88,67,71,101},
{1,30,31,7,31,29,6,41},
{196,199,184,201,176,195,204,245},
{76,1,125,18,107,106,105,32},
{31,61,27,26,56,57,111,80},
{49,50,42,37,46,55,50,25},
{147,216,221,194,207,216,192,235},
{229,154,192,154,157,155,135,170},
{196,155,157,157,159,141,147,168},
{197,206,214,219,220,219,196,229},
{34,35,61,56,63,38,61,10},
{31,29,3,6,29,4,2,40},
{192,199,218,197,193,206,199,233},
{62,56,32,41,56,62,51,13},
{69,95,91,50,51,45,37,23},
{136,142,131,140,141,145,146,161},
{85,26,100,80,12,119,14,57},
{46,67,31,68,68,71,71,113},
{101,118,120,121,124,99,122,77},
{167,175,161,182,218,242,250,149},
{156,157,203,193,205,195,204,240},
{233,226,227,251,254,231,226,201},
{207,253,163,162,165,218,160,144},
{27,100,31,26,30,23,30,42},
{193,196,219,194,192,205,222,232},
{64,102,58,67,60,58,58,9},
{245,226,229,156,159,224,132,170},
{140,134,202,142,130,137,206,232},
{162,184,188,160,184,166,188,138},
{115,123,104,8,126,107,108,29},
{164,167,216,172,161,171,168,149},
{239,152,211,210,212,130,201,223},
{216,210,172,197,186,199,199,241},
{53,62,37,40,32,55,45,21},
{130,155,134,156,145,132,159,173},
{165,165,191,180,189,174,162,145},
{184,167,163,176,185,186,161,141},
{255,248,164,167,174,169,183,147},
{32,40,41,47,52,102,54,24},
{69,82,95,176,249,227,226,125},
{199,169,170,247,173,173,173,152},
{107,107,98,102,125,36,71,5},
{211,219,205,146,160,166,170,189},
{213,209,210,205,176,128,158,224},
{138,153,187,151,233,147,148,213},
{172,170,167,186,187,185,167,133},
{68,12,77,65,82,14,120,33},
{35,42,111,15,96,27,63,77},
{15,4,13,17,23,24,6,35},
{208,211,210,213,203,136,130,225},
{60,62,61,59,39,37,58,13},
{131,153,131,130,140,242,158,168},
{132,142,135,151,141,147,151,181},
{62,54,40,123,53,96,111,88},
{120,98,111,96,41,52,53,77},
{251,246,228,228,227,251,255,205},
{82,89,79,75,73,169,168,123},
{169,162,188,187,166,189,190,137},
{218,192,193,220,149,134,154,239},
{227,231,236,229,230,254,229,202},
{249,134,251,249,249,249,255,200},
{42,17,20,18,19,19,21,31},
{188,184,165,236,146,255,128,201},
{79,83,88,13,19,15,111,42},
{59,54,57,41,44,33,51,13},
{113,122,103,102,99,121,97,81},
{137,151,147,224,233,243,245,189},
{133,135,134,212,240,243,242,181},
{141,136,147,151,156,149,137,184},
{28,20,91,35,77,18,78,121},
{165,175,178,152,146,139,222,157},
{167,237,231,238,171,224,226,135},
{53,43,55,71,80,85,82,21},
{215,165,175,226,175,171,166,191},
{80,45,5,31,11,60,21,106},
{35,9,3,17,5,6,18,96},
{225,226,248,253,228,227,254,201},
{121,97,120,101,97,110,103,73},
{110,100,105,98,114,117,125,71},
{130,131,149,159,135,130,129,170},
{126,97,124,101,48,98,111,73},
{28,7,12,5,6,30,9,42},
{181,171,183,199,214,170,210,149},
{225,251,253,227,245,231,230,201},
{190,163,167,177,181,186,179,149},
{104,112,119,106,117,116,119,88},
{253,231,236,229,230,254,224,202},
{8,64,1,21,6,90,44,109},
{149,151,232,153,155,159,159,165},
{218,183,183,184,185,230,231,133},
{164,217,166,172,172,171,181,149},
{17,19,106,21,29,20,31,33},
{52,58,119,7,16,54,55,85},
{34,84,69,97,71,63,33,10},
{203,211,134,208,221,214,198,249},
{14,2,25,30,78,82,80,106},
{2,13,5,27,4,0,16,51},
{247,240,243,139,208,140,142,184},
{161,185,178,184,160,191,184,137},
{104,107,99,27,12,42,43,65},
{189,160,223,241,227,247,253,141},
{123,108,112,77,115,101,97,29},
{99,69,64,92,95,80,22,48},
{150,196,153,198,147,148,149,167},
{165,174,181,187,187,167,190,133},
{156,154,130,130,137,155,159,173},
{39,58,63,57,39,38,57,10},
{25,19,16,16,13,93,15,33},
{33,37,39,58,57,36,63,16},
{195,239,233,236,207,227,249,133},
{48,72,77,50,75,49,48,0},
{187,196,189,191,187,187,161,138},
{125,99,127,14,8,14,67,93},
{153,152,129,142,135,152,130,171},
{179,158,158,156,134,213,203,240},
{51,116,124,102,53,127,42,17},
{217,210,211,205,204,205,214,249},
{48,54,59,52,41,47,40,25},
{154,155,157,156,152,159,136,170},
{131,131,142,150,237,223,195,181},
{38,58,62,42,34,46,43,72},
{223,223,196,169,141,142,133,232},
{157,130,208,132,156,155,157,169},
{92,83,89,88,78,14,30,106},
{6,11,4,21,5,22,1,42},
{25,26,69,75,73,67,85,117},
{114,117,14,11,6,119,111,59},
{153,199,198,177,200,205,204,245},
{254,227,229,250,168,252,253,207},
{25,4,105,77,78,69,72,41},
{240,186,183,176,170,173,173,149},
{43,119,116,40,40,47,55,88},
{124,14,0,8,13,20,121,53},
{37,55,61,59,32,32,36,13},
{208,209,215,204,158,206,213,225},
{127,103,25,34,54,40,110,72},
{176,184,163,165,173,231,233,137},
{232,246,234,235,235,166,186,129},
{19,11,14,21,12,15,122,33},
{182,170,242,231,238,252,161,131},
{116,106,20,3,33,126,127,73},
{104,105,99,117,112,111,118,89},
{7,0,27,29,0,30,30,39},
{88,38,51,74,51,77,49,120},
{152,138,130,158,158,142,130,234},
{155,152,150,219,163,145,207,248},
{82,77,86,172,161,170,176,125},
{175,185,149,147,156,146,144,247},
{48,0,16,6,10,17,70,96},
{26,74,14,2,9,71,71,105},
{215,220,213,207,199,52,44,251},
{25,24,102,107,103,109,13,80},
{1,15,74,52,37,92,33,104},
{238,171,211,225,193,227,217,138},
{252,206,192,194,205,198,196,170},
{219,219,222,219,217,216,208,234},
{138,131,154,148,133,158,131,170},
{119,122,119,106,0,39,52,65},
{202,195,221,220,215,196,193,234},
{6,7,35,1,94,32,65,106},
{80,4,25,24,23,31,3,43},
{93,69,89,69,65,78,93,105},
{168,182,187,240,236,242,140,205},
{100,25,99,110,97,110,117,85},
{177,167,169,171,172,228,165,197},
{199,192,178,191,191,186,160,136},
{154,211,148,154,211,131,144,170},
{128,137,131,133,147,234,218,185},
{227,254,250,228,197,235,227,141},
{160,176,182,187,180,171,175,152},
{138,170,247,129,134,242,255,197},
{143,129,151,141,138,136,207,225},
{255,231,248,255,226,253,249,207},
{156,207,199,183,216,165,164,229},
{74,80,86,91,84,68,85,120},
{6,82,84,88,91,65,7,106},
{255,249,230,252,241,250,228,205},
{29,5,124,76,92,74,94,42},
{178,146,199,53,57,44,87,253},
{150,143,242,204,215,204,210,160},
{205,202,154,134,156,226,143,184},
{122,121,124,99,122,120,117,79},
{78,77,78,173,176,183,181,125},
{5,7,5,27,13,31,30,49},
{57,61,46,114,106,112,125,87},
{232,165,165,168,173,161,238,200},
{97,97,111,117,15,52,36,88},
{216,219,199,204,197,215,196,233},
{32,42,34,39,33,62,108,17},
{101,120,99,103,108,125,54,72},
{137,153,130,133,156,159,158,177},
{58,67,66,63,54,41,41,11},
{28,24,21,3,126,78,66,42},
{129,128,250,249,249,250,248,200},
{242,234,165,173,209,227,252,138},
{215,142,246,217,217,214,220,179},
{62,15,58,22,65,66,0,101},
{72,73,83,86,86,76,75,96},
{27,1,30,7,7,1,16,51},
{195,191,180,190,182,212,184,138},
{112,117,99,48,45,35,41,65},
{150,147,239,233,239,238,255,217},
{0,38,124,123,127,118,97,73},
{162,184,186,190,163,190,162,138},
{52,40,40,46,52,50,63,25},
{77,84,85,92,68,91,82,101},
{46,43,82,45,84,87,87,97},
{76,106,50,63,59,61,49,5},
{91,91,0,1,39,94,73,106},
{50,38,54,12,1,10,23,29},
{3,37,63,57,47,33,51,74},
{219,222,197,193,206,223,136,234},
{155,145,232,200,221,219,194,170},
{155,135,195,217,197,185,168,225},
{251,253,225,252,254,230,252,202},
{94,51,74,77,53,106,55,1},
{55,63,44,116,117,118,109,89},
{80,79,86,172,161,170,183,125},
{85,70,15,28,26,86,91,117},
{5,37,92,90,89,66,79,105},
{137,198,196,207,204,194,143,169},
{223,222,194,154,143,134,132,234},
{175,160,191,190,162,161,188,135},
{13,14,22,25,0,7,26,37},
{112,97,114,101,97,110,103,73},
{71,67,94,85,72,83,87,117},
{43,39,63,40,110,16,60,74},
{198,199,148,148,151,154,158,170},
{129,149,136,141,136,149,145,183},
{232,243,247,252,245,238,244,217},
{66,70,89,66,69,67,95,112},
{249,133,183,236,177,178,144,217},
{101,107,106,118,123,116,111,87},
{123,127,126,101,96,127,102,73},
{27,26,25,26,28,31,16,42},
{101,98,99,28,22,30,3,42},
{164,174,187,229,145,134,159,202},
{145,218,148,148,137,134,143,161},
{68,66,13,19,15,111,126,43},
{41,80,85,84,80,85,72,96},
{106,113,110,97,105,47,37,69},
{35,39,44,37,60,57,40,10},
{103,118,11,10,80,13,119,56},
{54,36,41,34,35,62,63,7},
{85,67,68,86,70,29,105,48},
{161,241,163,190,166,185,166,137},
{150,137,158,129,128,138,244,165},
{80,43,44,43,41,46,49,25},
{9,13,27,56,10,8,4,103},
{205,210,223,48,121,48,102,253},
{33,126,116,101,59,75,92,15},
{65,94,94,94,66,90,70,105},
{47,54,99,121,101,25,8,65},
{177,180,171,178,176,189,182,152},
{132,139,165,135,133,142,203,229},
{85,66,67,68,65,62,40,10},
{10,110,17,45,48,45,49,63},
{154,137,144,150,155,148,140,183},
{113,125,103,121,126,100,98,72},
{91,24,95,79,85,95,73,55},
{221,169,155,177,182,179,202,245},
{97,97,27,106,101,100,99,80},
{22,47,80,90,82,87,81,95},
{56,32,34,34,33,58,33,16},
{77,29,79,90,91,83,91,101},
{226,227,239,164,218,183,200,129},
{21,10,14,112,108,115,118,61},
{131,141,159,143,140,132,148,235},
{133,130,131,252,246,254,227,202},
{3,7,12,5,28,23,3,42},
{17,107,108,21,21,20,17,33},
{140,138,135,128,129,153,152,165},
{26,2,30,20,25,18,10,53},
{241,247,240,245,150,133,251,197},
{205,194,203,204,210,223,206,225},
{10,71,67,78,79,67,16,42},
{176,165,170,186,180,161,174,136},
{130,153,152,148,135,130,129,170},
{21,123,124,124,127,6,96,74},
{119,123,126,119,119,102,46,65},
{58,51,62,57,59,61,32,9},
{19,7,18,17,0,21,19,97},
{237,242,160,237,238,237,243,217},
{132,130,143,152,153,132,131,173},
{196,201,194,195,212,221,199,232},
{134,153,145,237,252,253,217,175},
{35,57,62,58,32,35,56,11},
{44,42,32,62,43,111,53,74},
{237,238,225,248,134,235,148,213},
{137,147,148,146,138,146,142,161},
{115,64,80,86,80,72,69,95},
{153,150,159,138,138,141,150,181},
{170,212,197,194,226,190,161,138},
{25,18,10,10,22,12,13,57},
{67,79,89,58,24,25,16,117},
{231,254,229,250,253,245,137,208},
{1,88,5,94,83,31,92,111},
{42,41,87,33,81,91,88,101},
{165,250,167,160,254,246,255,201},
{177,168,174,163,172,178,190,128},
{204,203,214,193,201,181,218,229},
{61,15,29,21,31,6,83,109},
{84,80,85,65,69,74,67,101},
{20,25,18,10,15,5,21,56},
{85,75,87,39,72,51,75,117},
{94,34,27,9,17,85,75,112},
{186,243,185,238,162,175,184,138},
{198,220,209,218,194,193,205,239},
{63,81,83,83,43,85,47,96},
{128,155,158,135,140,133,157,168},
{106,123,52,124,44,102,121,74},
{125,99,127,63,13,82,15,93},
{37,54,127,61,48,38,43,5},
{253,255,128,228,228,226,230,205},
{161,177,163,172,180,178,191,153},
{1,71,77,64,5,67,73,33},
{201,202,208,212,204,203,214,225},
{219,164,221,223,219,219,193,234},
{102,103,67,97,71,70,41,10},
{180,233,235,183,149,146,231,216},
{160,222,203,179,232,181,234,128},
{216,192,222,218,199,195,208,234},
{195,221,198,218,209,245,216,177},
{126,121,118,10,43,59,17,74},
{249,241,141,226,184,228,153,208},
{113,126,119,87,80,73,91,93},
{186,192,207,206,192,199,198,245},
{125,127,6,25,24,107,103,77},
{116,112,117,97,101,106,99,69},
{148,158,224,172,240,242,140,189},
{188,162,160,173,166,185,166,138},
{59,66,60,56,56,55,41,10},
{94,68,69,72,80,86,91,117},
{76,106,52,48,63,63,37,5},
{14,115,12,112,115,126,115,65},
{88,68,84,68,66,79,88,106},
{59,56,56,37,117,54,41,10},
{248,252,247,210,252,228,228,145},
{197,130,136,153,199,175,184,235},
{88,90,83,69,64,95,70,105},
{80,34,2,27,1,4,21,106},
{140,139,150,129,133,138,155,165},
{77,109,108,72,108,30,23,33},
{55,51,58,36,56,38,88,1},
{25,31,4,86,30,87,81,42},
{85,72,73,175,178,171,170,125},
{96,47,37,40,109,60,42,73},
{252,232,148,161,179,175,235,197},
{65,66,88,95,93,67,94,105},
{179,176,171,168,184,187,178,133},
{185,230,231,224,189,191,190,137},
{159,193,181,162,163,164,161,232},
{210,208,221,214,206,48,48,251},
{114,113,126,113,105,62,35,69},
{229,255,229,225,238,231,225,202},
{186,196,197,206,193,204,206,243},
{149,137,245,228,156,228,158,168},
{67,80,93,86,73,185,177,123},
{26,14,18,16,120,92,64,45},
{133,136,153,130,135,129,159,176},
{131,132,158,147,156,134,129,176},
{74,83,90,85,76,74,71,97},
{41,38,55,112,63,59,39,5},
{95,93,69,60,12,28,10,105},
{179,180,204,234,182,191,176,131},
{34,114,110,116,10,103,103,81},
{125,118,119,87,87,75,78,93},
{136,136,144,242,232,238,227,189},
{248,254,243,225,229,255,247,209},
{37,54,106,115,104,101,118,64},
{59,44,48,13,51,37,33,93},
{217,210,207,197,214,204,202,249},
{184,178,172,176,174,198,254,138},
{117,34,63,61,55,122,55,85},
{149,233,134,137,213,243,139,181},
{130,157,153,157,129,158,128,170},
{73,14,4,76,4,8,79,105},
{170,215,213,221,221,219,197,229},
{210,203,214,44,33,42,49,253},
{68,83,113,46,47,17,110,27},
{205,220,154,228,245,209,142,184},
{44,55,51,0,9,19,19,29},
{1,0,10,116,99,98,103,40},
{102,124,113,38,58,40,86,3},
{189,163,167,172,165,184,189,137},
{30,75,81,77,49,32,64,106},
{207,170,150,137,132,136,136,225},
{26,5,1,14,2,24,7,43},
{16,14,9,16,13,11,23,56},
{36,59,34,32,45,38,62,9},
{234,254,252,228,238,144,225,202},
{247,240,238,229,248,227,231,197},
{255,226,177,225,238,231,226,202},
{10,22,12,114,97,67,0,42},
{123,125,107,101,111,104,32,8},
{57,49,126,124,119,116,122,16},
{128,155,152,159,131,149,135,168},
{73,66,82,84,93,65,91,105},
{140,144,209,165,182,234,235,189},
{242,238,187,161,174,191,232,138},
{17,109,2,88,122,7,7,49},
{22,21,20,48,18,23,51,89},
{42,116,117,47,41,44,54,89},
{127,96,102,107,100,127,126,72},
{131,147,137,129,206,210,208,234},
{65,78,71,65,65,70,92,109},
{64,62,83,15,45,84,86,96},
{124,118,62,62,121,5,55,85},
{175,233,151,155,150,144,133,159},
{68,73,90,71,76,90,90,104},
{101,121,101,97,110,103,97,74},
{33,57,60,59,39,114,60,10},
{57,50,24,62,26,54,58,85},
{82,79,75,72,65,91,83,101},
{136,180,160,170,193,194,217,229},
{101,15,41,59,61,43,37,69},
{220,222,196,194,216,222,211,237},
{214,211,153,214,220,205,147,181},
{26,28,119,72,85,82,82,93},
{93,85,95,70,19,9,21,47},
{185,191,163,176,185,163,165,141},
{112,117,10,4,12,13,11,57},
{80,81,64,70,75,68,94,103},
{52,57,50,42,46,43,53,24},
{21,105,126,113,112,117,87,53},
{21,91,73,87,75,51,36,103},
{234,226,226,242,159,191,188,217},
{133,187,173,169,196,197,218,232},
{12,13,7,111,119,107,111,61},
{86,69,58,69,61,63,64,9},
{86,76,17,19,19,20,17,31},
{69,89,66,69,71,95,10,113},
{44,33,50,123,98,41,38,0},
{18,17,12,23,19,96,105,59},
{251,246,230,252,241,230,235,205},
{116,35,115,64,73,74,91,93},
{25,22,31,9,1,11,13,53},
{228,159,224,129,132,130,131,173},
{184,167,163,176,161,234,170,141},
{15,10,21,107,88,95,77,57},
{136,185,184,169,185,135,171,201},
{210,202,207,211,216,217,149,183},
{102,110,102,108,121,103,123,85},
{6,75,51,92,33,32,57,106},
{228,239,172,232,224,235,185,138},
{161,174,162,160,233,161,167,141},
{132,155,155,133,129,142,155,169},
{49,35,46,55,44,44,39,25},
{134,203,179,220,223,166,191,234},
{18,109,49,110,51,88,89,91},
{153,159,132,214,134,158,136,170},
{146,151,239,209,168,171,170,221},
{161,177,180,171,178,176,189,151},
{208,206,166,158,130,134,146,237},
{252,240,235,187,188,165,189,144},
{28,26,23,16,11,8,11,53},
{120,126,102,107,19,4,34,72},
{102,107,124,53,124,122,124,74},
{211,205,203,161,175,161,166,189},
{78,102,122,126,106,98,110,7},
{128,158,224,172,142,174,138,189},
{239,244,241,230,201,234,240,128},
{23,41,59,47,37,56,109,71},
{248,153,224,154,154,157,148,167},
{24,102,107,103,109,13,127,81},
{5,31,18,2,0,13,31,40},
{56,59,37,33,46,63,104,10},
{196,206,176,193,184,189,194,237},
{125,114,123,124,100,110,99,81},
{254,254,254,227,174,252,176,138},
{56,34,44,100,104,47,79,10},
{14,116,123,114,124,123,122,65},
{206,194,210,209,204,215,211,249},
{26,2,5,4,14,74,94,42},
{245,250,243,235,234,243,238,217},
{190,235,147,253,162,254,153,202},
{70,91,94,69,92,90,87,113},
{64,71,74,88,72,113,66,41},
{141,144,157,225,246,172,173,187},
{171,249,249,250,251,244,245,199},
{37,11,37,39,40,109,17,72},
{246,242,239,179,225,253,248,197},
{179,173,162,179,252,228,178,128},
{155,154,153,159,129,153,153,170},
{13,103,65,67,69,83,93,45},
{129,147,143,203,209,205,177,232},
{200,182,165,219,165,221,167,232},
{67,70,93,68,66,79,93,106},
{65,66,67,64,87,42,20,117},
{229,230,249,190,171,181,182,213},
{36,41,34,61,56,34,54,8},
{143,140,176,164,166,205,212,224},
{187,187,167,188,190,166,237,138},
{151,156,141,198,219,246,237,187},
{53,49,43,35,91,74,55,0},
{0,5,123,3,33,7,126,73},
{43,48,54,59,52,42,53,24},
{141,156,155,132,152,155,147,173},
{4,26,100,115,114,113,83,57},
{67,103,60,68,60,57,34,10},
{232,255,224,230,235,228,249,199},
{104,113,118,115,116,13,5,55},
{106,123,52,43,121,102,112,74},
{132,159,194,174,129,139,149,234},
{15,44,14,13,115,117,114,63},
{24,17,3,15,12,18,15,56},
{9,6,23,1,9,117,26,37},
{248,249,133,167,253,249,254,200},
{191,149,149,136,221,195,223,249},
{217,220,193,217,214,198,217,234},
{4,7,15,111,93,94,124,45},
{61,65,80,105,110,107,18,29},
{145,133,146,133,132,142,240,169},
{247,240,210,167,166,152,148,155},
{59,39,90,106,126,104,96,8},
{119,109,115,123,3,20,23,88},
{226,178,174,172,182,167,167,153},
{59,37,38,33,60,42,44,19},
{97,123,121,103,123,103,50,73},
{124,121,125,114,123,101,98,79},
{50,54,43,127,53,126,51,1},
{36,38,94,42,45,35,41,21},
{118,118,116,110,46,62,34,25},
{9,10,13,14,10,8,17,57},
{191,182,182,172,245,235,247,209},
{85,87,86,4,89,6,89,101},
{145,153,229,139,243,141,247,184},
{108,126,98,110,122,102,127,10},
{148,158,224,172,142,174,243,189},
{189,227,226,229,154,224,239,209},
{54,37,7,92,93,95,32,105},
{232,225,230,155,147,157,158,167},
{160,233,163,164,184,181,166,144},
{131,142,148,146,159,240,185,187},
{244,226,175,171,166,167,171,193},
{10,80,76,82,44,59,25,111},
{188,186,183,168,225,163,248,149},
{252,218,135,247,240,243,138,181},
{222,197,202,219,148,142,220,232},
{141,130,139,149,157,141,150,161},
{12,1,10,17,22,29,9,32},
{163,186,186,163,188,161,184,139},
{95,88,91,127,37,37,34,16},
{57,116,116,104,101,118,63,65},
{46,58,42,40,37,46,53,1},
{185,186,178,188,190,185,175,137},
{251,255,236,164,168,239,143,202},
{72,73,83,81,93,76,75,96},
{128,140,144,148,132,148,130,225},
{151,137,144,129,133,138,155,165},
{118,117,115,105,115,97,96,67},
{94,94,92,66,95,95,89,106},
{123,41,59,52,52,42,51,0},
{101,124,21,59,59,34,121,81},
{78,71,56,50,58,63,57,7},
{79,49,51,51,77,55,50,0},
{98,95,108,6,112,121,126,43},
{249,230,253,226,229,237,145,200},
{68,73,66,94,85,70,90,104},
{245,250,243,235,246,236,246,217},
{255,251,252,227,168,189,191,202},
{211,215,219,203,220,154,228,181},
{8,4,16,15,7,105,109,59},
{130,153,135,156,135,143,239,170},
{204,202,214,45,48,43,47,253},
{33,37,42,35,63,61,57,8},
{33,5,91,90,90,95,94,104},
{179,169,181,201,216,244,169,147},
{160,184,186,189,165,160,191,136},
{146,217,212,193,206,199,194,234},
{64,56,63,53,63,83,33,9},
{126,116,121,114,99,109,118,87},
{89,86,95,74,78,77,86,117},
{66,126,97,108,96,96,121,10},
{95,92,69,74,67,89,90,103},
{60,61,103,101,101,101,108,80},
{243,246,238,210,206,212,202,221},
{29,23,20,28,1,81,26,37},
{113,59,53,116,50,51,35,81},
{129,150,137,146,144,157,150,184},
{228,234,167,215,229,230,231,133},
{201,130,200,205,209,222,215,249},
{64,67,58,59,69,67,67,113},
{243,252,230,249,226,229,228,199},
{162,186,187,166,182,186,185,138},
{95,48,18,23,30,17,5,113},
{69,49,38,63,56,61,66,109},
{196,192,203,246,216,192,192,173},
{221,195,222,213,200,211,219,245},
{118,121,126,99,103,108,125,71},
{161,183,178,168,165,174,182,129},
{186,230,254,252,241,255,251,205},
{64,69,69,68,90,71,71,113},
{5,121,63,53,56,125,55,88},
{137,151,212,222,203,149,142,184},
{146,189,151,155,153,144,152,247},
{31,98,82,70,80,88,67,49},
{85,5,74,11,87,84,8,117},
{195,201,195,142,240,129,128,171},
{57,65,68,85,82,87,80,25},
{182,183,137,155,159,246,235,217},
{40,20,12,19,17,13,9,31},
{179,167,173,176,229,251,231,193},
{108,100,43,96,98,109,110,9},
{173,174,175,169,177,197,171,149},
{158,145,146,152,213,169,155,241},
{238,245,239,239,242,240,253,215},
{227,158,163,177,165,180,188,205},
{196,219,198,205,208,214,219,245},
{89,86,95,79,75,81,72,117},
{134,143,204,178,222,223,156,234},
{19,15,97,101,86,68,75,32},
{247,210,211,214,204,220,204,223},
{41,85,43,36,42,45,41,25},
{32,35,36,0,88,87,91,105},
{2,4,30,20,25,18,10,53},
{2,26,11,10,29,25,22,48},
{73,65,94,70,67,95,91,113},
{67,71,76,69,90,89,73,106},
{155,208,214,218,200,197,206,224},
{127,124,64,84,86,61,62,16},
{2,24,69,95,70,80,46,107},
{175,141,210,172,173,214,214,224},
{175,175,183,188,173,230,253,153},
{69,79,89,71,64,94,25,43},
{167,172,189,246,185,161,184,139},
{135,158,203,209,205,177,160,233},
{78,68,73,66,67,94,94,103},
{165,135,221,220,223,131,193,234},
{161,184,165,161,174,189,160,138},
{110,123,122,5,5,90,91,49},
{164,219,237,255,235,225,228,138},
{227,236,242,246,236,250,250,195},
{126,3,6,4,5,24,81,49},
{44,58,119,115,126,127,115,25},
{112,97,42,97,53,121,118,80},
{160,161,162,160,187,198,248,145},
{93,33,19,207,200,203,239,125},
{203,202,214,206,200,215,211,249},
{137,134,143,157,152,154,132,165},
{177,201,202,180,181,197,202,248},
{196,206,176,156,157,158,188,237},
{134,184,185,166,162,169,169,199},
{254,241,242,248,181,201,216,145},
{166,191,231,245,233,226,251,197},
{1,0,5,2,124,125,120,72},
{33,62,50,39,57,58,38,9},
{29,15,10,117,104,31,99,61},
{160,222,219,162,219,164,163,144},
{90,91,37,88,91,93,77,106},
{135,220,220,216,215,196,193,235},
{0,73,90,29,19,15,94,120},
{168,182,191,168,178,169,178,149},
{94,64,0,20,8,22,104,49},
{219,203,204,203,204,204,195,169},
{252,237,148,202,238,153,224,163},
{226,237,237,242,242,252,130,215},
{37,123,4,5,125,123,119,73},
{234,227,249,245,250,224,228,202},
{208,139,159,148,157,158,134,177},
{155,157,131,144,153,129,139,173},
{167,216,210,218,223,217,198,232},
{91,90,95,69,71,79,21,106},
{1,30,25,3,27,7,3,41},
{184,181,172,197,235,235,242,128},
{156,153,154,32,60,34,92,253},
{35,37,90,39,37,45,45,19},
{213,196,188,188,193,192,252,138},
{178,170,178,176,189,182,173,153},
{56,58,62,62,127,119,100,13},
{143,158,190,191,228,228,224,208},
{85,77,66,75,86,82,83,96},
{130,133,253,250,254,232,227,203},
{237,235,237,243,229,247,243,217},
{76,100,98,121,46,50,48,10},
{25,18,8,8,22,15,6,57},
{121,75,89,73,67,90,15,41},
{0,7,31,2,12,5,31,48},
{49,41,44,55,37,41,54,25},
{36,111,105,97,111,118,56,10},
{171,193,232,252,225,235,230,133},
{125,114,123,101,103,123,99,81},
{77,70,91,72,69,93,65,109},
{4,9,2,26,31,6,25,40},
{228,158,224,249,128,253,130,173},
{183,169,221,202,203,204,201,128},
{195,216,213,198,219,216,201,243},
{122,125,99,32,42,39,121,75},
{134,139,156,213,155,210,156,170},
{206,215,206,196,201,199,195,229},
{187,172,164,189,166,174,175,147},
{123,53,58,51,46,47,53,24},
{214,44,33,50,123,49,102,255},
{145,141,137,147,137,151,150,185},
{69,91,71,55,89,6,36,101},
{219,194,197,205,156,138,132,234},
{150,148,154,138,245,199,213,161},
{197,199,199,177,203,206,194,245},
{229,234,227,248,248,248,224,201},
{248,254,243,252,230,228,231,209},
{20,17,7,92,92,86,18,113},
{147,175,162,191,224,230,235,197},
{3,30,4,3,30,25,17,43},
{11,113,92,90,91,83,84,49},
{181,234,196,201,252,220,139,157},
{198,202,213,133,135,143,239,170},
{169,141,171,211,213,220,212,224},
{9,86,116,13,114,12,6,57},
{181,182,183,184,229,186,179,133},
{155,229,149,159,156,128,159,171},
{245,178,204,219,165,223,251,145},
{252,253,229,228,238,178,240,202},
{108,97,106,107,119,108,107,64},
{54,75,67,77,78,74,87,121},
{195,203,179,164,167,160,193,234},
{135,196,206,219,133,241,230,169},
{158,141,137,131,152,207,145,234},
{51,92,126,67,74,69,81,29},
{97,126,115,124,125,100,126,81},
{120,124,123,96,126,103,126,81},
{181,182,173,153,136,143,146,157},
{181,183,191,201,199,130,252,157},
{117,108,23,33,61,50,31,65},
{138,244,229,157,225,230,129,170},
{128,135,158,135,156,154,151,177},
{235,247,243,192,201,218,212,221},
{80,45,87,92,84,70,56,97},
{115,118,107,75,80,75,79,93},
{99,102,125,100,98,111,96,74},
{132,128,133,128,155,245,214,177},
{53,33,63,35,77,107,117,0},
{12,105,109,98,107,118,112,63},
{136,153,210,153,158,129,142,168},
{65,66,88,64,80,86,91,117},
{131,151,135,129,135,152,215,241},
{4,2,15,24,25,0,6,45},
{40,32,49,44,45,52,50,24},
{93,86,74,180,170,179,179,125},
{93,95,68,92,87,119,90,47},
{66,67,60,65,59,38,41,11},
{156,131,135,140,157,214,202,169},
{6,19,20,21,18,111,103,89},
{45,46,115,17,17,17,26,29},
{104,22,38,4,5,124,34,72},
{57,50,41,44,54,44,40,25},
{227,205,199,221,133,210,207,161},
{155,146,177,145,139,137,143,245},
{177,178,170,174,172,183,178,153},
{125,118,110,81,84,79,82,93},
{209,203,152,128,141,134,135,169},
{141,213,208,208,210,202,199,225},
{210,197,193,206,223,136,196,235},
{153,199,199,183,200,181,207,245},
{218,179,178,173,177,173,160,191},
{101,17,6,60,97,29,63,77},
{58,63,56,73,65,75,72,117},
{91,70,89,66,64,77,70,104},
{18,126,35,97,97,98,99,77},
{113,122,97,97,99,123,97,81},
{131,141,204,178,130,222,193,234},
{143,147,151,156,141,198,221,185},
{93,64,91,95,84,69,14,112},
{215,203,206,213,204,202,199,225},
{125,110,39,5,5,78,67,93},
{213,214,206,51,40,47,50,253},
{217,195,197,193,220,219,198,241},
{61,114,12,29,28,31,24,81},
{146,153,152,130,150,134,156,170},
{89,82,73,73,72,83,74,121},
{0,82,95,168,176,176,181,125},
{196,198,222,212,217,207,194,245},
{50,50,47,48,45,41,38,0},
{93,82,90,95,67,61,6,105},
{126,115,103,123,126,102,124,74},
{252,135,135,136,136,139,141,181},
{205,209,215,199,222,195,203,229},
{80,86,84,84,74,80,78,97},
{23,11,115,100,97,102,127,42},
{128,142,195,151,216,196,197,225},
{104,123,127,116,125,97,102,81},
{66,88,92,84,26,86,94,48},
{244,226,239,227,226,175,255,205},
{134,139,132,156,158,158,155,170},
{53,55,63,70,78,80,3,29},
{116,114,127,80,25,7,0,93},
{219,195,198,221,196,194,207,233},
{100,98,111,120,96,97,120,77},
{201,202,215,221,204,203,214,225},
{251,243,253,226,143,175,172,201},
{50,48,61,46,103,70,19,27},
{40,45,50,48,61,46,103,25},
{73,93,68,93,85,41,70,113},
{46,53,108,4,43,49,46,64},
{91,83,93,94,90,71,11,106},
{161,187,179,203,249,167,167,145},
{111,1,3,2,88,89,6,48},
{97,104,115,123,3,18,110,88},
{85,103,67,97,71,70,124,10},
{37,59,34,41,48,54,59,21},
{1,28,4,3,29,25,22,48},
{135,157,131,135,140,133,134,168},
{183,171,188,175,167,236,230,131},
{115,107,111,100,109,117,108,65},
{169,171,175,144,143,241,202,157},
{248,130,250,133,250,143,132,177},
{77,30,96,112,14,13,47,61},
{68,66,79,88,67,68,69,109},
{249,234,163,233,234,242,255,217},
{40,83,44,85,80,86,87,97},
{166,148,148,130,158,132,236,159},
{18,93,92,86,40,20,48,115},
{53,55,63,76,78,65,66,29},
{185,178,179,170,174,183,178,153},
{41,98,42,41,49,62,46,25},
{3,125,5,127,120,9,118,51},
{233,156,172,178,191,236,240,199},
{41,34,57,63,61,33,58,9},
{233,232,182,146,237,146,238,216},
{234,151,232,231,230,155,226,165},
{88,81,79,73,87,78,77,120},
{75,9,27,1,29,97,118,57},
{132,154,147,148,136,151,146,185},
{169,174,211,210,210,208,211,224},
{140,151,146,241,232,235,234,189},
{63,95,32,126,34,91,90,15},
{1,19,22,13,20,23,22,57},
{113,13,28,100,28,102,30,81},
{153,185,199,203,204,205,194,245},
{130,254,163,153,189,231,227,205},
{168,176,177,177,173,168,183,128},
{37,42,35,59,38,63,57,9},
{53,7,35,1,39,38,28,106},
{244,247,250,247,234,145,163,192},
{66,95,91,88,81,73,78,117},
{152,159,149,159,243,143,196,170},
{68,64,15,111,1,2,95,45},
{72,72,66,85,81,94,79,121},
{67,66,96,97,62,62,35,10},
{69,67,67,84,42,63,62,113},
{158,146,151,221,154,144,129,240},
{190,160,187,191,167,163,176,138},
{148,153,138,195,222,222,146,184},
{160,163,186,189,181,201,216,145},
{82,11,17,13,6,29,27,42},
{222,197,220,218,215,201,205,243},
{108,85,81,77,85,77,73,95},
{35,34,85,85,86,95,92,106},
{13,4,15,23,15,19,23,53},
{158,209,173,188,187,186,154,240},
{145,177,182,73,78,51,51,253},
{20,30,96,9,112,114,114,61},
{219,194,192,205,198,220,219,234},
{147,48,57,53,43,91,76,255},
{16,14,76,80,78,48,63,106},
{208,217,216,163,220,248,218,143},
{38,63,34,32,45,38,62,9},
{90,93,85,41,71,55,73,115},
{64,95,70,92,81,90,66,109},
{222,192,190,194,203,195,198,239},
{51,112,122,87,9,10,19,29},
{96,103,125,22,58,36,51,81},
{113,111,115,124,101,125,103,81},
{40,102,102,112,14,29,28,77},
{112,108,45,33,50,110,119,65},
{205,211,207,175,190,158,195,237},
{237,246,239,242,240,253,246,216},
{219,218,223,198,223,222,197,234},
{140,224,252,226,156,141,245,191},
{103,36,46,59,101,102,127,73},
{177,203,204,181,202,178,177,129},
{57,50,41,42,54,47,45,25},
{173,199,225,227,229,243,253,141},
{112,126,110,100,105,98,120,69},
{117,9,24,104,16,54,106,85},
{114,104,110,99,108,119,112,64},
{136,141,142,145,139,136,150,185},
{186,174,178,179,179,246,246,217},
{217,194,221,196,197,218,215,241},
{134,218,172,189,186,191,184,241},
{36,37,33,35,79,74,89,16},
{233,237,226,235,245,240,246,192},
{141,130,139,149,151,144,146,161},
{173,190,226,227,252,230,255,200},
{29,30,1,86,67,93,94,45},
{109,102,126,105,100,127,100,77},
{48,13,31,3,71,85,73,99},
{244,133,141,139,142,238,155,187},
{96,106,113,106,110,106,119,88},
{236,235,246,225,229,234,251,197},
{161,186,185,164,162,175,184,138},
{149,158,128,130,152,158,147,173},
{50,47,113,5,18,19,20,87},
{42,10,40,33,5,6,94,101},
{142,143,177,163,167,206,207,225},
{30,60,41,40,32,6,62,74},
{220,211,222,217,206,210,208,234},
{26,23,5,28,67,62,30,117},
{6,28,17,3,3,4,21,47},
{124,122,118,85,82,2,30,29},
{241,242,226,235,244,243,238,217},
{241,254,239,204,193,210,202,221},
{107,105,99,116,107,116,114,88},
{121,118,127,106,107,108,118,85},
{88,94,83,92,71,70,92,113},
{91,89,93,64,95,93,89,106},
{154,152,155,132,242,231,224,169},
{121,115,99,127,103,99,112,74},
{48,46,105,113,125,97,118,13},
{102,107,100,127,126,119,96,74},
{231,255,244,228,226,239,224,202},
{188,191,184,200,192,195,207,245},
{46,33,55,47,46,52,50,24},
{55,65,49,59,56,60,35,7},
{115,64,73,85,72,81,82,95},
{140,138,135,128,155,156,155,165},
{82,39,39,19,17,12,113,29},
{18,11,15,4,13,16,18,33},
{160,218,164,220,129,223,222,233},
{208,174,194,188,197,153,199,240},
{93,66,79,88,89,69,90,109},
{35,41,35,49,108,109,50,64},
{81,86,72,89,89,67,71,101},
{13,13,21,78,92,80,91,57},
{236,225,234,245,239,243,239,192},
{62,60,37,32,63,38,60,10},
{200,194,219,222,197,220,218,240},
{88,69,73,95,124,78,84,42},
{232,240,244,247,233,242,242,192},
{87,87,82,70,57,5,24,101},
{62,110,112,120,121,101,126,69},
{56,32,44,36,56,61,61,77},
{205,157,146,155,156,135,134,176},
{41,35,32,32,61,109,63,17},
{242,255,252,255,229,159,164,199},
{89,40,37,33,33,53,122,16},
{92,33,32,63,64,59,58,109},
{122,111,104,25,24,99,27,37},
{21,22,52,16,52,55,70,121},
{155,148,143,139,136,237,243,187},
{160,222,219,171,160,166,161,144},
{92,91,66,65,65,91,14,109},
{115,117,106,127,110,100,105,67},
{3,11,69,75,14,112,92,42},
{112,111,118,76,65,74,91,93},
{25,22,7,64,1,89,23,53},
{242,241,211,143,173,244,251,189},
{131,157,158,151,157,159,135,171},
{50,54,51,51,62,38,93,3},
{218,222,211,193,220,216,222,233},
{156,153,133,129,142,135,152,170},
{135,153,237,250,251,252,249,176},
{153,232,214,201,210,200,212,183},
{35,61,61,63,57,63,37,11},
{151,208,202,206,135,140,157,167},
{106,118,108,18,7,0,25,74},
{200,206,195,204,209,208,215,225},
{253,254,229,232,240,247,234,213},
{55,88,6,36,93,93,33,104},
{216,194,193,220,199,195,208,234},
{166,171,164,188,191,184,189,138},
{203,200,193,216,219,216,194,231},
{252,246,136,232,150,149,183,213},
{108,100,127,44,48,46,80,9},
{255,230,251,250,244,251,248,208},
{38,123,5,2,34,6,25,74},
{190,160,173,163,191,232,166,139},
{56,63,34,61,57,54,63,17},
{182,203,178,204,145,207,182,249},
{56,57,39,37,61,56,39,16},
{160,170,179,169,181,201,251,145},
{5,14,21,30,30,5,24,37},
{49,3,31,28,42,5,7,101},
{181,228,229,165,228,185,252,203},
{140,170,171,248,248,250,243,197},
{151,132,152,134,238,198,218,163},
{12,11,22,1,5,10,3,37},
{127,114,115,127,52,74,89,16},
{213,143,141,141,141,144,245,185},
{148,147,177,145,179,214,217,219},
{230,235,151,229,250,255,255,202},
{48,109,77,74,50,50,50,0},
{197,186,180,188,189,187,184,138},
{14,7,37,38,122,126,126,71},
{225,236,254,226,251,225,244,138},
{9,0,10,1,122,84,80,56},
{35,37,121,89,38,46,32,19},
{202,195,221,213,197,220,194,234},
{248,229,152,168,182,187,147,202},
{68,9,117,27,29,28,103,40},
{69,2,124,72,20,23,22,33},
{93,33,54,207,200,205,178,125},
{60,40,46,42,52,123,113,25},
{134,139,132,156,158,157,157,170},
{106,123,52,43,122,99,112,74},
{86,73,25,22,31,10,1,51},
{187,191,186,164,162,175,184,138},
{39,32,56,60,60,39,53,7},
{152,148,211,171,153,199,198,241},
{20,21,18,31,7,108,68,37},
{2,28,90,70,92,85,79,120},
{200,207,212,222,160,73,109,251},
{31,7,27,31,20,5,78,48},
{83,94,67,88,71,67,80,106},
{176,238,178,205,181,182,176,129},
{188,224,226,156,184,185,228,208},
{28,8,4,1,19,9,21,47},
{140,143,135,205,199,206,139,165},
{229,231,246,163,219,181,183,128},
{92,69,94,90,85,95,27,53},
{152,139,143,132,141,158,158,161},
{93,71,76,69,70,89,64,106},
{94,64,90,88,85,71,69,113},
{6,17,21,26,19,4,9,55},
{123,97,127,60,54,35,125,79},
{0,10,2,7,1,30,76,49},
{10,25,30,104,104,21,106,85},
{153,212,212,200,157,225,240,185},
{56,51,62,34,60,38,60,10},
{144,150,155,140,197,142,145,185},
{143,203,179,220,161,160,156,234},
{188,175,170,185,160,166,171,133},
{14,0,42,0,69,7,9,97},
{30,46,52,57,29,38,42,74},
{97,106,113,118,124,115,104,65},
{182,215,251,246,249,189,193,152},
{210,215,206,196,201,194,218,229},
{76,77,75,168,250,186,180,125},
{138,155,212,201,154,131,144,170},
{132,155,130,128,141,134,153,169},
{182,185,186,176,253,129,144,217},
{232,225,249,249,245,224,255,200},
{79,47,65,67,66,24,69,111},
{218,166,222,160,168,169,171,149},
{200,221,219,194,222,203,155,173},
{102,107,117,123,98,111,99,74},
{32,59,35,38,61,36,34,8},
{70,89,95,89,93,82,91,109},
{220,222,216,222,220,223,223,234},
{231,236,229,230,252,224,248,203},
{29,22,23,114,104,111,114,61},
{38,62,42,58,61,60,54,16},
{187,167,172,188,189,188,188,138},
{177,168,169,170,173,177,174,153},
{176,244,252,247,189,181,250,144},
{145,150,148,219,163,178,183,248},
{224,235,234,242,141,191,173,217},
{131,237,203,213,211,201,199,163},
{105,110,108,35,91,74,79,0},
{77,94,2,27,0,13,6,40},
{9,9,115,9,8,4,12,56},
{158,153,129,158,151,134,156,170},
{7,14,63,30,12,0,28,105},
{21,51,74,51,68,70,76,121},
{224,234,246,226,242,240,253,215},
{158,154,156,155,149,246,216,171},
{80,75,79,68,77,87,84,97},
{241,254,247,210,210,211,206,221},
{177,190,175,216,151,150,138,157},
{69,66,67,60,54,62,35,10},
{91,89,93,92,65,88,89,106},
{217,219,211,171,197,154,190,241},
{189,191,183,244,246,249,250,149},
{168,161,191,180,202,217,167,145},
{124,116,105,26,38,62,29,69},
{41,44,96,106,46,34,41,71},
{58,35,56,63,34,61,104,15},
{91,36,93,88,94,95,94,106},
{33,33,38,58,56,53,38,16},
{69,71,70,78,73,66,76,117},
{9,5,74,52,0,93,39,104},
{80,83,84,45,42,41,43,25},
{29,85,5,68,73,89,88,101},
{201,202,206,211,135,213,201,248},
{182,188,161,236,254,226,238,135},
{244,215,215,212,222,223,201,183},
{40,96,126,115,100,121,118,80},
{164,169,162,191,190,166,186,136},
{37,38,48,22,8,14,3,29},
{237,253,229,236,240,246,251,213},
{121,127,101,100,110,16,25,74},
{141,130,139,140,148,150,142,161},
{53,57,33,68,116,106,103,13},
{234,174,162,169,238,170,190,202},
{212,197,189,193,198,161,222,139},
{155,227,140,143,211,137,240,187},
{85,66,60,66,71,62,95,10},
{129,157,148,156,135,218,185,239},
{65,97,27,3,2,5,19,45},
{160,177,250,230,168,165,174,128},
{185,170,227,173,165,178,191,153},
{48,78,91,92,93,90,39,16},
{40,52,117,121,106,54,47,25},
{0,10,20,13,73,53,34,101},
{142,203,158,136,154,154,130,234},
{140,146,236,253,252,135,135,177},
{234,227,254,244,248,226,225,202},
{230,255,170,244,249,234,163,213},
{215,245,140,143,140,243,249,187},
{158,153,156,153,142,195,223,170},
{112,13,12,11,116,15,14,65},
{211,158,130,224,158,141,175,189},
{64,124,39,42,33,32,59,15},
{22,12,114,30,31,1,93,43},
{240,137,173,174,246,242,244,191},
{11,8,24,8,28,79,17,106},
{101,106,123,52,44,121,99,73},
{9,75,21,88,85,70,15,113},
{188,188,184,165,236,190,238,200},
{23,11,115,98,66,31,0,42},
{139,138,143,144,157,143,134,185},
{213,158,223,139,197,202,219,229},
{159,158,128,135,154,133,129,167},
{95,66,64,77,70,71,66,106},
{146,219,218,212,170,199,184,241},
{173,153,179,181,177,186,144,217},
{231,164,166,169,170,160,237,199},
{255,225,231,245,251,245,242,145},
{76,64,7,119,24,26,27,37},
{69,89,37,74,16,77,79,120},
{122,101,100,110,32,34,113,75},
{238,239,246,232,239,247,243,217},
{162,190,164,186,233,185,182,144},
{8,104,30,11,12,13,10,63},
{215,175,162,173,165,160,170,152},
{205,223,217,199,140,222,211,237},
{101,107,126,98,96,127,123,81},
{53,58,43,100,44,40,39,25},
{196,201,194,195,221,219,216,232},
{248,229,249,226,248,254,243,205},
{29,16,30,21,29,28,11,37},
{146,130,128,141,134,135,129,170},
{171,181,188,176,170,188,176,131},
{140,247,136,249,252,250,251,197},
{31,127,92,65,70,83,117,49},
{133,158,133,208,130,143,128,170},
{248,170,250,251,229,237,225,208},
{10,3,29,28,28,0,8,42},
{229,186,187,224,180,188,187,137},
{80,90,82,87,81,78,28,97},
{202,195,223,198,217,223,217,234},
{197,223,192,194,220,218,215,241},
{235,252,241,237,246,252,255,195},
{138,135,217,218,195,223,196,239},
{105,19,18,48,49,108,107,89},
{8,24,30,19,28,29,4,48},
{190,186,162,227,235,248,184,138},
{12,6,14,115,117,106,56,61},
{137,171,164,172,169,175,160,193},
{183,168,174,163,172,183,180,128},
{56,62,51,60,36,46,47,17},
{9,2,29,28,6,26,6,41},
{93,67,66,4,9,2,26,37},
{57,59,51,75,36,95,123,17},
{193,181,162,163,164,161,222,233},
{71,65,72,69,90,89,68,111},
{13,6,27,5,28,0,3,45},
{18,20,27,10,103,71,68,33},
{180,232,226,172,182,229,238,192},
{60,62,58,34,99,107,120,9},
{183,231,236,253,182,250,180,202},
{39,79,88,93,90,91,36,15},
{194,200,201,212,157,142,146,247},
{208,174,211,210,221,211,208,224},
{137,233,236,243,234,232,229,191},
{113,123,120,124,99,15,60,73},
{253,129,238,208,209,210,143,221},
{208,211,208,200,197,214,159,225},
{179,161,165,170,163,187,190,135},
{253,163,188,161,174,167,168,138},
{99,98,108,18,34,126,31,74},
{56,39,44,61,118,109,60,10},
{132,133,130,255,247,225,226,203},
{239,253,170,182,187,180,172,151},
{184,163,161,184,162,172,191,144},
{99,56,26,102,100,109,110,83},
{65,31,67,0,126,125,122,45},
{172,178,191,236,240,238,144,201},
{85,70,15,75,80,83,91,117},
{199,199,155,232,192,196,205,168},
{35,39,44,37,38,62,41,10},
{78,65,76,66,65,64,79,120},
{137,196,196,216,141,241,224,169},
{197,159,146,152,155,148,232,169},
{145,146,138,133,143,151,146,185},
{52,37,123,100,123,126,100,81},
{77,77,64,69,73,6,120,33},
{45,49,45,53,49,62,55,25},
{144,133,138,131,132,159,155,168},
{112,113,111,114,112,113,111,64},
{78,51,54,52,53,40,97,1},
{226,237,249,227,248,224,235,137},
{224,240,142,174,243,139,140,191},
{150,131,132,133,130,255,247,201},
{5,23,19,96,113,58,37,61},
{1,6,123,4,120,123,118,72},
{9,31,68,11,27,1,19,106},
{20,25,18,13,10,4,17,56},
{118,112,120,113,123,117,101,63},
{215,211,210,158,147,156,129,175},
{125,52,51,60,56,38,43,5},
{252,254,253,232,255,130,178,205},
{154,226,227,156,225,155,134,170},
{164,188,228,245,252,226,191,145},
{129,157,135,137,159,133,130,231},
{130,152,158,157,131,158,129,170},
{210,199,198,161,222,254,220,141},
{184,178,246,250,241,182,251,145},
{131,135,140,133,159,156,137,170},
{25,24,18,108,125,122,121,48},
{183,188,181,182,174,150,150,155},
{9,1,11,18,17,12,23,56},
{185,187,191,165,189,162,169,139},
{20,18,31,104,115,114,110,61},
{210,205,214,44,33,42,49,253},
{198,235,246,224,254,251,253,141},
{228,246,163,176,188,180,251,213},
{202,217,199,223,219,216,209,243},
{197,143,129,200,182,163,162,229},
{58,105,57,54,63,43,45,19},
{208,207,177,138,158,128,198,224},
{239,205,235,234,200,201,159,160},
{254,147,207,149,148,202,203,161},
{216,210,210,199,216,215,198,233},
{91,91,94,66,62,7,21,105},
{216,221,163,248,249,250,166,145},
{38,43,36,37,63,57,39,10},
{6,108,97,114,59,125,114,63},
{85,33,54,207,200,205,178,125},
{113,114,108,101,98,32,86,3},
{10,8,11,17,12,11,10,57},
{177,190,183,136,144,155,144,157},
{35,48,61,54,43,18,14,27},
{88,121,77,73,71,90,67,42},
{219,135,221,216,220,221,200,234},
{201,214,213,201,212,210,206,225},
{67,71,76,69,87,91,91,106},
{246,181,229,234,227,254,248,199},
{179,177,171,175,164,173,183,128},
{90,122,34,33,45,44,53,21},
{123,1,50,57,43,96,18,85},
{230,235,252,181,255,251,173,202},
{234,227,228,245,246,230,253,202},
{52,57,49,13,4,12,23,93},
{234,211,193,217,157,131,159,185},
{23,30,14,4,9,26,83,37},
{28,13,22,24,31,3,7,37},
{97,98,62,89,33,91,42,13},
{52,57,50,45,46,48,44,24},
{135,159,155,152,145,139,137,181},
{7,58,53,46,50,41,126,88},
{120,113,104,112,109,101,119,88},
{121,39,123,87,46,44,47,21},
{202,195,196,217,217,198,221,234},
{163,180,253,229,179,161,169,131},
{236,157,179,137,130,137,217,221},
{213,169,155,183,149,202,178,245},
{105,54,55,63,60,62,60,5},
{177,190,183,147,147,137,145,157},
{179,165,183,161,238,147,191,208},
{153,225,157,156,228,156,238,208},
{127,125,124,98,118,102,124,74},
{208,194,226,233,235,247,176,138},
{133,159,155,152,145,142,137,181},
{67,96,111,102,118,100,40,0},
{117,105,21,39,32,33,1,72},
{40,53,48,55,41,55,54,0},
{79,80,90,37,97,127,99,61},
{225,237,162,220,232,180,183,128},
{107,117,117,126,104,113,96,67},
{95,18,95,91,86,87,91,49},
{152,130,128,141,158,215,131,170},
{233,201,205,194,210,209,208,223},
{184,184,165,161,174,189,164,138},
{175,180,171,175,164,179,178,128},
{204,210,172,189,186,191,184,241},
{98,122,117,117,99,122,97,74},
{145,158,137,241,237,226,250,189},
{169,173,162,171,183,189,178,128},
{36,41,46,55,35,37,52,23},
{155,155,155,132,243,143,220,170},
{3,7,12,29,86,31,28,42},
{90,82,69,65,78,71,88,106},
{241,241,244,249,248,236,164,199},
{202,195,196,223,221,220,217,234},
{102,59,61,61,54,58,62,10},
{22,108,97,106,114,118,119,63},
{49,33,57,60,36,39,47,9},
{157,156,151,144,221,221,208,173},
{170,179,183,188,173,230,252,153},
{57,118,116,127,124,114,63,25},
{121,122,97,96,109,127,122,81},
{96,105,115,118,119,117,105,64},
{244,243,238,201,205,194,211,221},
{135,247,242,244,235,155,245,191},
{193,202,210,212,209,203,214,225},
{235,176,236,238,239,208,217,219},
{152,147,158,129,155,155,134,169},
{233,246,242,184,181,190,191,145},
{42,41,45,46,49,70,83,27},
{209,218,193,204,222,199,198,241},
{196,194,207,216,199,197,222,237},
{219,220,218,196,194,207,216,234},
{66,92,28,16,12,18,108,45},
{152,227,234,230,227,248,149,209},
{106,20,32,124,127,126,31,74},
{40,39,59,63,52,61,39,16},
{214,207,214,44,33,42,43,253},
{110,116,106,104,101,119,118,65},
{75,85,73,18,14,20,29,47},
{10,42,14,1,112,114,115,69},
{123,120,113,107,111,119,108,87},
{177,205,255,165,218,217,166,145},
{197,199,190,201,193,200,195,245},
{28,26,23,16,11,10,8,53},
{246,244,238,240,246,225,229,195},
{8,1,2,25,5,0,31,40},
{33,63,57,36,34,47,56,10},
{37,34,114,110,116,10,103,80},
{37,47,44,20,9,89,19,29},
{42,47,40,89,81,91,88,101},
{122,126,99,55,101,124,122,73},
{77,84,43,19,14,23,11,121},
{66,79,72,6,112,121,126,43},
{149,153,138,214,207,44,33,251},
{143,241,242,244,240,253,244,192},
{169,187,175,165,175,180,238,200},
{26,10,30,8,0,12,9,106},
{167,151,146,148,139,251,149,159},
{191,178,189,181,176,179,187,137},
{151,137,139,131,251,201,233,160},
{133,130,244,244,255,250,252,202},
{97,106,115,111,117,111,107,65},
{209,208,223,220,199,190,142,229},
{236,245,245,239,235,232,225,195},
{170,163,184,185,188,162,161,138},
{194,217,223,216,199,194,193,234},
{113,115,105,24,38,57,34,69},
{233,230,247,228,233,250,179,197},
{54,20,16,29,21,17,24,119},
{93,89,90,69,10,31,1,104},
{20,6,7,10,22,2,18,117},
{58,78,15,7,20,76,58,95},
{76,83,87,92,76,27,75,97},
{148,168,188,190,213,206,135,249},
{8,76,68,79,12,114,97,40},
{16,18,18,8,5,23,23,33},
{190,244,184,180,188,172,247,217},
{141,130,139,149,145,146,138,161},
{219,216,209,210,201,200,212,247},
{217,192,198,203,196,220,217,232},
{164,174,166,171,173,178,224,149},
{26,27,28,100,97,26,0,42},
{122,120,117,102,47,61,111,83},
{120,113,107,107,110,109,113,88},
{249,183,191,255,144,235,207,157},
{232,239,242,237,236,230,152,193},
{102,107,100,127,118,125,125,74},
{159,241,141,242,168,244,170,192},
{3,120,126,125,127,97,18,74},
{133,207,193,136,246,227,155,165},
{54,37,36,35,1,33,38,105},
{241,239,233,236,242,239,239,217},
{254,249,229,225,238,231,231,202},
{30,12,20,24,8,20,17,120},
{124,33,33,43,33,38,44,16},
{215,185,147,157,143,159,156,249},
{234,236,246,204,193,211,211,221},
{166,164,175,172,162,239,182,202},
{226,241,246,172,241,141,138,189},
{66,69,94,84,89,82,83,117},
{181,149,234,147,146,239,144,217},
{34,18,79,201,206,238,202,125},
{249,253,242,251,229,226,226,208},
{89,86,123,101,73,79,64,33},
{227,226,156,159,155,152,134,170},
{114,98,96,109,102,126,104,74},
{93,93,64,93,95,90,70,105},
{158,149,166,129,149,155,133,240},
{237,203,187,180,188,181,171,129},
{116,115,107,104,127,114,103,69},
{76,87,83,160,169,170,176,125},
{160,193,201,195,192,192,221,239},
{133,154,200,156,132,134,131,177},
{5,29,28,2,0,13,30,40},
{28,2,91,65,93,86,73,121},
{186,185,155,148,149,150,202,245},
{83,7,85,19,25,28,80,115},
{183,168,197,233,234,225,236,133},
{168,182,187,240,236,242,140,205},
{52,47,50,51,44,42,39,1},
{16,242,178,162,190,164,218,127},
{72,99,96,126,99,117,101,11},
{74,76,95,27,99,13,113,56},
{236,236,235,233,241,180,132,219},
{50,54,46,36,41,34,51,5},
{117,126,127,111,111,115,118,85},
{116,15,8,120,112,123,99,61},
{191,190,183,180,173,234,224,137},
{42,35,52,38,56,59,57,10},
{190,181,168,179,183,188,181,151},
{160,162,186,184,181,190,160,145},
{31,20,29,6,28,8,16,51},
{201,223,136,150,134,154,214,240},
{123,98,96,109,126,55,97,74},
{112,97,63,48,49,40,50,21},
{153,146,222,136,133,142,143,161},
{198,203,196,223,222,223,223,234},
{57,50,51,45,44,41,54,25},
{19,30,17,30,5,120,72,39},
{131,216,132,134,132,129,139,179},
{193,210,222,196,194,207,216,234},
{21,26,19,15,15,14,16,57},
{125,118,119,82,81,84,74,93},
{199,204,197,198,221,196,196,235},
{215,201,212,193,197,202,195,229},
{25,27,30,2,24,6,28,42},
{9,23,11,115,98,30,102,41},
{59,105,119,107,19,124,126,72},
{31,15,41,44,44,50,107,69},
{108,125,35,60,33,46,62,9},
{121,111,114,119,108,106,103,65},
{15,14,13,47,40,41,42,64},
{227,240,249,231,225,255,228,207},
{35,39,44,37,38,61,33,10},
{140,241,134,240,244,243,227,189},
{6,11,28,85,28,29,25,42},
{235,247,237,247,162,204,193,219},
{165,184,186,187,162,161,186,141},
{228,236,231,164,247,227,243,129},
{48,74,74,51,76,79,70,121},
{162,223,215,193,194,198,219,237},
{114,117,113,126,0,81,46,91},
{166,231,239,252,164,210,199,136},
{220,211,216,195,165,138,137,234},
{36,52,34,38,61,106,118,69},
{99,117,116,99,125,98,120,75},
{181,234,234,238,235,227,128,217},
{130,129,156,135,131,144,153,171},
{76,37,121,89,38,40,86,19},
{170,130,130,128,137,198,176,233},
{65,20,70,75,68,69,86,104},
{204,50,49,58,45,84,100,255},
{121,5,20,19,18,50,16,89},
{220,167,166,192,190,202,198,237},
{163,167,172,189,246,182,167,138},
{198,201,215,148,158,139,213,247},
{0,2,2,0,1,2,15,49},
{212,210,223,40,41,51,52,253},
{112,122,4,19,20,23,51,89},
{92,39,34,38,47,54,67,19},
{99,125,102,122,113,66,101,17},
{245,155,157,156,231,224,249,170},
{221,161,176,49,72,51,51,253},
{115,117,113,122,55,127,104,27},
{232,234,233,236,242,234,246,217},
{224,178,252,255,224,237,246,200},
{222,179,239,203,180,182,200,129},
{173,162,171,178,178,180,168,129},
{233,234,242,240,241,239,234,193},
{91,95,91,24,92,84,95,53},
{157,225,158,220,128,253,252,173},
{248,231,234,254,229,237,255,208},
{13,6,29,0,26,0,2,45},
{253,228,238,234,244,238,235,213},
{198,161,222,163,166,164,165,143},
{147,133,141,147,142,233,237,187},
{88,71,92,90,87,80,76,115},
{135,153,143,145,149,154,147,181},
{96,109,118,123,109,110,104,88},
{204,206,207,48,109,110,111,253},
{154,159,153,134,212,152,128,171},
{154,134,131,157,156,159,151,177},
{205,211,215,220,213,207,205,249},
{33,93,111,53,76,106,78,1},
{56,107,37,43,110,33,63,74},
{216,199,197,203,208,214,219,245},
{204,210,219,220,199,223,218,241},
{255,238,206,147,148,148,233,160},
{38,101,38,125,96,123,118,77},
{136,137,138,215,208,209,142,184},
{37,59,39,65,103,121,127,5},
{125,34,127,34,38,32,47,17},
{202,135,131,142,143,131,208,234},
{26,9,43,121,37,3,123,69},
{166,128,143,140,131,251,236,159},
{116,105,57,107,115,114,112,64},
{59,34,45,59,37,41,48,19},
{77,2,0,19,16,30,83,109},
{209,241,240,241,240,174,242,189},
{34,58,53,56,37,60,32,10},
{10,27,84,72,79,82,28,42},
{227,235,147,132,162,163,159,202},
{101,27,29,29,103,29,4,42},
{252,231,227,240,252,250,226,205},
{20,22,91,43,58,70,62,113},
{173,183,180,165,184,163,167,133},
{225,239,235,246,238,247,247,193},
{254,226,224,237,230,251,228,202},
{154,136,246,154,154,192,156,167},
{133,223,221,221,221,192,165,233},
{86,70,7,15,28,68,93,103},
{103,106,107,104,46,50,48,10},
{163,171,224,226,237,238,252,138},
{28,20,122,8,20,10,116,37},
{154,134,139,132,159,156,152,169},
{255,186,196,240,172,175,174,153},
{115,106,103,96,123,123,115,69},
{33,45,98,48,121,103,100,64},
{156,153,238,238,232,227,251,213},
{57,39,33,57,36,63,59,17},
{74,67,85,95,69,86,73,106},
{54,75,50,53,78,75,70,121},
{149,158,134,136,137,138,148,181},
{221,161,221,196,192,195,221,237},
{101,125,114,97,96,96,122,80},
{125,50,48,3,0,14,67,93},
{84,92,67,80,89,67,75,109},
{7,120,123,123,5,116,127,72},
{242,193,209,203,201,202,229,161},
{169,168,182,175,172,145,136,155},
{125,34,126,25,30,62,63,77},
{120,126,115,100,45,100,99,81},
{136,136,139,138,141,147,208,184},
{177,174,175,177,168,183,179,153},
{58,41,87,33,89,35,36,101},
{193,217,220,196,194,207,216,234},
{49,57,127,117,120,61,123,24},
{180,171,163,237,227,166,216,129},
{230,234,239,165,226,232,249,136},
{225,238,231,227,227,249,226,205},
{227,254,253,249,226,231,227,203},
{142,203,137,131,138,207,156,234},
{100,37,78,108,109,100,119,10},
{58,3,21,74,5,17,11,95},
{226,227,248,255,246,226,225,202},
{153,229,139,208,140,143,240,185},
{107,117,113,126,119,81,89,91},
{176,175,171,168,161,162,186,133},
{135,154,133,129,142,159,200,170},
{223,237,205,239,205,204,234,128},
{177,161,165,170,187,244,235,135},
{111,53,63,54,122,116,48,79},
{202,205,213,172,156,140,154,249},
{220,209,218,219,197,205,196,240},
{169,176,177,176,172,171,182,129},
{221,207,195,211,203,206,210,245},
{25,24,96,86,64,71,83,33},
{220,218,215,208,193,209,202,245},
{16,17,26,9,28,15,11,33},
{185,230,196,197,188,193,185,137},
{71,90,69,65,78,71,66,106},
{76,74,91,79,84,80,78,97},
{102,43,83,61,98,70,33,10},
{220,222,161,147,129,145,155,239},
{66,47,47,105,110,109,79,29},
{107,103,44,82,63,99,89,10},
{43,1,29,51,25,27,31,109},
{29,59,66,59,69,26,78,113},
{97,102,70,27,28,29,103,40},
{244,235,246,254,224,230,235,197},
{181,191,182,243,177,187,178,208},
{172,167,160,183,160,179,178,149},
{247,254,232,252,224,230,235,197},
{67,71,76,69,95,89,70,106},
{98,127,126,127,99,125,96,74},
{163,164,221,213,223,220,196,234},
{76,81,72,169,173,162,171,125},
{201,215,203,179,162,130,223,233},
{198,203,196,197,223,216,217,234},
{136,243,175,141,244,143,142,193},
{144,235,146,156,151,158,158,161},
{165,133,132,131,161,248,254,201},
{236,230,152,249,128,166,250,197},
{234,251,180,254,226,239,224,202},
{29,14,71,118,120,110,99,61},
{228,255,251,248,241,226,244,213},
{79,86,13,104,64,64,83,33},
{107,38,58,40,86,69,103,5},
{212,140,250,239,232,225,230,163},
{91,90,93,68,66,79,88,106},
{115,28,62,3,10,5,17,93},
{231,250,229,225,238,231,225,202},
{137,141,130,139,149,146,146,160},
{199,206,237,197,223,221,219,169},
{76,17,19,18,20,18,22,32},
{118,99,100,101,98,31,23,41},
{160,230,250,232,150,133,167,197},
{7,125,124,115,120,99,8,72},
{153,142,204,129,129,140,145,234},
{56,62,51,60,38,36,34,17},
{133,255,248,137,139,138,141,181},
{183,207,194,205,197,192,195,248},
{8,7,4,11,115,28,97,40},
{17,21,26,19,13,12,8,56},
{35,34,44,82,98,62,95,10},
{3,7,12,5,6,29,3,42},
{202,206,215,220,213,214,203,249},
{242,232,238,227,236,240,243,192},
{101,26,30,24,26,30,30,42},
{165,166,184,160,176,179,187,149},
{129,142,135,132,129,135,156,173},
{117,117,115,109,42,32,49,64},
{77,67,95,8,64,74,95,109},
{5,90,34,93,92,95,95,105},
{158,190,154,157,185,186,238,209},
{140,146,236,251,217,134,135,177},
{145,131,135,140,133,155,154,169},
{76,91,78,81,85,90,75,117},
{212,217,202,131,201,202,210,248},
{105,109,34,76,65,83,80,93},
{134,133,130,160,253,135,253,201},
{105,102,111,121,121,122,121,69},
{125,114,123,108,103,123,111,81},
{148,149,236,145,238,213,209,219},
{85,68,67,66,98,99,124,10},
{200,214,168,177,201,181,178,245},
{178,171,171,181,177,190,175,153},
{43,83,66,65,64,32,94,11},
{249,246,255,234,234,236,246,213},
{179,246,136,180,232,235,234,213},
{133,156,154,155,135,133,154,173},
{81,94,87,185,182,175,176,125},
{148,149,148,144,144,144,239,165},
{57,37,33,46,39,38,58,11},
{201,196,192,198,219,162,146,241},
{239,217,197,202,159,253,225,187},
{87,9,10,19,15,20,15,32},
{72,106,111,102,105,125,127,10},
{216,130,158,132,148,134,248,161},
{226,176,252,181,250,170,252,202},
{153,129,153,156,132,135,143,169},
{26,15,8,1,6,123,115,69},
{30,46,52,57,22,14,60,74},
{21,94,65,24,5,10,3,37},
{141,130,139,146,138,149,142,161},
{225,247,249,251,252,180,245,149},
{18,111,111,12,46,43,85,93},
{107,115,109,84,72,78,67,93},
{196,152,154,228,149,152,150,168},
{239,235,235,209,207,140,134,221},
{239,208,141,210,219,211,197,223},
{160,221,163,165,164,160,164,145},
{35,45,60,54,114,118,125,19},
{20,21,22,17,11,118,70,33},
{74,14,2,9,71,79,28,106},
{239,173,191,157,129,253,234,157},
{156,138,150,140,228,192,220,169},
{234,166,171,164,181,163,189,137},
{88,91,89,83,92,65,78,104},
{115,117,124,110,59,56,52,75},
{186,185,163,191,167,163,176,138},
{133,135,131,159,189,138,129,234},
{100,96,96,126,101,98,110,80},
{72,64,78,66,65,72,70,120},
{109,105,104,64,92,66,60,93},
{106,99,100,123,119,102,125,74},
{2,5,24,5,30,17,16,51},
{199,208,211,212,173,210,175,152},
{11,13,73,87,75,10,12,103},
{229,238,247,227,249,227,231,197},
{85,72,31,79,68,77,95,96},
{133,250,252,255,248,251,230,202},
{225,167,173,160,236,230,152,193},
{244,249,232,233,232,241,254,216},
{252,241,226,171,237,180,250,208},
{148,151,159,159,136,174,242,189},
{12,8,14,19,90,72,80,56},
{100,33,110,108,103,100,106,0},
{179,165,170,179,174,153,136,155},
{37,34,93,1,93,91,67,106},
{38,42,33,102,46,46,105,67},
{249,230,183,168,165,174,182,129},
{41,81,43,44,85,42,82,96},
{91,84,72,70,74,175,184,123},
{229,249,226,232,252,221,241,138},
{144,130,252,149,236,150,203,161},
{115,116,110,109,118,77,80,91},
{16,22,27,20,12,14,15,57},
{77,95,67,80,67,67,95,109},
{201,198,213,220,222,198,203,229},
{175,144,145,206,147,156,146,159},
{57,35,33,63,39,39,38,17},
{155,152,155,134,152,155,153,170},
{153,154,131,159,132,159,155,177},
{105,21,2,32,33,34,127,73},
{27,98,29,28,97,23,8,42},
{154,145,156,142,146,139,145,249},
{224,234,148,160,161,254,163,201},
{157,189,195,187,192,207,198,241},
{95,70,19,9,21,105,120,49},
{165,174,179,185,191,167,186,133},
{26,42,62,40,32,59,112,74},
{91,90,71,92,89,89,89,106},
{237,163,171,211,225,226,227,137},
{109,114,32,116,108,109,107,89},
{229,253,229,225,238,255,168,202},
{8,1,28,27,1,28,25,40},
{244,252,247,180,202,223,251,145},
{71,64,90,83,94,65,92,103},
{51,0,9,10,18,29,20,31},
{200,211,218,209,203,215,207,224},
{166,191,184,167,184,187,179,141},
{108,97,106,113,112,125,107,64},
{100,111,44,48,46,105,113,10},
{208,130,202,131,203,207,210,248},
{52,51,46,9,13,2,19,29},
{184,188,162,165,173,209,192,137},
{224,230,235,228,248,246,228,201},
{62,50,57,126,57,15,19,91},
{76,77,109,16,22,19,22,32},
{110,19,27,21,22,18,15,33},
{191,190,172,176,174,198,254,138},
{225,250,248,255,231,227,240,202},
{43,42,48,24,8,14,3,29},
{211,216,203,207,196,205,212,224},
{222,212,217,210,202,205,214,247},
{216,152,202,135,200,146,147,183},
{62,43,58,56,53,38,111,17},
{213,201,198,50,46,58,42,253},
{44,104,33,109,99,112,125,87},
{3,11,115,29,66,30,121,42},
{96,120,115,91,118,118,116,21},
{175,173,177,205,255,165,165,143},
{135,129,154,128,154,152,149,175},
{104,107,106,19,107,102,105,89},
{36,34,47,56,32,43,43,13},
{113,104,32,36,107,19,125,71},
{21,8,19,23,28,21,15,56},
{221,194,207,196,193,219,211,237},
{63,59,59,61,36,43,58,13},
{140,147,198,144,157,150,142,185},
{98,125,117,102,122,124,121,74},
{253,231,227,240,225,170,225,205},
{117,109,104,114,112,125,118,88},
{155,157,133,128,159,134,153,170},
{85,90,75,4,25,26,83,121},
{197,206,215,195,216,195,203,229},
{145,251,221,199,193,215,217,177},
{72,83,95,65,20,70,75,101},
{53,44,44,16,10,16,22,29},
{123,103,101,125,99,97,112,83},
{169,170,178,178,183,175,170,129},
{213,194,195,196,193,190,168,138},
{120,123,2,5,0,1,14,49},
{178,164,172,183,228,248,230,192},
{59,54,59,62,69,119,107,13},
{93,68,79,73,84,78,77,117},
{126,99,55,101,127,124,100,74},
{70,75,68,95,90,91,91,106},
{153,153,155,152,152,152,142,168},
{89,88,67,71,76,69,91,104},
{59,56,41,98,35,126,96,23},
{235,184,185,187,196,189,191,135},
{219,210,151,212,214,217,218,181},
{181,171,183,199,214,170,210,149},
{226,252,230,252,241,250,226,205},
{246,242,238,228,233,226,242,197},
{170,169,174,216,133,163,164,229},
{6,29,68,44,3,25,6,104},
{17,30,15,56,115,38,111,61},
{68,90,87,119,76,92,66,33},
{30,81,30,28,23,20,26,112},
{79,74,70,178,175,204,226,125},
{76,93,3,115,100,97,102,41},
{172,183,170,168,165,180,179,129},
{67,76,66,64,75,65,68,42},
{244,247,240,143,142,241,244,189},
{197,196,224,189,199,227,167,138},
{170,238,224,254,235,230,246,138},
{34,62,39,61,48,1,36,80},
{20,11,15,10,20,18,31,57},
{254,168,165,174,175,189,190,131},
{243,243,244,243,234,134,174,192},
{22,81,46,83,86,84,85,95},
{184,176,177,183,172,254,174,128},
{65,97,103,110,77,101,127,7},
{67,71,76,93,22,87,72,106},
{132,140,159,180,169,167,173,189},
{2,5,4,24,89,93,78,51},
{53,47,46,18,12,19,22,29},
{156,231,230,225,224,235,235,213},
{248,133,251,131,161,246,255,201},
{80,89,90,88,68,78,6,105},
{17,25,6,26,20,7,3,41},
{223,218,220,194,221,198,220,234},
{138,217,201,217,219,221,222,170},
{32,91,34,120,92,95,34,17},
{192,192,219,222,197,220,218,240},
{217,165,180,204,180,206,182,249},
{91,71,94,69,77,49,38,105},
{87,117,81,14,14,112,113,59},
{231,250,229,225,238,231,225,202},
{109,118,106,120,6,19,20,85},
{92,86,86,72,5,5,8,101},
{254,253,253,227,154,170,168,202},
{88,71,64,20,8,22,104,49},
{0,30,19,48,40,6,2,101},
{118,27,98,99,28,103,30,41},
{68,74,6,16,84,92,87,45},
{114,116,105,0,32,62,101,69},
{226,250,253,249,229,248,228,202},
{141,142,214,210,212,214,221,225},
{66,87,80,105,110,19,27,29},
{35,34,55,116,118,121,122,21},
{115,59,107,34,47,56,36,11},
{109,119,116,127,126,101,114,69},
{157,146,158,156,157,135,132,177},
{201,182,203,201,201,201,207,248},
{110,102,103,83,65,95,67,93},
{191,159,130,155,135,157,154,239},
{144,217,155,199,136,133,142,160},
{19,17,11,160,222,203,239,125},
{4,22,11,11,1,70,90,97},
{55,20,17,13,22,13,12,31},
{52,59,39,44,46,122,47,9},
{202,145,146,207,231,212,227,184},
{110,115,118,109,116,114,127,89},
{70,75,68,89,86,86,93,106},
{88,81,86,43,35,45,46,23},
{133,207,201,136,246,154,155,165},
{48,20,8,8,28,16,28,121},
{137,140,147,138,136,133,142,160},
{197,202,195,196,217,214,222,233},
{50,44,108,64,92,66,60,93},
{209,171,170,213,213,223,211,225},
{192,193,193,219,199,223,219,241},
{36,39,88,46,33,44,34,21},
{121,122,101,109,124,123,102,81},
{145,218,197,156,137,134,143,161},
{113,126,119,88,85,84,76,93},
{189,183,243,233,245,162,165,209},
{228,225,230,255,128,138,130,173},
{54,42,39,56,113,104,61,5},
{66,89,71,92,71,67,80,106},
{91,64,66,95,66,65,67,111},
{237,244,240,231,240,227,231,197},
{83,160,213,245,230,225,235,127},
{129,155,146,152,128,155,151,169},
{116,87,85,85,73,15,29,55},
{227,226,148,155,157,157,158,170},
{84,79,73,85,0,82,95,121},
{154,155,156,155,158,154,136,170},
{83,66,76,8,0,11,80,106},
{18,3,8,21,17,30,14,57},
{163,165,168,139,167,189,163,202},
{27,74,10,2,9,78,48,105},
{189,171,211,225,191,190,161,138},
{1,0,5,31,20,4,4,48},
{224,227,243,139,154,153,152,209},
{229,145,134,159,152,157,226,205},
{66,65,70,33,32,38,37,13},
{255,246,226,225,225,251,250,205},
{164,162,175,184,165,165,161,141},
{142,197,202,219,148,140,194,232},
{10,119,127,121,122,126,99,69},
{54,55,63,56,40,117,56,88},
{217,214,199,128,206,203,215,245},
{251,249,250,248,247,225,150,202},
{105,21,2,32,125,1,35,73},
{67,109,111,96,37,89,72,1},
{42,57,63,60,34,47,34,10},
{8,4,30,5,12,4,30,49},
{66,46,46,17,16,18,106,29},
{228,238,236,215,219,166,134,221},
{220,209,195,194,195,217,214,240},
{133,150,223,144,128,131,139,165},
{154,147,140,128,142,135,128,170},
{155,148,149,139,136,233,236,187},
{172,170,140,191,189,189,161,205},
{222,163,218,164,164,217,251,145},
{44,38,88,100,70,69,58,5},
{250,255,248,137,129,139,136,181},
{177,132,193,135,141,128,204,223},
{72,2,27,19,93,83,22,48},
{141,142,144,246,232,238,227,189},
{25,19,2,119,103,65,84,42},
{180,161,189,163,164,162,237,199},
{141,134,154,136,154,131,135,173},
{185,197,247,211,212,175,243,153},
{109,85,78,95,85,30,75,57},
{227,213,214,158,147,239,157,175},
{69,89,12,114,66,31,92,42},
{63,59,32,45,38,62,34,10},
{16,12,12,105,109,98,107,61},
{201,193,139,133,196,186,175,224},
{65,78,71,65,71,64,92,109},
{59,32,54,43,10,51,33,85},
{165,182,255,188,234,166,171,133},
{45,43,52,123,57,51,58,88},
{211,217,211,215,196,216,198,224},
{110,97,117,103,124,100,111,5},
{99,46,106,126,117,50,76,13},
{163,171,211,196,226,191,223,138},
{1,15,5,76,1,1,12,105},
{66,67,94,92,88,70,93,106},
{82,74,86,82,77,24,74,96},
{149,154,152,158,210,222,210,173},
{194,223,199,217,217,198,220,234},
{68,85,11,20,9,6,15,33},
{187,178,184,185,164,167,175,137},
{47,36,45,46,52,49,32,3},
{133,150,138,133,153,229,138,181},
{196,133,137,154,198,223,220,234},
{166,176,206,162,163,165,164,143},
{64,74,66,71,65,94,12,113},
{227,228,229,226,159,151,129,170},
{242,237,246,204,193,210,207,221},
{238,245,250,243,232,239,238,216},
{143,173,212,215,212,219,209,227},
{7,35,1,94,38,65,67,107},
{159,193,218,199,204,223,214,232},
{49,47,51,75,90,38,94,17},
{19,94,32,236,176,238,204,125},
{159,154,144,138,150,140,242,167},
{145,148,139,146,144,157,150,184},
{40,38,39,17,15,118,70,29},
{233,149,250,133,161,254,134,201},
{191,168,180,170,194,226,254,135},
{193,201,181,218,128,220,223,232},
{73,77,66,75,81,78,84,96},
{98,127,123,96,127,118,121,74},
{191,180,164,162,161,180,185,147},
{118,70,98,28,100,31,96,41},
{72,92,102,94,65,71,71,45},
{195,150,192,205,198,222,198,234},
{42,48,46,117,37,42,35,5},
{124,88,5,90,126,8,9,51},
{164,161,167,181,170,179,183,149},
{192,197,194,221,217,214,223,241},
{51,37,92,108,124,106,126,10},
{13,14,44,8,44,47,94,97},
{40,43,42,50,115,123,104,25},
{58,60,35,39,44,37,63,8},
{181,166,169,139,144,148,138,157},
{110,50,34,121,37,50,63,25},
{66,83,94,70,92,70,92,106},
{160,187,163,166,189,164,174,136},
{218,218,211,152,230,243,242,181},
{112,110,114,115,115,62,34,25},
{161,189,160,177,181,186,179,149},
{190,241,141,156,155,154,186,208},
{94,104,68,68,66,75,127,42},
{220,193,207,197,140,242,194,168},
{61,65,62,124,88,43,36,13},
{238,194,222,200,205,219,217,170},
{11,4,21,5,29,25,29,43},
{2,7,6,60,98,106,101,77},
{82,80,93,86,87,178,177,123},
{72,73,3,64,74,71,25,43},
{217,203,197,221,216,199,222,241},
{45,35,41,42,32,65,46,25},
{112,121,96,96,96,122,96,80},
{120,100,122,100,98,111,120,74},
{221,146,213,193,219,213,195,177},
{101,105,122,38,80,89,94,11},
{8,23,53,106,106,48,20,87},
{233,226,250,255,251,246,224,201},
{153,147,144,144,141,221,143,161},
{96,116,21,61,48,59,127,89},
{91,91,89,88,78,3,31,106},
{249,191,181,184,253,129,239,217},
{43,41,38,14,98,77,81,29},
{21,11,23,113,87,73,79,53},
{110,123,124,125,122,7,15,49},
{35,39,44,61,118,60,35,10},
{244,242,241,244,236,154,137,192},
{64,64,70,72,68,37,52,117},
{92,67,90,88,85,70,15,113},
{19,61,55,45,124,118,8,81},
{5,10,3,29,29,22,2,41},
{57,54,63,42,40,35,48,21},
{211,206,195,187,172,138,139,225},
{228,247,191,180,202,217,167,145},
{11,31,21,31,4,94,66,121},
{95,65,17,30,15,56,119,59},
{41,34,58,59,57,33,57,9},
{68,80,57,225,226,231,170,125},
{30,7,30,20,25,18,10,53},
{178,166,140,179,160,191,255,209},
{155,232,192,196,205,196,138,170},
{12,16,22,27,14,8,11,56},
{77,74,75,83,73,87,83,121},
{33,80,82,83,92,65,78,104},
{18,12,74,86,76,50,33,104},
{97,125,123,100,98,111,120,74},
{134,214,159,148,157,132,130,177},
{194,212,220,208,205,149,139,176},
{223,160,170,162,167,161,190,144},
{155,146,130,128,141,134,156,169},
{233,235,239,224,173,217,206,129},
{73,77,66,75,86,84,77,96},
{193,187,194,196,205,204,180,241},
{229,238,244,255,241,231,250,197},
{135,134,142,147,139,138,146,181},
{138,244,156,228,194,159,129,170},
{185,229,226,190,186,189,185,202},
{124,88,35,34,39,38,46,16},
{81,30,28,23,20,26,87,113},
{149,179,135,135,128,154,152,240},
{146,159,130,238,198,206,194,170},
{125,114,123,101,96,102,124,81},
{94,84,89,72,73,80,93,119},
{48,75,74,72,79,71,72,121},
{160,166,171,189,189,187,163,137},
{241,210,254,248,236,164,198,133},
{79,89,93,8,19,23,22,29},
{254,131,252,133,133,134,129,177},
{112,96,112,102,106,102,127,0},
{69,78,85,93,90,71,89,101},
{178,249,244,225,238,255,168,202},
{56,60,35,108,39,63,55,17},
{32,45,25,52,48,50,44,88},
{1,29,27,4,2,15,24,42},
{228,226,238,244,249,242,239,213},
{61,47,43,40,33,60,61,5},
{116,119,107,110,117,108,106,64},
{185,243,244,232,229,238,239,193},
{189,175,171,168,161,188,187,133},
{200,193,223,221,193,223,217,232},
{186,167,186,189,181,201,216,145},
{69,88,34,11,28,8,50,117},
{68,79,106,68,92,92,68,42},
{176,179,178,188,194,215,214,153},
{173,177,205,220,219,218,250,144},
{154,228,227,226,231,224,129,170},
{235,228,252,252,249,255,231,203},
{202,194,135,149,137,245,226,165},
{234,227,254,249,250,226,232,202},
{111,29,77,66,75,81,80,95},
{239,229,248,163,194,234,246,138},
{109,38,111,78,73,74,85,93},
{56,58,36,59,36,34,47,9},
{29,61,31,61,60,79,79,113},
{13,6,30,2,1,7,28,45},
{108,106,103,121,126,123,103,69},
{87,81,83,83,86,85,81,96},
{1,4,27,2,0,13,6,40},
{207,215,202,207,212,210,223,249},
{167,177,181,186,179,168,168,151},
{226,254,230,250,248,245,254,208},
{13,6,23,29,2,27,31,45},
{156,135,250,202,222,200,192,168},
{105,109,98,107,116,110,118,64},
{179,186,173,212,228,244,226,129},
{224,231,250,229,225,238,255,201},
{240,243,250,237,148,164,180,192},
{12,125,124,126,114,102,25,67},
{76,75,86,65,69,74,91,101},
{230,187,224,191,185,185,163,138},
{161,235,190,181,169,166,164,129},
{97,107,125,101,98,124,33,9},
{3,53,39,51,57,44,121,83},
{221,210,254,233,197,195,204,165},
{56,44,83,107,118,111,115,1},
{30,20,25,18,9,14,4,55},
{52,106,48,49,63,61,37,5},
{193,193,200,180,145,129,165,240},
{83,42,26,248,245,218,194,125},
{232,243,246,241,237,232,247,192},
{144,148,143,210,147,155,136,249},
{254,231,248,253,228,226,239,201},
{144,209,217,211,208,208,205,223},
{202,200,197,206,209,216,196,227},
{68,9,85,82,14,10,13,121},
{249,252,234,246,236,146,135,200},
{143,128,201,211,154,148,234,175},
{201,207,195,196,204,222,194,249},
{30,4,9,45,22,250,228,123},
{35,63,59,56,49,41,40,21},
{77,109,19,107,16,31,22,33},
{145,130,154,148,234,135,254,177},
{1,125,18,109,73,23,75,33},
{232,238,227,236,252,237,240,193},
{158,182,154,154,147,216,166,243},
{16,23,10,21,17,30,15,57},
{99,103,110,118,56,42,43,85},
{186,177,188,174,178,171,177,217},
{185,170,177,186,173,169,166,128},
{139,136,140,134,141,238,145,187},
{132,137,154,135,140,133,156,168},
{20,92,29,17,2,94,40,113},
{145,177,206,108,54,49,55,253},
{49,23,109,84,87,83,77,93},
{65,64,89,27,21,24,93,119},
{45,46,46,111,16,16,22,29},
{169,168,213,173,164,171,167,152},
{248,246,247,234,140,165,168,193},
{133,134,135,220,220,223,222,233},
{2,5,11,1,20,84,88,48},
{232,245,240,225,229,234,227,197},
{205,204,210,172,189,186,191,240},
{218,218,202,222,200,192,204,169},
{4,48,18,50,111,41,80,91},
{232,226,239,245,240,239,246,217},
{229,234,227,253,249,249,226,201},
{6,94,85,89,88,65,32,106},
{129,154,135,140,133,151,153,169},
{135,219,137,207,197,200,132,167},
{225,255,228,224,254,244,249,211},
{46,35,55,60,53,44,46,25},
{17,30,23,113,115,119,110,61},
{61,46,103,69,19,14,3,29},
{149,239,146,155,156,156,139,165},
{181,186,171,228,255,250,179,153},
{222,195,196,223,219,216,209,243},
{252,250,247,240,238,236,240,213},
{105,98,99,126,100,99,126,73},
{243,239,186,228,233,226,227,197},
{234,227,253,249,255,226,230,202},
{66,85,24,18,86,90,81,47},
{176,244,252,247,180,202,217,144},
{232,224,225,231,252,174,254,208},
{152,209,203,207,128,141,159,168},
{74,91,66,88,78,48,63,106},
{110,110,114,86,72,78,67,93},
{111,102,116,81,88,83,74,93},
{96,68,88,88,76,64,76,41},
{71,90,90,91,71,67,80,106},
{83,45,84,85,84,91,84,99},
{249,250,234,185,233,230,239,193},
{178,168,175,178,173,169,166,128},
{43,40,56,57,56,32,45,7},
{155,228,157,152,158,159,158,170},
{185,178,170,164,168,181,171,153},
{12,115,108,116,114,109,105,63},
{33,50,47,36,49,63,43,1},
{93,70,91,88,73,2,72,117},
{137,146,204,208,206,199,192,234},
{247,254,187,195,210,242,175,153},
{123,81,86,42,119,112,113,23},
{64,67,68,60,52,55,59,9},
{86,79,85,88,126,81,83,57},
{175,203,238,229,226,227,196,129},
{57,63,45,35,45,42,126,74},
{97,125,120,103,126,116,121,83},
{26,26,64,25,22,22,6,42},
{233,245,250,243,232,229,232,216},
{6,91,37,91,87,90,68,106},
{117,123,127,99,102,125,100,71},
{185,185,195,187,189,189,193,136},
{215,174,158,132,137,189,144,249},
{213,218,211,201,206,211,199,249},
{234,240,247,234,245,241,254,216},
{6,75,51,36,39,32,64,106},
{185,185,190,160,189,184,190,136},
{240,143,142,139,242,245,252,191},
{109,98,107,118,118,114,106,65},
{191,199,208,213,210,211,172,151},
{60,54,62,35,37,58,104,13},
{203,192,219,176,152,150,141,243},
{138,155,128,141,155,131,144,170},
{202,207,201,211,202,56,40,251},
{216,218,218,196,206,176,193,234},
{11,88,89,91,36,93,95,103},
{250,200,206,194,217,222,142,168},
{65,77,73,92,64,94,54,121},
{165,170,163,191,190,188,162,137},
{134,135,220,221,217,216,201,234},
{91,95,93,69,68,75,93,105},
{161,190,191,184,162,188,166,137},
{100,104,47,79,88,91,34,13},
{163,176,226,170,227,169,177,151},
{17,67,93,93,69,92,66,106},
{163,225,224,227,156,226,237,207},
{36,37,35,48,98,50,42,21},
{40,34,106,98,37,104,104,1},
{223,211,197,192,223,198,220,234},
{221,217,217,195,172,142,147,234},
{185,182,167,224,251,255,183,149},
{24,7,17,83,93,80,21,47},
{133,133,131,157,218,208,193,176},
{28,249,161,191,163,172,173,127},
{8,5,31,20,4,7,2,49},
{41,102,53,120,117,126,110,81},
{23,1,2,6,27,79,5,47},
{184,169,226,175,174,177,190,152},
{218,147,220,193,206,199,193,234},
{192,207,225,203,201,194,135,161},
{109,115,111,120,99,102,124,77},
{58,46,50,48,78,93,127,13},
{55,60,53,47,38,20,12,27},
{187,184,182,251,131,236,145,216},
{154,170,247,129,134,166,130,197},
{151,149,139,200,194,223,129,163},
{115,120,96,109,17,0,25,74},
{9,10,14,116,105,36,54,61},
{179,179,168,181,183,175,250,129},
{57,54,63,43,33,42,52,21},
{217,218,193,221,216,199,222,241},
{132,197,201,218,134,159,156,170},
{127,120,127,127,100,110,96,73},
{229,238,252,232,179,195,212,151},
{157,146,131,204,130,132,155,177},
{153,138,195,136,217,146,159,185},
{254,209,209,174,164,161,183,189},
{73,77,66,83,28,82,85,96},
{208,173,143,212,137,175,215,225},
{129,128,151,212,214,217,218,181},
{88,56,56,59,103,96,61,7},
{227,228,229,226,159,151,129,170},
{128,197,128,159,134,149,131,171},
{98,108,96,120,7,57,43,83},
{43,59,56,40,56,44,127,89},
{62,50,38,58,59,59,126,80},
{27,98,101,98,103,67,3,42},
{196,206,219,133,158,215,129,170},
{223,219,199,133,151,133,153,179},
{119,119,104,112,115,97,101,67},
{165,167,185,200,248,232,254,149},
{237,223,205,165,175,182,227,189},
{136,136,143,248,239,150,166,189},
{176,108,109,77,58,61,61,255},
{228,255,251,248,241,242,233,213},
{189,178,187,163,188,190,166,137},
{218,213,221,199,194,193,216,235},
{27,19,3,20,7,3,16,42},
{1,81,3,31,30,5,30,41},
{144,154,228,245,141,143,143,185},
{228,238,144,153,189,190,156,205},
{25,31,4,86,28,27,3,42},
{233,224,251,255,244,253,238,208},
{187,162,160,173,166,189,168,138},
{66,80,93,125,89,77,93,39},
{7,5,2,8,62,26,14,105},
{113,114,118,107,63,109,114,64},
{34,112,36,37,63,57,34,10},
{173,162,178,168,165,182,174,129},
{228,158,191,168,188,134,190,202},
{17,14,6,5,43,5,7,101},
{190,200,182,181,203,181,197,247},
{70,95,95,70,88,94,83,109},
{184,170,162,190,190,174,162,202},
{247,209,217,210,211,203,220,223},
{0,4,75,51,93,94,3,105},
{16,14,112,121,126,123,124,45},
{84,71,67,80,89,90,66,109},
{51,49,48,40,37,46,54,1},
{102,56,56,58,60,33,88,10},
{69,73,94,93,15,13,17,43},
{99,100,29,21,31,28,4,42},
{225,225,230,224,229,229,248,208},
{155,154,227,193,194,224,137,170},
{134,153,132,145,149,154,147,181},
{234,246,236,146,129,255,153,202},
{36,123,1,44,42,43,35,64},
{73,14,112,1,93,3,2,45},
{173,177,205,218,219,220,217,144},
{63,126,124,102,107,124,53,71},
{149,167,181,173,167,190,235,197},
{68,40,3,31,0,10,2,106},
{144,132,205,190,144,148,159,245},
{219,150,219,215,218,219,215,181},
{63,89,40,38,43,34,59,15},
{37,46,54,58,62,56,36,5},
{75,72,65,89,89,84,66,103},
{5,12,112,93,77,105,94,53},
{149,150,143,235,240,235,239,189},
{232,245,243,234,233,244,239,192},
{5,14,21,17,2,30,19,37},
{11,5,6,24,99,93,65,51},
{216,199,217,222,216,199,195,233},
{210,223,194,171,129,129,132,234},
{35,36,63,62,54,57,60,11},
{226,143,143,240,142,242,140,189},
{152,195,215,220,213,198,202,249},
{90,79,78,71,101,58,57,5},
{252,226,156,141,138,143,136,193},
{246,226,191,254,236,244,248,149},
{157,135,129,128,144,151,138,181},
{44,52,42,40,37,46,54,1},
{203,148,130,153,156,143,152,229},
{247,166,216,228,184,187,194,133},
{233,224,235,255,225,250,254,138},
{121,2,7,10,3,27,112,48},
{150,140,129,174,182,148,144,243},
{126,107,79,72,106,74,110,33},
{194,199,190,161,168,171,162,141},
{200,201,195,194,203,197,222,248},
{18,31,14,5,24,3,7,37},
{225,224,226,250,248,245,254,208},
{172,215,175,204,149,150,154,157},
{33,33,93,92,33,45,47,16},
{63,59,35,60,62,38,60,10},
{7,24,81,24,26,0,13,39},
{32,38,43,61,52,60,35,9},
{39,56,119,43,121,63,53,85},
{129,152,153,153,128,150,155,169},
{106,99,120,125,101,126,100,74},
{220,220,198,220,209,218,194,237},
{241,136,139,138,139,244,241,192},
{12,12,18,75,81,77,70,104},
{155,150,210,156,145,130,203,173},
{169,141,211,172,215,210,214,224},
{54,30,30,20,29,8,30,117},
{216,138,135,128,129,155,147,165},
{137,208,212,222,209,202,180,229},
{116,127,99,48,41,52,51,21},
{170,184,156,151,145,141,214,240},
{109,19,1,31,3,123,108,31},
{132,160,168,164,172,169,169,199},
{109,117,113,126,119,81,86,91},
{137,147,151,156,142,142,147,185},
{168,169,169,168,172,165,190,152},
{46,107,19,4,126,0,31,74},
{145,219,213,148,234,255,219,177},
{164,166,161,161,161,170,187,149},
{91,84,85,76,86,173,176,123},
{178,149,145,139,143,132,141,159},
{92,71,67,80,89,67,67,109},
{57,63,34,33,36,32,58,13},
{221,193,189,211,173,137,214,224},
{13,75,65,84,17,87,93,45},
{187,184,160,180,185,167,163,137},
{70,95,69,64,73,126,75,40},
{19,8,14,3,12,20,30,32},
{251,130,184,173,186,178,251,213},
{28,13,41,15,8,120,37,67},
{90,64,88,68,66,79,88,106},
{195,141,130,147,136,133,150,160},
{18,26,31,29,0,66,81,42},
{109,113,126,88,101,119,107,8},
{236,242,140,155,185,230,231,209},
{144,156,132,146,130,128,141,167},
{60,0,20,22,125,102,47,81},
{69,74,91,20,88,89,67,105},
{234,227,250,252,252,224,230,202},
{52,43,47,36,45,62,49,1},
{205,202,208,56,40,46,35,253},
{152,146,214,216,198,211,151,177},
{197,198,194,201,205,212,175,245},
{111,115,108,81,72,78,67,93},
{168,162,220,181,202,201,235,129},
{185,190,187,160,191,187,167,138},
{39,43,35,44,59,85,120,17},
{172,190,162,187,161,180,146,203},
{193,216,222,211,220,221,199,240},
{138,131,157,152,154,128,130,170},
{46,58,42,40,37,46,50,1},
{71,93,71,93,89,86,95,113},
{204,234,206,184,184,186,185,133},
{158,132,137,130,157,159,130,167},
{186,165,240,162,175,184,162,139},
{222,209,217,165,178,179,205,247},
{251,242,242,224,185,167,187,149},
{63,61,37,36,43,61,37,10},
{224,198,199,153,155,159,159,169},
{36,63,59,56,41,98,44,21},
{158,157,132,251,195,222,199,168},
{185,190,186,165,189,162,184,139},
{229,224,238,232,249,182,180,213},
{211,171,186,185,198,200,149,243},
{223,192,221,221,199,198,208,234},
{191,180,189,163,166,179,160,147},
{89,80,82,79,68,58,47,96},
{32,60,71,113,109,98,55,17},
{166,132,160,253,162,251,228,202},
{239,243,172,176,174,191,232,138},
{78,83,90,85,65,91,64,47},
{201,205,195,222,223,141,147,168},
{185,182,167,180,185,178,175,149},
{207,203,212,50,54,43,47,253},
{120,6,21,20,19,49,17,88},
{153,150,176,141,159,131,199,225},
{192,137,150,149,216,213,222,240},
{218,194,204,178,130,222,192,234},
{164,229,233,250,166,191,188,138},
{28,2,0,13,6,26,7,42},
{184,165,169,191,156,174,180,202},
{110,34,36,118,59,56,60,10},
{76,82,44,68,60,70,70,113},
{10,8,5,20,17,4,9,35},
{196,204,212,57,56,43,47,253},
{27,26,101,98,103,67,1,42},
{141,147,148,146,213,215,223,249},
{139,147,136,233,232,226,156,189},
{198,233,235,231,251,185,171,133},
{78,84,34,55,54,177,176,123},
{236,235,246,225,224,227,235,197},
{233,227,241,229,230,242,226,129},
{223,223,198,223,223,197,216,235},
{63,55,47,45,44,50,76,13},
{225,234,241,239,241,241,238,193},
{95,68,89,68,66,79,88,106},
{64,67,74,83,24,26,21,112},
{133,142,146,158,132,146,130,165},
{3,4,5,125,7,123,105,74},
{211,185,142,152,190,154,142,233},
{184,186,185,165,160,191,166,137},
{132,137,154,211,154,153,130,168},
{163,224,234,231,185,162,189,141},
{109,39,116,49,57,69,82,21},
{48,72,48,55,61,55,40,0},
{34,46,34,109,17,126,25,74},
{193,158,159,134,128,129,142,173},
{249,249,227,235,147,132,135,200},
{95,79,85,95,73,87,80,57},
{234,224,236,245,159,181,191,216},
{176,151,154,155,152,222,194,249},
{41,58,115,105,52,34,47,9},
{217,146,220,137,193,206,223,233},
{117,122,105,111,109,114,127,89},
{111,4,44,42,49,102,122,65},
{167,206,207,192,219,223,221,229},
{151,136,142,131,144,147,138,160},
{29,8,1,26,24,21,30,48},
{56,36,60,58,55,48,40,19},
{119,8,117,15,10,5,10,56},
{213,139,138,141,242,136,135,185},
{114,107,104,111,116,114,127,89},
{78,85,78,72,54,37,36,101},
{194,216,212,192,223,216,217,234},
{237,237,176,200,227,227,224,136},
{26,71,29,29,30,31,8,42},
{113,116,107,114,112,125,118,88},
{216,222,211,220,221,199,194,241},
{11,12,26,1,30,20,25,51},
{111,108,80,68,70,45,46,0},
{90,78,82,83,83,22,22,57},
{231,251,250,241,231,227,225,209},
{140,134,203,199,202,203,199,165},
{240,237,226,235,246,240,246,192},
{70,77,10,78,66,73,14,40},
{52,61,52,14,4,17,16,93},
{79,109,50,51,53,74,55,0},
{191,190,161,188,185,166,188,138},
{24,16,11,174,205,231,229,125},
{129,248,222,134,131,135,129,176},
{76,66,85,40,24,6,11,121},
{106,52,57,50,40,46,47,23},
{87,80,75,66,76,83,74,119},
{216,222,211,220,197,221,199,241},
{232,238,227,244,235,246,191,193},
{161,170,183,188,181,169,177,129},
{53,101,106,99,125,123,119,72},
{249,241,141,191,184,156,230,208},
{110,107,33,126,116,101,59,13},
{77,81,45,60,24,69,70,112},
{109,17,0,97,24,62,63,77},
{137,140,147,138,141,140,134,160},
{160,160,191,180,189,162,175,145},
{189,165,160,191,166,185,177,139},
{170,174,179,231,181,171,173,153},
{21,29,83,7,72,5,89,113},
{42,60,58,35,39,44,61,7},
{190,162,184,162,165,164,174,136},
{125,119,97,127,120,118,49,19},
{247,242,238,225,233,149,250,197},
{98,123,125,101,97,110,103,73},
{80,35,32,46,99,27,116,63},
{86,169,168,174,163,199,234,127},
{227,154,227,156,155,159,128,170},
{64,111,110,78,18,20,106,31},
{68,71,70,80,46,67,58,109},
{124,126,96,109,102,123,98,74},
{47,36,45,55,53,37,61,3},
{80,88,83,24,92,84,95,53},
{229,181,231,227,230,226,254,205},
{200,193,194,211,216,196,195,232},
{220,217,167,173,173,172,163,149},
{146,150,139,223,141,151,145,161},
{215,229,230,231,195,225,190,136},
{80,185,168,162,220,203,233,127},
{137,215,174,132,160,218,218,229},
{1,10,11,22,23,18,14,33},
{166,191,163,177,182,180,251,213},
{58,34,32,45,38,57,59,10},
{224,233,244,247,240,234,242,192},
{189,246,184,160,189,178,187,141},
{38,49,102,123,113,123,54,16},
{135,55,103,43,42,62,86,255},
{73,3,83,160,176,186,170,125},
{141,135,132,140,145,193,147,181},
{138,131,132,159,158,150,153,170},
{32,52,50,62,32,111,101,5},
{229,238,239,254,254,227,230,197},
{31,29,27,51,25,27,31,109},
{135,154,133,141,241,224,255,170},
{237,243,247,252,245,246,237,217},
{244,247,246,192,190,171,170,221},
{100,106,125,0,48,46,35,81},
{241,253,244,235,246,250,254,195},
{56,69,59,96,52,60,63,9},
{244,244,234,233,244,239,235,193},
{109,119,119,126,102,120,98,69},
{42,35,61,53,60,36,38,10},
{61,62,63,124,125,126,35,13},
{48,27,25,25,5,75,89,115},
{73,53,91,0,92,95,32,105},
{79,71,71,78,66,89,0,40},
{60,34,39,34,61,67,112,15},
{73,83,91,73,82,79,75,97},
{92,90,87,80,74,66,76,117},
{13,26,30,25,3,20,70,104},
{246,139,131,141,142,138,151,185},
{81,82,14,113,120,115,99,61},
{55,54,42,40,37,46,54,1},
{72,73,83,84,92,76,75,96},
{177,155,181,187,168,175,245,215},
{1,29,30,4,2,15,24,42},
{163,167,172,214,209,198,223,138},
{152,128,144,199,151,156,149,183},
{106,126,117,59,59,111,35,15},
{61,32,105,98,126,127,65,13},
{253,162,163,165,218,167,165,145},
{149,139,151,231,246,214,139,181},
{30,1,21,28,6,77,29,43},
{138,196,222,141,192,192,196,170},
{132,200,202,152,214,209,215,224},
{101,125,121,105,126,97,122,77},
{81,82,75,79,68,77,85,96},
{252,253,134,134,142,138,151,179},
{217,206,216,228,202,134,144,170},
{92,33,38,57,65,30,66,109},
{105,38,36,47,44,34,111,73},
{4,3,26,0,31,6,28,42},
{170,179,183,188,181,182,167,153},
{0,9,19,18,20,14,19,32},
{169,180,186,175,182,179,174,129},
{237,145,254,153,152,226,191,205},
{199,192,216,218,221,212,194,231},
{0,17,90,66,71,9,6,32},
{130,131,158,132,131,158,153,170},
{210,158,148,129,142,135,135,170},
{194,204,212,222,213,32,94,251},
{98,14,118,113,8,46,47,61},
{160,242,162,185,180,189,163,136},
{121,125,114,123,109,126,103,80},
{161,191,185,164,162,175,184,138},
{38,43,36,60,61,63,63,10},
{85,29,18,27,4,30,6,48},
{132,232,196,204,192,200,213,170},
{223,207,213,223,201,215,208,185},
{60,85,85,86,87,4,5,99},
{104,115,38,112,125,118,110,89},
{140,139,138,148,136,148,146,184},
{135,135,152,128,131,159,155,177},
{204,232,222,216,217,193,193,169},
{90,117,118,108,113,123,107,25},
{120,126,115,124,97,98,103,81},
{221,219,196,178,161,223,191,234},
{61,50,35,108,33,39,59,17},
{247,137,178,166,184,254,226,217},
{168,171,170,215,208,210,222,225},
{185,153,231,145,225,237,237,213},
{64,77,84,51,9,16,31,120},
{138,141,169,170,243,251,249,195},
{252,228,155,173,191,171,161,201},
{232,237,146,156,148,149,147,161},
{122,97,105,125,100,125,121,79},
{204,202,199,192,219,223,222,229},
{0,126,109,79,20,20,74,32},
{229,251,231,179,180,234,167,197},
{244,238,174,190,162,128,254,155},
{151,248,133,132,160,130,255,200},
{156,136,211,135,221,165,215,249},
{204,206,204,57,51,58,43,253},
{184,185,185,191,168,187,191,141},
{121,122,122,3,124,124,122,73},
{7,26,27,4,2,15,24,42},
{233,232,238,227,155,140,137,192},
{166,185,186,185,189,178,187,141},
{253,253,255,227,140,174,179,202},
{107,111,114,33,113,126,119,89},
{225,249,228,226,254,244,249,211},
{20,105,21,17,24,27,11,37},
{151,133,153,229,242,140,242,183},
{1,4,27,2,0,13,6,40},
{193,192,158,159,198,192,206,240},
{23,104,109,110,110,107,112,88},
{168,171,170,164,241,238,226,129},
{122,98,126,37,117,122,115,85},
{57,42,92,75,74,73,107,1},
{241,232,236,238,240,239,239,217},
{219,221,194,144,196,216,220,232},
{179,182,173,144,142,150,138,157},
{62,59,60,69,77,71,68,113},
{197,195,198,212,200,214,199,241},
{222,192,201,222,211,196,141,239},
{231,239,249,222,236,234,230,137},
{129,167,160,201,199,195,202,237},
{64,62,45,15,84,85,87,96},
{220,208,193,217,220,196,194,232},
{252,241,226,171,226,228,250,208},
{169,174,142,214,221,209,208,224},
{252,242,191,255,145,235,147,157},
{32,60,125,113,98,62,39,17},
{238,130,130,253,132,249,219,177},
{116,103,99,112,121,122,98,77},
{220,181,180,234,206,185,198,131},
{14,15,15,111,112,114,106,61},
{74,77,86,172,161,170,178,125},
{161,146,181,169,167,185,187,197},
{208,208,211,210,213,203,136,224},
{153,146,159,141,147,143,239,170},
{53,58,42,41,43,50,63,25},
{144,159,150,212,200,214,168,241},
{181,166,239,172,255,231,183,149},
{237,230,247,230,254,224,250,205},
{157,146,129,135,141,154,151,177},
{16,19,27,99,114,119,83,57},
{90,94,67,23,69,89,90,105},
{101,125,100,125,124,127,119,81},
{217,221,210,219,198,199,221,240},
{176,161,234,171,173,232,186,144},
{237,169,183,171,211,194,226,136},
{143,151,136,133,148,146,159,185},
{92,93,69,68,71,79,47,106},
{168,230,248,171,226,226,250,136},
{245,250,235,240,253,246,247,217},
{227,240,249,227,234,228,254,207},
{131,128,135,153,140,129,158,177},
{59,104,16,107,104,111,110,87},
{33,93,76,53,105,106,107,1},
{129,214,202,216,166,181,203,245},
{105,110,107,116,101,116,114,88},
{201,193,189,210,173,137,215,224},
{81,85,90,83,73,75,70,120},
{99,85,71,83,89,76,25,51},
{209,219,204,215,204,202,199,225},
{150,151,155,216,166,179,178,245},
{5,15,0,20,25,101,10,53},
{40,36,40,41,99,32,42,73},
{116,115,110,73,77,66,75,93},
{243,228,228,245,231,212,200,219},
{251,130,252,161,255,134,230,202},
{84,87,86,16,17,20,23,29},
{68,67,88,70,90,70,92,106},
{155,229,198,208,246,195,213,161},
{59,59,37,33,46,39,41,10},
{194,211,220,198,223,221,195,234},
{250,248,245,230,175,185,188,211},
{153,130,128,141,134,135,131,170},
{4,21,14,121,104,63,111,61},
{154,149,150,148,217,165,151,245},
{13,31,30,3,24,18,86,45},
{232,235,228,232,249,174,179,213},
{140,140,146,203,209,205,198,232},
{186,185,190,200,201,181,178,245},
{177,186,187,165,173,162,190,145},
{15,11,1,97,19,90,72,55},
{236,242,226,229,245,137,230,209},
{112,86,10,80,13,113,112,57},
{9,6,29,114,90,88,67,49},
{130,133,166,156,164,153,151,240},
{249,231,251,149,179,173,171,217},
{67,89,65,69,94,84,89,115},
{92,33,86,72,66,66,93,109},
{29,97,30,92,0,94,122,45},
{30,19,0,13,6,28,0,42},
{87,86,83,42,83,40,43,24},
{68,71,99,124,40,32,42,13},
{186,178,185,254,128,169,174,219},
{45,89,54,57,70,102,68,5},
{55,113,36,43,55,60,62,23},
{157,146,155,140,130,157,132,177},
{99,103,108,125,54,127,124,74},
{193,187,159,189,194,206,197,241},
{241,231,241,227,226,236,161,199},
{245,250,243,237,228,231,242,217},
{106,20,3,2,34,126,97,74},
{37,110,117,122,53,58,51,21},
{229,240,248,226,224,237,230,200},
{79,78,83,160,169,179,187,125},
{48,45,34,43,44,55,47,0},
{32,40,51,104,116,106,20,69},
{79,85,78,179,168,174,163,125},
{137,141,138,138,146,237,223,184},
{190,180,185,178,162,164,176,151},
{88,41,40,35,45,42,51,23},
{170,175,168,217,209,219,216,229},
{112,126,51,75,92,95,94,17},
{89,95,68,22,92,94,68,106},
{58,123,62,37,60,51,37,17},
{49,21,22,29,16,10,22,115},
{164,174,175,235,233,237,240,192},
{221,210,219,197,192,192,218,241},
{227,240,249,224,229,255,228,207},
{34,35,47,100,54,123,101,65},
{242,247,251,251,249,242,242,145},
{107,104,114,112,125,118,110,89},
{127,101,122,114,121,87,121,16},
{138,206,194,201,142,240,255,170},
{105,123,118,105,112,111,107,65},
{151,134,133,130,133,132,135,200},
{168,245,211,212,170,172,166,152},
{100,117,13,113,118,113,14,59},
{62,43,83,43,42,86,46,97},
{166,164,190,254,238,242,240,202},
{176,177,179,178,205,181,207,128},
{23,106,84,79,84,74,86,57},
{215,161,179,234,235,176,158,191},
{225,248,226,225,252,231,239,201},
{4,14,112,92,120,3,2,45},
{132,197,201,218,134,159,156,170},
{149,140,135,235,245,246,234,189},
{85,41,62,72,54,51,74,117},
{162,128,254,206,146,148,201,159},
{253,224,234,244,245,243,234,152},
{48,46,80,33,33,34,35,13},
{129,202,208,214,153,150,159,177},
{204,211,202,200,197,206,214,225},
{120,113,114,106,110,105,119,88},
{224,255,251,248,241,235,235,213},
{41,84,84,85,86,75,54,96},
{233,236,243,234,232,229,246,192},
{36,33,115,105,117,9,102,81},
{34,51,62,32,61,59,57,10},
{130,155,129,148,165,128,146,237},
{161,253,171,171,161,160,184,144},
{16,15,12,116,104,110,99,61},
{59,58,50,59,45,51,47,9},
{193,202,215,221,206,215,206,225},
{99,97,121,8,54,41,50,85},
{74,72,7,119,102,101,26,37},
{134,130,139,133,154,207,132,234},
{96,99,26,27,28,31,59,81},
{41,63,32,37,60,63,62,17},
{226,158,230,128,248,253,130,173},
{129,129,140,145,157,210,172,237},
{131,251,133,130,255,128,228,202},
{215,170,168,173,172,179,201,152},
{209,214,171,212,168,171,166,152},
{145,149,154,147,133,139,141,184},
{207,196,205,211,208,195,216,227},
{3,4,5,2,127,119,97,74},
{170,239,227,173,253,178,227,138},
{96,103,122,101,97,110,16,73},
{63,61,37,36,43,61,37,10},
{61,34,47,32,105,32,114,13},
{64,62,43,83,43,44,87,96},
{233,238,237,242,255,200,213,219},
{149,155,154,132,237,195,195,167},
{27,23,26,27,23,92,34,119},
{248,228,225,223,201,205,184,138},
{229,230,194,188,189,226,190,137},
{138,147,151,156,149,138,141,185},
{102,115,114,13,13,82,83,57},
{78,178,170,179,179,178,172,127},
{101,110,114,113,98,123,123,69},
{186,169,168,216,166,134,164,229},
{94,70,88,66,76,50,33,104},
{248,238,226,249,174,178,176,138},
{207,206,208,49,49,43,47,253},
{10,71,67,78,79,67,16,42},
{252,224,255,244,231,227,240,202},
{113,109,114,116,108,111,26,65},
{109,17,35,97,96,99,28,77},
{73,64,14,88,85,79,70,113},
{141,144,150,147,141,216,138,160},
{61,33,93,50,104,76,106,0},
{65,61,82,43,42,10,40,97},
{211,222,220,217,197,188,140,231},
{213,207,203,200,217,146,141,229},
{80,90,30,18,25,94,26,121},
{47,32,105,116,113,56,53,15},
{39,62,61,36,34,47,56,10},
{101,46,98,61,117,122,115,85},
{135,140,133,154,158,155,136,171},
{203,220,149,220,138,217,209,235},
{3,16,1,74,0,3,25,47},
{48,59,59,52,61,60,65,1},
{213,158,213,140,192,198,203,229},
{174,211,219,213,214,210,207,225},
{52,105,106,108,105,105,105,88},
{62,35,37,58,104,60,61,15},
{169,191,198,246,236,225,206,144},
{161,169,213,187,195,194,226,136},
{48,77,76,75,52,79,78,1},
{58,61,42,43,44,41,86,97},
{236,170,239,227,173,231,233,137},
{38,42,62,34,35,35,102,72},
{69,63,57,61,62,47,79,10},
{69,68,96,61,62,58,33,10},
{115,101,112,122,98,96,109,71},
{225,145,178,166,186,162,176,207},
{38,74,23,77,76,49,78,121},
{169,175,181,169,181,180,190,152},
{195,194,204,136,128,139,208,234},
{151,133,153,137,155,227,141,183},
{87,88,94,82,89,88,77,103},
{3,7,12,5,24,27,27,42},
{166,171,164,188,186,164,161,138},
{180,177,190,165,189,191,162,133},
{187,186,185,164,163,190,185,138},
{210,191,227,223,160,162,220,141},
{40,42,41,53,49,62,47,25},
{210,207,210,213,221,161,176,249},
{137,130,131,152,132,131,158,169},
{109,61,111,121,112,97,127,69},
{60,60,37,33,46,62,41,10},
{227,231,236,229,255,250,233,202},
{198,201,202,211,214,205,212,247},
{6,14,12,15,15,28,0,55},
{29,14,82,36,53,50,55,120},
{92,17,109,124,123,5,121,48},
{65,78,95,8,66,91,90,109},
{217,214,223,208,203,201,194,245},
{128,206,208,131,140,205,210,160},
{151,218,151,147,158,159,147,249},
{36,6,123,4,3,124,1,72},
{61,62,47,46,43,45,45,21},
{110,113,106,104,105,119,115,89},
{87,117,42,42,112,84,81,24},
{22,3,29,30,38,50,52,112},
{234,246,236,254,238,144,153,202},
{50,59,44,82,65,64,124,10},
{247,236,243,247,252,187,171,216},
{42,84,96,68,62,63,32,10},
{117,34,62,36,90,79,55,1},
{85,59,61,61,65,63,89,10},
{44,42,39,32,56,62,50,5},
{215,135,140,133,159,156,134,170},
{89,37,50,16,17,49,19,121},
{159,229,230,226,224,253,176,208},
{113,9,115,116,13,114,10,56},
{173,176,180,183,173,169,166,128},
{59,8,16,62,58,51,59,79},
{222,197,175,130,156,129,149,234},
{37,110,38,56,70,83,42,21},
{111,127,122,120,100,122,100,71},
{124,122,119,112,110,98,111,85},
{29,18,3,76,83,84,27,49},
{99,107,37,43,110,16,60,74},
{56,38,88,65,70,67,68,5},
{186,162,160,173,166,167,161,138},
{120,120,98,101,109,17,127,73},
{253,173,162,171,181,177,178,128},
{170,153,154,144,152,210,223,249},
{185,159,150,150,140,213,203,240},
{36,2,3,28,65,59,70,109},
{187,162,160,173,166,190,167,138},
{170,168,182,141,144,139,222,157},
{97,110,126,98,97,126,115,77},
{109,54,59,53,53,42,39,1},
{66,63,64,36,39,42,39,13},
{228,233,226,249,248,244,227,200},
{0,3,4,29,24,7,30,49},
{249,246,255,240,225,235,242,213},
{201,143,133,136,205,130,128,233},
{155,155,150,234,203,219,227,170},
{163,219,222,217,223,221,208,234},
{181,135,221,221,161,131,156,234},
{226,251,224,237,230,231,225,202},
{200,205,128,141,158,215,137,170},
{101,110,111,121,125,120,98,69},
{191,189,162,162,186,184,181,143},
{254,252,224,232,248,254,243,205},
{42,35,61,61,60,34,35,10},
{110,83,80,75,74,77,69,95},
{161,185,185,233,154,182,178,213},
{21,15,15,114,113,109,119,61},
{149,152,150,141,140,131,128,173},
{211,218,213,193,219,192,216,176},
{165,183,179,128,145,218,144,157},
{97,103,106,120,102,124,122,80},
{111,16,107,18,16,23,20,32},
{139,133,134,130,159,195,145,179},
{29,7,15,9,16,23,10,53},
{49,62,47,88,69,16,15,29},
{157,242,218,216,195,152,132,179},
{17,66,91,88,81,75,73,117},
{98,123,103,125,103,99,112,74},
{167,218,234,254,232,224,251,137},
{144,155,139,251,236,233,238,161},
{169,213,186,195,189,226,198,137},
{81,90,66,68,94,69,94,113},
{17,17,13,160,188,162,220,125},
{140,152,184,152,136,158,159,233},
{36,34,47,56,32,37,37,13},
{117,9,30,104,22,19,106,85},
{237,171,161,180,241,187,181,205},
{37,91,0,36,93,93,64,106},
{130,159,154,137,144,150,155,181},
{175,239,150,150,150,151,133,159},
{100,126,96,122,120,117,126,80},
{231,224,198,199,192,156,158,168},
{1,15,6,67,76,58,41,96},
{170,163,189,185,187,183,191,138},
{57,49,58,38,61,53,39,8},
{175,179,184,142,161,163,191,202},
{199,244,248,227,179,181,189,151},
{117,61,63,60,49,33,42,13},
{234,251,180,244,168,227,240,202},
{158,159,147,32,94,51,76,253},
{129,143,158,149,136,147,151,181},
{205,194,203,213,211,211,213,225},
{62,58,34,33,34,59,58,13},
{18,12,44,229,240,247,230,125},
{171,139,136,135,138,156,128,233},
{8,64,75,95,84,93,68,112},
{65,117,88,84,86,72,8,53},
{144,154,134,139,154,149,130,168},
{121,107,111,100,109,110,117,65},
{156,154,151,144,136,140,136,181},
{155,153,129,153,155,134,156,170},
{194,205,212,210,223,50,52,251},
{34,45,60,58,55,45,47,19},
{103,36,100,104,99,40,86,3},
{127,102,126,100,98,111,96,74},
{250,250,131,130,162,128,188,202},
{51,78,112,83,72,86,74,29},
{92,91,36,89,46,32,42,19},
{3,11,73,67,74,15,111,42},
{87,12,17,31,21,92,34,119},
{109,67,78,79,65,94,11,37},
{201,218,215,212,202,210,206,225},
{84,70,11,7,10,11,7,101},
{25,7,6,16,110,3,122,45},
{21,4,3,2,34,127,101,74},
{253,221,170,173,173,163,183,145},
{84,89,82,74,78,72,78,120},
{29,5,1,1,20,11,10,53},
{227,231,236,251,254,227,240,202},
{225,224,239,236,247,156,180,213},
{53,40,40,13,19,22,10,29},
{177,181,186,179,175,168,171,152},
{32,57,46,49,53,58,42,21},
{126,37,64,104,104,123,48,10},
{56,63,34,61,57,54,63,17},
{179,232,177,178,190,190,167,131},
{44,47,80,22,25,20,26,29},
{216,217,199,196,221,216,199,240},
{130,180,182,183,171,171,247,192},
{239,208,213,208,210,209,203,223},
{96,105,112,118,118,106,117,64},
{88,71,67,80,89,67,75,109},
{191,165,161,174,167,168,168,139},
{210,208,210,203,209,223,192,227},
{56,38,88,57,101,67,103,5},
{204,158,128,141,134,158,132,170},
{120,96,107,83,126,126,124,13},
{236,148,147,158,152,132,255,165},
{177,162,235,167,173,186,183,145},
{103,37,55,37,57,69,82,21},
{83,80,82,72,69,78,81,97},
{192,207,208,214,219,204,133,247},
{219,194,192,205,198,215,192,234},
{249,221,240,204,206,208,144,157},
{152,224,152,159,149,159,130,168},
{161,170,183,181,179,171,182,129},
{196,140,205,193,210,142,248,161},
{12,19,10,8,5,14,17,33},
{187,179,181,161,174,191,232,138},
{84,89,82,73,69,79,81,120},
{188,189,165,165,253,237,161,200},
{249,249,227,158,160,163,184,203},
{160,253,163,163,164,165,174,144},
{112,125,97,111,55,37,57,19},
{79,175,181,171,175,164,181,127},
{64,66,67,70,77,66,65,113},
{31,104,116,117,104,117,112,63},
{128,246,155,199,229,193,194,168},
{73,35,5,31,25,15,1,105},
{248,231,227,240,249,224,224,205},
{131,133,139,205,211,207,175,234},
{4,18,95,91,86,87,91,49},
{70,71,64,65,30,27,2,42},
{224,227,235,192,149,138,134,221},
{159,159,136,243,243,245,244,191},
{163,233,237,163,243,192,201,219},
{97,39,45,32,101,35,41,65},
{56,35,39,44,61,118,107,9},
{77,66,75,86,82,82,74,97},
{16,22,8,29,0,6,11,37},
{105,125,96,125,121,118,127,81},
{0,31,27,24,17,8,10,53},
{227,240,230,229,255,244,226,207},
{128,134,139,158,157,150,131,169},
{248,225,230,229,228,229,156,167},
{132,130,143,152,128,139,138,173},
{70,70,74,79,5,66,72,39},
{52,43,40,43,52,50,63,25},
{214,209,204,217,209,211,194,229},
{240,193,215,208,194,218,129,163},
{202,180,163,129,222,223,193,234},
{209,208,203,207,196,212,208,224},
{252,228,240,252,240,241,187,143},
{60,32,53,60,39,114,60,10},
{17,21,26,22,20,15,12,56},
{193,200,219,223,212,221,199,240},
{155,208,197,215,212,232,252,181},
{171,162,183,188,181,170,180,153},
{81,82,64,84,15,119,96,35},
{8,29,18,1,6,1,26,48},
{145,218,151,198,137,134,151,161},
{216,206,194,209,213,218,211,245},
{149,233,135,212,240,214,244,181},
{4,11,7,2,21,90,88,49},
{16,6,26,8,96,68,88,37},
{223,195,214,214,198,230,223,176},
{246,237,230,242,186,178,245,207},
{177,191,169,198,232,231,238,133},
{128,246,229,228,227,193,194,168},
{104,112,117,115,111,119,112,64},
{11,111,117,107,111,100,109,63},
{196,174,141,158,135,129,151,234},
{40,46,35,44,45,55,52,1},
{196,199,187,168,162,170,200,141},
{82,121,99,112,120,119,89,21},
{201,143,135,159,136,206,141,233},
{98,96,109,102,126,105,98,75},
{176,205,178,179,183,181,169,129},
{73,65,7,13,0,69,3,96},
{217,130,132,136,128,148,249,181},
{0,6,11,4,30,28,25,41},
{110,24,102,99,26,99,28,39},
{241,172,218,207,200,193,198,131},
{168,161,162,185,189,185,167,136},
{6,4,24,1,16,19,27,53},
{197,185,168,216,160,218,162,229},
{69,68,96,60,62,64,32,10},
{143,130,131,143,196,186,138,224},
{137,140,201,141,142,152,139,231},
{241,245,250,243,244,236,233,216},
{105,100,112,118,114,108,35,64},
{147,224,233,243,240,242,234,191},
{8,18,31,104,105,115,122,61},
{147,235,132,218,219,136,136,179},
{184,190,179,188,167,165,188,145},
{6,29,68,44,3,25,6,104},
{184,168,190,178,169,254,226,217},
{42,59,116,107,57,38,48,10},
{205,211,207,192,209,173,188,237},
{108,106,103,96,123,120,122,69},
{7,92,92,95,94,65,95,107},
{207,196,213,158,209,209,197,227},
{6,5,95,39,48,53,50,117},
{35,39,40,2,40,12,60,74},
{10,1,12,30,2,27,1,105},
{230,251,250,248,245,141,136,209},
{120,100,122,4,109,109,110,88},
{175,208,214,214,213,203,171,224},
{212,209,214,239,144,154,146,157},
{145,142,220,128,145,147,134,165},
{218,201,216,222,211,220,221,239},
{58,57,37,42,40,120,45,7},
{32,35,51,41,53,95,121,17},
{57,50,40,43,45,51,46,25},
{153,151,154,157,137,134,133,173},
{161,162,166,187,239,189,164,144},
{215,213,203,202,196,140,128,224},
{196,223,138,212,217,210,211,245},
{197,194,216,192,208,135,215,245},
{68,72,73,3,64,74,71,42},
{57,50,42,37,43,51,44,25},
{163,135,221,129,215,215,197,234},
{10,3,30,31,5,26,2,42},
{160,174,169,173,180,194,209,152},
{109,98,107,108,119,117,126,65},
{140,142,246,242,245,251,241,189},
{252,248,231,236,251,254,227,201},
{111,120,103,97,102,123,96,79},
{140,157,195,220,195,219,195,233},
{157,157,159,159,128,130,154,173},
{134,130,152,138,144,150,155,181},
{94,67,71,76,69,95,88,105},
{58,50,50,34,93,111,125,9},
{131,251,201,151,150,153,230,163},
{236,224,252,224,240,224,246,141},
{161,169,213,231,224,194,193,136},
{58,34,32,45,38,56,59,10},
{214,217,221,210,219,198,192,239},
{150,114,100,81,102,118,115,255},
{183,129,140,160,140,136,129,223},
{64,67,67,70,91,44,62,113},
{255,255,252,227,244,231,178,201},
{0,9,10,22,19,12,11,32},
{248,177,174,163,180,253,231,128},
{117,127,100,62,34,0,17,27},
{65,31,102,92,120,2,2,45},
{37,46,54,58,61,33,58,5},
{39,38,34,60,37,37,63,16},
{95,168,178,179,186,169,180,127},
{104,63,111,100,109,113,119,65},
{41,105,40,109,40,55,46,1},
{134,218,195,216,213,222,223,241},
{232,247,238,228,233,226,255,197},
{175,167,171,148,143,235,192,157},
{63,55,36,124,125,102,124,81},
{130,216,252,135,248,136,213,179},
{104,108,116,87,82,75,79,93},
{234,148,252,130,162,134,224,202},
{2,55,33,34,48,36,127,81},
{125,127,35,31,97,102,98,77},
{240,243,183,165,185,197,170,149},
{153,153,155,135,134,149,131,171},
{68,5,9,26,70,48,57,106},
{186,230,255,252,241,226,171,205},
{89,65,84,71,67,80,89,107},
{221,222,196,218,196,194,207,233},
{127,17,18,79,21,21,21,32},
{170,172,171,179,165,183,182,153},
{58,58,61,68,62,70,32,10},
{200,214,223,208,205,211,214,245},
{124,64,84,86,61,62,35,17},
{100,105,127,93,65,43,13,93},
{57,114,51,61,33,46,39,9},
{245,234,230,234,165,217,235,129},
{130,208,132,155,158,150,159,170},
{101,101,61,78,98,102,115,10},
{159,159,135,156,156,154,153,170},
{108,105,110,24,102,101,71,37},
{174,167,191,212,201,199,205,157},
{28,25,29,18,3,76,13,47},
{155,150,134,157,128,155,206,173},
{9,3,18,16,29,14,71,57},
{131,141,142,138,151,187,241,187},
{92,86,40,73,21,75,52,117},
{19,27,2,123,75,67,95,42},
{37,7,92,93,95,32,65,106},
{29,2,80,29,21,31,3,41},
{198,139,243,157,194,224,249,170},
{188,180,184,165,253,227,255,217},
{23,101,14,36,34,35,50,74},
{111,115,120,78,97,99,127,10},
{201,205,194,203,214,213,212,224},
{79,89,93,8,9,21,22,29},
{215,184,154,159,150,153,141,249},
{143,239,128,253,130,216,132,175},
{251,254,229,236,246,226,242,213},
{77,6,28,176,173,162,171,125},
{249,244,250,249,248,244,245,193},
{9,12,19,10,8,5,14,32},
{243,231,236,229,230,254,224,202},
{232,246,136,145,233,149,146,213},
{72,87,78,68,73,66,83,101},
{26,9,119,121,121,3,121,69},
{150,215,223,204,148,226,247,184},
{189,188,164,205,229,225,226,136},
{30,62,63,29,26,101,111,81},
{18,11,15,4,13,22,12,33},
{64,65,92,21,6,26,27,112},
{162,188,185,166,191,185,165,138},
{207,203,198,199,203,136,246,163},
{98,102,120,109,112,118,123,85},
{127,121,101,96,127,102,124,74},
{56,57,42,33,61,56,39,16},
{212,214,217,218,208,157,205,184},
{5,14,31,30,2,18,28,37},
{205,134,201,56,45,34,43,253},
{157,155,133,194,200,217,135,169},
{189,163,168,162,179,169,181,143},
{112,120,127,125,101,31,36,71},
{170,187,244,189,167,175,207,138},
{24,27,7,27,25,6,28,42},
{21,8,11,10,21,17,30,56},
{110,12,46,83,83,43,81,95},
{208,218,164,179,180,183,176,249},
{164,161,162,232,244,234,148,197},
{245,141,231,160,236,135,251,213},
{180,178,191,136,148,149,147,157},
{62,35,39,44,37,60,56,9},
{110,117,122,115,104,105,111,88},
{155,135,157,135,131,144,153,171},
{109,110,49,54,52,51,41,1},
{42,35,61,53,59,63,63,10},
{166,161,189,226,251,226,229,199},
{130,154,135,145,156,176,156,237},
{35,91,53,73,107,56,70,3},
{211,206,197,204,208,51,40,251},
{9,5,27,107,122,90,7,49},
{192,136,132,195,187,213,215,224},
{8,14,3,12,18,30,12,33},
{202,201,204,212,162,177,147,249},
{166,161,188,186,183,176,172,147},
{164,204,227,249,230,238,253,138},
{56,56,36,66,98,125,123,8},
{6,11,28,4,14,112,1,42},
{206,211,211,205,201,198,207,225},
{214,219,236,165,179,180,166,189},
{146,129,254,159,158,157,226,205},
{148,156,170,130,130,128,137,231},
{217,253,219,163,165,165,164,144},
{156,152,132,197,201,218,134,168},
{49,122,49,51,41,38,47,1},
{33,102,53,45,61,63,57,69},
{183,185,175,181,178,176,247,217},
{169,173,162,171,183,181,169,128},
{127,58,68,83,84,114,47,25},
{234,237,229,153,136,129,128,195},
{20,25,21,90,36,51,76,119},
{109,117,113,103,112,99,98,69},
{73,87,75,51,1,95,38,105},
{184,169,180,173,172,166,216,129},
{57,57,44,82,65,64,124,10},
{181,168,168,162,181,177,190,152},
{204,207,206,200,140,132,143,229},
{25,94,32,201,206,203,204,125},
{10,13,5,121,110,103,102,35},
{68,63,9,21,26,60,25,106},
{20,22,8,72,92,64,94,120},
{184,166,171,216,250,235,234,137},
{104,104,21,106,110,104,106,88},
{248,134,149,183,236,237,239,216},
{237,237,235,232,243,156,190,217},
{3,65,75,66,7,77,71,35},
{247,176,251,171,231,236,229,199},
{91,88,72,76,75,80,93,119},
{79,87,86,169,161,221,178,125},
{29,22,26,30,127,83,94,45},
{255,213,213,200,147,249,208,185},
{170,212,188,194,191,227,161,138},
{209,134,248,196,152,154,199,165},
{202,195,221,218,197,218,201,234},
{143,139,154,32,94,50,50,253},
{112,57,123,118,104,101,116,64},
{86,90,67,27,1,29,22,56},
{58,66,96,61,56,63,36,10},
{25,31,4,86,6,29,3,42},
{254,228,254,228,231,239,188,202},
{190,180,165,251,228,173,230,208},
{126,79,39,79,88,93,90,13},
{36,63,98,10,33,59,56,74},
{110,2,3,88,4,90,120,49},
{49,61,33,54,116,48,56,80},
{145,154,132,153,132,130,143,169},
{239,231,244,172,218,207,200,129},
{27,24,6,26,24,7,3,41},
{215,192,230,231,195,225,199,136},
{236,239,235,232,178,136,170,197},
{64,90,66,90,88,85,94,112},
{94,93,39,35,37,34,57,17},
{179,140,168,211,210,215,214,223},
{28,22,30,3,5,26,72,45},
{1,31,24,22,89,71,91,117},
{78,66,89,94,14,18,16,42},
{16,15,22,108,97,114,59,61},
{123,98,96,109,102,103,97,74},
{160,165,169,230,152,129,134,195},
{163,164,164,166,251,168,168,147},
{57,35,33,36,58,46,62,17},
{187,187,189,161,174,191,232,138},
{175,179,171,175,164,173,183,128},
{134,157,132,130,143,130,130,171},
{107,111,118,76,65,74,75,93},
{222,215,208,213,170,164,172,151},
{132,140,195,147,141,143,139,225},
{244,233,231,237,164,233,233,128},
{218,222,195,151,197,215,223,233},
{70,88,69,73,95,124,78,41},
{35,118,32,45,38,39,35,10},
{197,197,140,144,142,240,255,170},
{49,58,59,38,36,33,62,17},
{35,43,83,68,65,63,95,10},
{166,171,164,190,183,164,162,138},
{82,80,93,86,71,182,170,123},
{7,64,0,10,23,28,21,55},
{38,36,56,61,61,116,104,79},
{208,145,232,235,151,156,150,159},
{245,237,234,205,208,209,202,221},
{240,136,244,244,242,236,230,192},
{189,193,208,144,145,146,146,157},
{128,222,130,216,250,135,134,177},
{211,217,194,174,129,157,158,234},
{18,5,110,76,77,68,87,42},
{43,53,52,55,63,76,78,27},
{119,107,19,125,34,126,96,74},
{81,67,71,46,47,61,34,3},
{219,216,209,200,205,196,208,247},
{45,63,45,5,15,1,26,93},
{4,7,6,16,84,92,87,45},
{129,158,204,136,193,222,141,181},
{41,58,115,57,108,34,47,9},
{179,186,168,182,181,176,174,129},
{9,19,8,22,21,15,11,33},
{171,228,175,252,179,128,137,155},
{153,210,159,153,129,142,135,169},
{155,155,146,150,141,218,198,245},
{200,205,202,203,180,190,182,129},
{131,135,140,133,159,155,136,170},
{232,243,247,252,237,166,237,217},
{236,162,212,195,194,190,192,137},
{81,25,28,26,2,15,2,42},
{226,242,225,255,231,227,240,202},
{136,144,155,136,151,149,143,160},
{255,246,186,180,249,249,244,145},
{246,227,228,229,226,159,151,169},
{245,186,191,188,177,186,166,141},
{62,35,119,61,118,107,115,10},
{23,53,52,18,19,185,179,123},
{140,143,247,135,251,250,242,197},
{233,231,233,238,162,227,235,136},
{188,177,167,191,180,163,235,144},
{20,19,12,25,24,28,2,37},
{176,254,224,179,203,249,250,144},
{22,24,69,27,26,30,21,39},
{102,121,98,96,109,102,103,73},
{247,240,139,136,142,140,143,184},
{19,8,9,18,16,29,22,56},
{152,134,248,225,153,229,226,165},
{161,246,136,232,150,149,148,213},
{97,110,126,116,121,114,106,85},
{147,157,143,214,215,116,90,251},
{87,18,108,88,4,7,6,49},
{88,93,81,30,96,15,8,59},
{36,37,58,56,53,62,38,17},
{235,165,175,169,187,226,227,197},
{146,130,140,242,231,230,249,170},
{42,51,54,45,52,50,63,25},
{199,205,205,238,194,204,216,183},
{20,74,16,27,29,29,5,37},
{127,120,103,127,127,102,124,74},
{24,12,14,101,102,103,98,74},
{40,34,62,39,61,48,22,79},
{219,214,219,222,183,157,157,237},
{18,26,120,12,67,83,73,33},
{253,242,251,229,224,230,250,209},
{138,244,227,193,158,159,129,170},
{197,215,212,232,252,254,149,183},
{147,136,139,141,149,145,158,184},
{188,186,183,176,169,177,173,149},
{89,89,88,64,95,91,66,106},
{89,86,70,93,64,91,90,109},
{61,46,37,51,45,42,50,21},
{226,225,224,249,128,131,138,173},
{253,180,240,248,243,184,245,147},
{220,196,212,196,194,207,216,234},
{128,137,147,144,156,147,137,160},
{77,11,1,20,81,23,29,109},
{49,57,69,119,85,45,87,24},
{109,119,116,125,100,127,126,69},
{217,146,143,204,178,222,222,233},
{252,230,181,190,191,170,176,147},
{196,194,207,216,192,199,194,237},
{117,1,22,47,40,45,82,93},
{170,212,195,189,199,191,217,138},
{48,77,55,60,52,38,88,1},
{11,18,16,10,8,5,14,32},
{36,87,94,65,68,92,41,109},
{1,25,28,4,2,15,24,42},
{169,214,172,163,170,164,163,152},
{76,76,83,87,92,85,75,120},
{181,179,169,254,128,140,208,219},
{66,65,91,96,80,64,71,45},
{97,123,87,85,90,80,82,57},
{229,234,148,133,253,129,134,201},
{32,30,1,26,0,28,25,112},
{11,8,9,15,15,110,18,59},
{204,152,246,219,205,211,212,181},
{250,199,205,212,134,134,144,170},
{38,42,42,55,42,42,52,23},
{66,98,63,32,32,93,34,13},
{254,249,229,227,233,161,243,138},
{73,70,76,184,218,170,229,125},
{33,34,60,53,36,35,62,9},
{93,86,87,180,168,175,178,125},
{145,142,141,142,146,137,150,185},
{77,73,85,63,21,31,13,121},
{166,171,188,245,191,238,237,138},
{168,174,163,189,169,166,175,129},
{69,63,52,60,61,38,48,10},
{251,250,131,252,135,246,231,202},
{209,219,197,191,132,148,138,233},
{4,15,15,96,45,45,32,61},
{226,194,159,220,135,129,133,173},
{127,60,54,35,125,102,123,81},
{131,135,140,133,159,150,129,170},
{173,178,224,180,169,168,167,153},
{44,35,44,50,78,119,101,25},
{74,67,95,70,95,88,89,106},
{24,24,6,28,17,2,75,45},
{254,245,232,243,247,252,245,215},
{196,191,199,148,205,206,194,245},
{79,32,35,92,120,121,89,16},
{196,201,194,210,216,213,193,232},
{46,44,47,50,94,114,118,25},
{243,190,162,128,254,237,207,157},
{3,11,115,29,31,96,121,42},
{187,248,242,239,177,170,183,149},
{183,171,211,196,190,192,217,138},
{27,20,21,1,23,25,29,43},
{100,110,34,112,57,118,40,0},
{12,24,30,26,4,7,10,41},
{229,238,244,252,228,251,250,197},
{248,254,248,252,224,161,181,202},
{180,160,154,186,165,163,163,209},
{227,158,159,152,152,129,228,170},
{130,129,131,152,208,212,155,181},
{124,113,122,99,127,100,127,80},
{42,51,54,60,44,42,39,1},
{39,57,60,36,34,47,56,10},
{125,110,114,115,77,103,99,27},
{5,5,8,13,1,78,48,105},
{250,224,245,253,231,230,240,202},
{67,80,89,65,71,66,88,111},
{195,219,223,212,221,207,192,241},
{83,77,68,85,75,177,168,123},
{88,38,51,23,53,77,79,120},
{80,44,46,48,112,100,120,63},
{136,142,131,140,150,147,145,161},
{16,27,7,50,26,4,52,113},
{215,208,206,215,202,213,209,247},
{66,52,37,34,39,32,65,106},
{185,191,190,172,176,174,198,137},
{126,1,4,12,4,22,91,49},
{236,242,140,155,154,153,187,209},
{150,144,251,252,231,231,225,209},
{35,43,83,60,65,70,89,10},
{248,253,250,251,132,142,134,177},
{182,140,129,138,139,149,150,159},
{70,11,115,65,66,67,92,42},
{202,217,192,198,203,196,219,231},
{203,182,136,155,128,158,130,229},
{242,209,200,206,195,213,214,223},
{166,173,174,163,181,204,252,151},
{103,96,122,98,122,120,117,79},
{171,172,180,179,181,161,164,131},
{209,173,194,187,186,191,199,241},
{221,161,166,193,190,195,198,237},
{222,220,196,212,196,199,207,233},
{167,131,252,135,128,227,225,203},
{5,127,120,9,118,14,13,53},
{220,209,137,160,157,143,147,240},
{117,122,4,21,18,23,16,89},
{75,8,118,27,26,64,100,39},
{55,49,49,40,101,101,104,5},
{196,198,199,200,149,150,151,245},
{127,57,63,38,43,60,117,7},
{54,201,184,186,187,180,169,127},
{158,226,154,236,226,224,227,209},
{61,33,93,76,104,53,54,0},
{21,105,120,84,9,10,10,53},
{197,231,188,225,199,191,160,138},
{53,98,39,43,101,53,122,65},
{37,59,39,87,70,69,68,5},
{212,210,201,210,213,212,207,224},
{204,238,146,234,149,149,158,160},
{111,49,42,55,60,53,47,24},
{105,102,111,96,120,125,126,69},
{233,226,247,252,239,238,238,217},
{93,95,67,28,0,30,23,57},
{74,2,10,77,0,0,4,106},
{227,226,156,159,155,152,134,170},
{206,210,140,200,194,220,213,170},
{41,48,51,43,48,47,39,1},
{100,111,102,120,45,50,62,85},
{253,239,238,232,150,133,251,197},
{249,246,234,232,229,238,244,193},
{94,64,65,67,31,59,68,111},
{254,139,131,129,132,152,231,177},
{165,166,189,164,168,187,190,141},
{225,224,227,248,224,227,255,208},
{148,143,135,247,197,155,228,165},
{186,185,188,162,184,166,188,138},
{92,88,64,84,89,71,70,105},
{244,235,239,236,244,163,243,217},
{198,203,196,197,223,220,197,234},
{31,21,31,14,70,94,17,43},
{44,41,50,97,49,62,55,25},
{66,90,92,70,88,95,89,106},
{28,0,11,29,25,22,6,49},
{43,51,44,22,8,14,3,29},
{75,37,15,9,27,11,8,101},
{53,7,37,93,39,94,63,106},
{73,79,81,238,228,245,171,125},
{200,196,217,197,198,220,218,240},
{117,126,98,115,104,105,99,85},
{121,123,122,32,124,1,121,73},
{94,110,111,53,53,73,54,1},
{184,188,166,240,253,246,237,217},
{98,99,100,97,30,8,0,43},
{154,158,229,215,203,192,230,175},
{80,16,77,21,27,18,18,31},
{208,196,193,209,218,223,147,181},
{255,248,172,176,174,208,161,138},
{69,70,94,73,68,91,94,109},
{113,126,0,41,81,45,42,93},
{64,91,95,84,69,14,64,113},
{136,155,128,134,139,132,159,167},
{124,127,119,7,105,107,106,85},
{181,186,173,194,234,232,243,129},
{88,94,95,94,23,0,28,109},
{121,115,101,97,110,103,104,74},
{178,169,182,140,129,138,139,157},
{172,183,179,128,137,144,149,157},
{96,113,115,98,97,124,103,72},
{70,90,87,39,54,74,50,117},
{64,71,90,69,65,78,71,105},
{130,131,252,246,254,227,229,203},
{44,60,42,62,37,114,110,77},
{209,173,159,197,196,199,184,241},
{68,96,107,117,105,50,46,13},
{55,33,32,35,43,83,68,7},
{98,121,121,126,103,98,97,74},
{145,139,147,143,139,136,129,163},
{104,105,111,116,38,118,119,89},
{210,190,227,223,216,254,162,141},
{142,150,140,138,135,128,154,163},
{229,154,153,157,158,129,214,170},
{27,31,29,0,28,29,25,42},
{228,248,248,229,225,238,254,201},
{163,176,161,234,245,163,185,143},
{248,241,233,239,241,236,232,216},
{216,212,210,201,206,197,209,248},
{42,57,56,56,34,47,56,10},
{84,88,83,24,102,86,116,53},
{81,85,90,74,75,77,82,120},
{120,122,127,124,98,123,102,73},
{17,21,26,19,13,9,10,56},
{246,204,193,211,219,211,201,223},
{50,45,54,56,32,38,43,5},
{157,156,132,135,134,144,238,171},
{210,208,221,214,205,53,53,251},
{144,142,151,138,136,133,142,160},
{253,250,228,254,228,226,239,201},
{86,66,73,74,73,51,16,111},
{169,170,190,174,190,247,136,200},
{196,197,196,209,212,203,210,245},
{13,11,12,2,52,28,8,99},
{62,49,50,56,117,37,106,81},
{25,19,25,2,121,75,87,41},
{255,232,237,207,148,149,150,160},
{120,3,95,4,89,14,15,49},
{133,145,139,133,147,129,134,227},
{46,41,51,67,82,46,46,25},
{149,220,219,217,216,210,172,237},
{59,50,119,49,63,122,4,85},
{69,121,100,113,109,115,116,21},
{48,28,64,67,66,59,67,111},
{60,60,37,79,98,124,97,9},
{33,37,43,54,55,101,123,64},
{175,165,236,161,161,172,177,202},
{196,198,148,199,201,222,211,237},
{189,227,252,225,238,251,232,202},
{254,225,228,251,226,229,237,199},
{45,114,10,114,124,115,115,65},
{211,205,203,161,175,161,166,189},
{165,168,173,161,238,188,237,202},
{37,90,94,88,90,94,94,106},
{67,71,76,69,92,95,73,106},
{2,88,5,90,91,119,10,51},
{101,118,0,81,46,83,15,93},
{8,23,19,96,105,116,114,61},
{13,70,12,121,104,98,28,61},
{43,55,115,105,117,9,24,81},
{19,13,21,25,29,3,7,37},
{72,83,87,92,77,6,71,121},
{32,46,50,48,61,54,46,25},
{104,21,106,104,104,111,113,89},
{168,214,230,186,189,188,193,136},
{158,182,182,140,133,202,188,221},
{101,121,63,45,51,47,79,10},
{17,21,26,19,20,12,8,56},
{87,43,14,29,15,10,83,121},
{241,235,237,243,229,247,243,217},
{108,23,109,89,88,90,77,93},
{55,53,50,56,15,49,48,89},
{173,162,179,252,179,227,250,129},
{85,83,72,81,64,70,75,101},
{194,196,192,222,197,220,218,240},
{100,57,58,59,60,97,62,8},
{211,206,196,213,198,55,40,251},
{188,224,251,248,228,254,228,199},
{16,23,26,23,20,8,116,33},
{226,239,224,244,139,189,179,215},
{199,197,194,221,161,134,147,240},
{144,153,129,128,129,152,135,176},
{125,121,121,99,12,46,51,74},
{10,15,9,22,68,112,57,59},
{99,115,105,107,125,99,100,5},
{146,244,240,235,239,228,237,191},
{51,124,100,98,43,40,33,3},
{124,113,100,97,120,117,98,80},
{229,178,174,180,202,217,167,145},
{198,220,209,218,198,197,222,239},
{217,199,192,217,199,197,222,241},
{225,234,246,253,245,233,242,193},
{106,20,5,33,7,6,97,74},
{48,62,32,49,117,51,57,81},
{198,203,196,223,197,222,217,234},
{158,190,227,184,227,229,225,209},
{151,138,147,143,149,146,144,248},
{240,243,237,134,164,165,172,193},
{121,114,102,127,120,103,99,73},
{160,177,239,151,128,133,130,197},
{76,55,19,177,237,187,187,125},
{164,167,166,176,206,219,218,141},
{170,163,181,186,165,184,166,138},
{49,62,55,17,17,27,27,29},
{92,91,121,89,123,46,33,19},
{37,63,56,38,60,32,34,13},
{92,95,64,67,88,94,83,109},
{55,52,46,36,41,34,60,5},
{116,110,46,62,34,0,126,27},
{29,30,6,9,13,19,22,53},
{120,14,27,26,101,26,58,80},
{161,162,191,180,164,163,190,137},
{125,35,127,45,45,35,34,17},
{150,155,141,159,137,220,145,247},
{45,48,61,43,47,9,1,27},
{251,229,162,168,185,231,224,202},
{5,1,26,12,10,19,23,53},
{67,76,77,83,78,69,88,99},
{133,130,253,130,255,250,224,202},
{195,218,143,141,145,237,252,173},
{191,162,160,173,166,186,167,138},
{216,219,197,193,206,223,136,234},
{189,190,186,184,165,232,250,137},
{48,74,52,53,76,49,78,121},
{103,8,11,10,80,13,15,56},
{76,2,12,114,30,102,0,42},
{181,169,178,161,244,166,171,133},
{196,201,194,218,213,219,195,232},
{154,137,144,150,155,148,138,183},
{228,238,162,240,185,246,168,128},
{146,154,159,153,134,212,152,170},
{228,233,226,250,248,249,225,200},
{221,205,214,219,192,198,203,229},
{205,157,146,155,130,158,135,176},
{124,126,98,97,124,103,99,73},
{34,58,56,61,37,62,39,10},
{153,154,158,157,153,128,251,169},
{205,231,229,240,165,217,182,129},
{102,122,97,100,125,121,118,80},
{91,83,93,68,67,94,89,106},
{27,27,21,4,2,15,0,42},
{27,25,24,1,14,7,5,42},
{64,71,90,69,65,78,71,105},
{67,71,76,69,89,90,70,106},
{231,250,229,225,238,231,225,202},
{195,203,179,162,130,223,193,234},
{217,194,192,205,223,216,192,234},
{185,183,189,244,138,230,231,209},
{109,51,74,75,52,106,54,1},
{167,215,184,195,187,224,194,135},
{225,225,226,229,230,226,224,208},
{220,218,215,208,200,202,203,245},
{34,37,33,48,70,42,43,21},
{248,184,206,219,220,221,218,143},
{6,7,94,85,94,88,80,106},
{161,174,167,162,165,171,165,141},
{0,26,23,16,1,14,20,53},
{13,6,29,1,1,31,10,45},
{12,11,22,1,5,10,25,37},
{62,52,37,123,124,101,125,80},
{211,255,229,235,237,217,243,149},
{172,173,171,136,218,138,144,157},
{139,153,137,131,154,207,205,234},
{120,96,100,102,102,122,97,80},
{9,30,11,115,65,103,67,41},
{55,48,20,111,103,84,82,91},
{61,36,73,109,110,101,104,9},
{212,214,203,200,193,216,216,229},
{103,122,101,97,110,98,120,74},
{214,201,210,208,221,214,203,249},
{74,51,50,55,19,176,200,123},
{120,120,126,100,99,126,121,74},
{211,206,222,141,241,195,129,170},
{96,96,125,45,103,32,96,83},
{38,35,105,38,44,61,99,69},
{177,178,178,174,176,182,175,128},
{149,159,150,211,145,155,146,240},
{166,130,253,253,254,254,225,202},
{102,58,59,36,62,39,62,17},
{185,184,179,163,229,235,226,128},
{165,190,179,188,189,167,166,145},
{213,198,143,205,192,214,219,245},
{25,102,28,19,26,20,19,40},
{176,175,187,189,172,170,167,129},
{203,196,220,214,196,195,195,235},
{200,208,219,148,179,163,173,189},
{159,142,141,175,245,245,137,192},
{116,114,127,72,80,84,84,93},
{16,19,106,72,73,105,110,33},
{230,252,241,250,226,227,224,207},
{212,237,248,255,238,226,238,135},
{81,218,200,236,231,225,253,127},
{217,210,151,231,213,243,139,181},
{245,137,187,180,181,149,183,213},
{222,221,197,192,223,198,220,234},
{65,81,91,66,23,5,25,51},
{87,72,69,78,85,95,91,99},
{41,81,45,83,8,82,94,96},
{254,238,239,241,245,250,243,213},
{9,23,22,105,97,29,12,61},
{39,53,41,67,101,127,121,7},
{137,138,128,205,177,166,156,234},
{69,61,56,33,38,35,36,101},
{163,173,170,248,142,157,156,205},
{111,116,108,103,80,119,103,0},
{101,26,27,24,28,25,10,42},
{194,205,206,220,145,237,223,173},
{120,123,101,100,103,111,15,74},
{65,73,53,90,37,1,94,104},
{59,61,44,43,54,33,37,3},
{132,200,135,151,141,135,145,223},
{152,130,132,131,155,135,159,176},
{237,230,231,225,226,230,250,205},
{22,23,27,88,38,22,50,117},
{175,245,140,170,142,248,248,195},
{39,51,57,36,34,47,56,10},
{104,118,111,114,124,2,23,88},
{6,7,11,13,61,19,27,101},
{85,67,77,71,64,8,73,33},
{100,127,44,48,46,80,95,10},
{4,9,24,27,31,80,2,40},
{239,230,246,204,193,202,213,221},
{78,93,35,37,37,95,37,17},
{76,74,71,64,90,89,70,101},
{220,203,210,217,192,198,203,229},
{92,90,86,89,93,82,67,109},
{163,160,190,229,181,186,179,149},
{130,154,155,134,159,152,153,170},
{61,62,62,95,32,32,38,13},
{119,39,44,37,60,59,32,10},
{155,226,229,153,150,156,136,170},
{143,240,242,241,242,241,240,192},
{56,37,41,63,28,46,52,74},
{64,69,66,96,60,54,58,9},
{249,182,180,191,188,178,255,217},
{195,201,215,148,158,139,213,247},
{5,14,21,24,24,26,4,37},
{175,191,188,148,132,144,162,221},
{92,72,42,7,28,25,14,101},
{161,174,162,184,165,167,163,141},
{180,185,178,179,173,174,169,152},
{185,233,161,162,185,182,162,145},
{159,146,147,159,212,170,185,240},
{45,44,51,102,48,61,54,24},
{147,154,188,111,109,109,113,253},
{105,34,110,110,113,126,119,89},
{188,186,189,162,169,178,246,141},
{240,240,249,229,250,252,228,199},
{73,66,67,94,84,71,66,105},
{203,192,215,206,213,209,222,248},
{124,115,99,123,103,99,112,74},
{106,108,116,88,80,75,30,93},
{123,2,32,125,7,121,105,74},
{156,156,143,220,162,206,176,249},
{32,38,62,36,36,34,60,13},
{75,72,65,66,90,84,68,103},
{87,78,27,1,29,97,112,57},
{106,99,100,127,122,121,121,74},
{32,33,60,42,43,51,55,21},
{222,196,212,196,194,207,216,234},
{94,88,68,91,95,88,68,103},
{174,169,167,143,152,139,138,157},
{3,28,67,64,66,65,91,111},
{245,246,246,135,248,248,254,197},
{108,115,114,119,108,106,103,65},
{143,139,137,233,164,172,167,189},
{103,105,110,34,99,107,120,9},
{210,196,214,214,214,203,134,160},
{241,200,214,207,209,205,201,223},
{15,9,2,20,15,20,18,56},
{196,200,223,61,60,34,92,253},
{119,108,23,33,61,50,31,65},
{164,167,160,193,193,193,193,237},
{120,101,99,113,117,122,107,85},
{236,234,236,234,243,138,186,217},
{231,238,200,227,225,225,253,137},
{35,57,37,89,78,71,64,3},
{21,15,15,119,104,111,114,61},
{229,226,192,157,231,157,134,170},
{233,231,233,238,162,227,235,136},
{111,120,120,127,97,118,56,10},
{103,100,98,104,118,99,114,85},
{132,154,151,155,205,154,223,181},
{123,101,100,110,16,31,30,75},
{219,223,197,196,206,176,192,234},
{70,75,68,91,65,92,89,106},
{164,221,129,223,218,194,195,235},
{25,30,26,3,108,78,83,42},
{101,71,28,29,31,96,1,42},
{225,211,207,204,234,211,193,181},
{66,88,84,70,93,91,89,106},
{108,110,115,14,62,18,4,91},
{60,58,62,32,62,36,58,13},
{64,30,58,69,60,63,71,113},
{26,98,26,28,27,25,16,42},
{253,229,239,236,244,235,232,213},
{232,178,174,180,165,182,254,145},
{27,24,24,5,85,30,4,42},
{42,47,11,4,92,92,90,101},
{35,33,51,33,49,59,53,80},
{222,218,206,222,210,215,157,173},
{190,186,166,183,190,185,189,139},
{211,221,194,174,134,142,130,234},
{232,160,165,191,180,165,238,144},
{229,178,175,173,167,234,148,197},
{198,217,217,220,252,249,244,149},
{73,79,79,82,81,76,87,120},
{245,236,233,203,210,215,202,221},
{220,193,140,158,130,142,154,232},
{255,191,208,173,210,136,212,223},
{232,244,234,165,165,161,238,200},
{21,2,5,124,126,35,60,74},
{65,91,69,67,70,91,95,106},
{170,231,227,238,239,227,176,138},
{180,190,192,233,205,147,236,157},
{141,137,228,229,230,253,226,202},
{5,10,3,25,25,5,26,41},
{61,63,38,57,61,50,76,13},
{142,246,246,244,240,230,250,193},
{161,167,171,170,186,207,223,144},
{121,125,114,99,120,117,126,80},
{56,42,42,18,15,66,6,93},
{128,157,152,154,129,159,158,168},
{198,222,194,192,205,198,199,233},
{161,186,165,173,209,227,252,138},
{91,93,36,39,38,63,64,107},
{28,16,24,5,111,69,79,40},
{200,215,168,190,198,187,151,248},
{155,162,176,188,160,164,180,207},
{97,110,103,120,99,123,126,77},
{246,139,244,243,242,143,246,185},
{80,86,91,76,5,28,78,121},
{25,101,87,13,12,113,112,57},
{117,107,119,17,55,41,47,85},
{106,99,123,124,101,121,96,74},
{46,111,16,78,18,16,17,31},
{58,56,53,62,63,44,40,19},
{204,204,212,196,212,210,223,249},
{223,194,193,220,199,195,208,234},
{80,184,168,174,163,172,180,127},
{207,200,216,133,241,224,255,170},
{228,233,226,250,249,250,251,200},
{233,234,235,246,236,235,246,193},
{214,134,158,134,135,153,129,173},
{147,149,156,148,159,144,147,163},
{245,232,243,247,252,237,242,216},
{15,37,37,56,109,115,111,73},
{56,113,60,58,32,45,38,8},
{34,18,54,176,200,179,204,125},
{200,205,205,132,250,202,150,161},
{71,64,92,75,75,83,87,117},
{73,53,79,72,76,74,87,121},
{80,2,15,24,0,25,2,45},
{117,107,115,123,3,18,111,88},
{169,162,163,189,190,189,166,137},
{134,162,245,246,180,203,136,219},
{90,7,94,90,88,92,92,106},
{203,207,194,219,193,221,183,248},
{204,146,204,55,55,56,86,253},
{21,83,89,92,16,18,64,53},
{244,239,235,232,249,178,248,197},
{250,202,226,226,224,233,166,136},
{90,90,94,92,95,90,80,106},
{251,243,253,254,250,231,171,202},
{153,215,223,101,111,102,42,253},
{70,22,14,3,22,23,23,32},
{166,171,164,165,188,189,185,138},
{74,76,77,77,84,34,55,120},
{157,139,145,141,231,193,195,170},
{225,239,238,242,170,191,182,217},
{198,219,219,197,193,206,199,233},
{202,234,182,193,185,187,190,133},
{188,173,213,169,174,217,166,227},
{58,44,25,46,62,59,43,72},
{169,183,171,211,196,193,192,137},
{46,47,47,13,16,17,22,29},
{255,244,253,231,228,243,232,211},
{217,220,197,192,223,198,220,234},
{24,69,26,19,27,5,113,40},
{101,123,44,82,65,70,33,10},
{225,254,229,225,238,231,231,202},
{196,194,217,168,152,136,158,245},
{145,154,129,141,158,135,134,177},
{36,34,47,56,32,34,43,13},
{129,132,155,130,128,141,134,168},
{161,162,186,185,181,167,162,137},
{23,14,91,65,93,33,54,121},
{196,198,190,202,205,195,201,245},
{148,145,159,129,133,138,131,165},
{96,27,26,99,25,22,30,41},
{66,65,63,89,88,35,35,13},
{127,101,109,17,127,31,30,75},
{145,135,137,139,140,196,133,229},
{57,61,51,46,47,125,99,88},
{201,205,194,203,204,212,210,224},
{159,133,143,153,135,128,158,234},
{71,90,90,68,66,79,88,106},
{73,90,19,93,90,66,79,105},
{137,151,147,143,148,144,159,161},
{182,181,172,171,182,161,165,131},
{155,212,159,152,134,144,238,171},
{21,26,19,15,10,6,16,57},
{12,10,19,23,28,13,70,56},
{7,12,14,90,15,84,94,43},
{247,229,249,133,148,176,237,215},
{23,16,13,11,15,17,12,55},
{148,147,146,237,232,217,211,219},
{51,51,58,14,21,66,94,93},
{177,183,170,234,231,147,249,195},
{251,248,244,252,179,248,250,143},
{205,192,241,212,198,198,218,163},
{71,74,83,73,85,41,27,113},
{33,93,74,75,76,73,54,1},
{24,110,123,124,125,122,7,48},
{233,230,239,249,241,242,230,197},
{237,254,183,178,226,254,243,205},
{225,182,170,184,198,213,171,149},
{192,202,180,220,221,130,222,233},
{126,123,124,5,13,7,4,49},
{212,215,218,210,197,219,199,225},
{97,64,110,122,122,126,72,5},
{53,47,38,0,43,41,41,64},
{70,79,12,114,30,30,1,42},
{173,162,179,252,227,227,171,129},
{3,2,5,2,7,0,25,74},
{111,77,122,81,84,71,77,29},
{155,147,133,129,142,135,130,170},
{60,61,60,57,61,50,59,13},
{230,253,170,182,172,210,226,136},
{121,120,118,121,120,121,120,73},
{53,43,47,36,52,62,122,1},
{28,22,30,3,5,26,72,45},
{71,78,12,16,14,112,121,42},
{198,223,222,194,216,222,211,237},
{249,166,166,160,174,174,170,149},
{8,9,10,21,16,15,22,57},
{176,175,243,231,236,229,230,200},
{122,91,86,89,79,95,31,57},
{118,27,100,99,100,66,31,41},
{67,101,104,104,118,47,45,10},
{190,227,147,130,129,128,188,202},
{169,174,172,227,249,229,153,192},
{59,34,107,124,96,125,67,11},
{108,110,97,98,104,37,117,0},
{35,39,44,37,63,57,36,10},
{229,153,158,232,224,233,227,213},
{49,65,77,75,72,93,33,120},
{196,234,225,232,174,178,176,138},
{96,102,96,104,101,107,96,83},
{168,210,210,221,215,222,223,225},
{185,167,187,180,181,172,182,153},
{103,30,46,52,57,110,114,73},
{232,136,137,139,138,245,141,183},
{122,98,96,109,102,124,97,74},
{184,194,159,196,188,196,196,241},
{225,230,155,147,157,158,154,168},
{147,143,142,136,246,198,154,165},
{189,187,163,170,186,184,181,143},
{1,11,26,82,90,29,97,56},
{88,64,70,75,68,92,92,104},
{2,1,9,27,31,20,29,47},
{249,227,244,166,166,176,244,139},
{246,186,183,176,177,168,171,149},
{102,112,14,29,63,56,100,79},
{202,217,192,198,203,196,197,231},
{52,79,72,183,181,178,173,125},
{97,65,62,89,88,33,38,13},
{16,26,21,18,29,97,112,57},
{233,185,235,243,246,254,232,193},
{228,169,213,231,189,225,190,136},
{233,180,180,184,176,164,219,133},
{240,134,149,183,176,237,239,216},
{8,85,86,87,12,12,15,56},
{102,105,100,106,105,96,102,80},
{208,200,205,41,45,34,43,253},
{172,174,161,162,168,229,153,192},
{24,1,10,23,28,21,10,56},
{100,127,44,48,46,80,95,10},
{161,178,251,182,228,170,167,129},
{243,229,225,238,255,168,181,203},
{150,138,135,247,230,154,226,165},
{29,6,25,26,7,3,16,42},
{119,87,84,83,94,72,84,53},
{77,79,78,176,237,203,187,125},
{147,153,135,196,206,219,133,167},
{147,148,214,149,214,237,240,187},
{128,137,138,146,237,223,205,185},
{65,73,73,84,43,16,28,119},
{56,33,57,34,61,57,54,16},
{87,101,59,58,61,66,56,8},
{112,126,108,121,121,127,98,69},
{238,228,233,226,249,248,230,199},
{142,235,243,242,243,237,184,191},
{193,222,210,193,212,199,195,233},
{167,218,249,229,226,252,230,137},
{138,139,181,175,171,194,195,229},
{61,56,57,32,62,33,58,13},
{231,197,254,226,252,202,242,149},
{191,136,137,147,148,144,140,159},
{181,201,216,215,214,246,212,149},
{24,30,19,28,3,29,15,49},
{246,245,138,245,244,138,135,185},
{63,33,39,53,59,53,50,81},
{56,61,61,116,104,118,8,81},
{180,233,226,236,252,169,182,216},
{121,118,127,105,110,108,111,85},
{214,239,253,237,169,183,171,133},
{68,67,88,94,83,92,68,111},
{16,107,18,109,20,110,51,89},
{21,30,5,12,18,15,12,53},
{136,153,143,183,145,112,116,251},
{19,70,37,15,13,24,77,103},
{34,35,57,58,39,34,33,10},
{95,1,117,71,64,65,31,40},
{170,177,253,242,251,226,224,207},
{13,29,89,71,91,35,50,119},
{253,254,225,182,163,189,190,205},
{218,221,222,195,221,199,216,235},
{113,46,47,17,110,19,17,29},
{66,88,92,84,67,94,64,106},
{2,3,4,126,6,100,104,75},
{40,45,42,43,84,94,86,97},
{164,167,222,193,196,197,202,237},
{211,152,141,111,108,80,68,253},
{134,139,132,156,157,157,157,170},
{185,172,179,182,173,169,166,128},
{170,189,185,182,191,169,171,147},
{42,84,96,61,98,64,95,10},
{103,108,101,127,121,98,124,75},
{0,2,10,13,19,109,86,57},
{19,160,222,205,204,203,202,127},
{182,207,201,207,206,208,165,249},
{200,221,192,198,203,196,216,231},
{106,118,108,18,7,127,31,74},
{1,19,7,13,16,69,91,96},
{122,114,96,109,17,35,97,74},
{132,159,151,204,209,223,213,181},
{170,163,191,166,191,182,167,138},
{175,178,171,175,164,173,178,128},
{205,185,215,217,166,163,135,229},
{189,189,163,181,167,242,188,138},
{70,100,64,100,103,67,92,42},
{237,241,230,237,227,166,216,129},
{147,157,154,46,111,103,116,253},
{229,234,227,253,248,251,226,201},
{128,148,145,129,138,143,195,229},
{248,224,252,255,247,135,232,211},
{60,60,36,56,36,34,47,9},
{85,103,61,68,98,70,32,10},
{74,24,76,8,0,11,89,106},
{146,139,136,149,145,158,151,185},
{177,185,246,244,255,252,242,152},
{38,60,49,58,33,32,38,15},
{70,75,68,93,69,95,89,106},
{224,230,235,253,245,226,239,201},
{182,170,179,178,188,172,170,128},
{76,74,75,82,27,12,16,121},
{102,73,85,70,76,88,121,37},
{241,141,156,184,154,230,158,209},
{42,85,80,88,81,74,52,101},
{220,199,190,142,148,153,182,232},
{8,16,16,16,38,14,14,97},
{251,130,253,161,135,134,229,202},
{37,89,107,57,56,67,58,5},
{49,77,92,91,92,39,88,17},
{240,232,226,234,245,240,239,216},
{5,28,27,27,0,1,26,45},
{138,246,247,164,249,166,248,197},
{254,232,232,226,252,237,252,207},
{240,250,248,251,249,246,246,201},
{91,92,92,68,71,67,80,106},
{248,227,231,236,229,251,252,201},
{227,226,227,157,194,230,131,170},
{158,151,144,149,234,228,236,215},
{44,34,50,48,61,46,103,25},
{27,27,101,31,26,22,2,42},
{53,54,40,60,32,38,43,5},
{215,216,203,207,196,205,212,224},
{65,82,79,68,85,30,87,97},
{111,17,19,79,19,18,17,32},
{4,122,124,118,122,126,5,75},
{48,121,54,47,36,45,46,0},
{37,46,51,48,57,37,56,5},
{9,6,23,80,75,19,7,37},
{9,7,29,117,89,65,86,49},
{252,167,161,165,164,181,171,144},
{201,196,197,204,178,161,131,233},
{108,115,112,119,108,111,103,65},
{133,159,154,132,152,159,130,173},
{129,142,141,146,231,247,209,185},
{57,67,63,58,56,58,35,9},
{178,183,190,177,165,183,172,211},
{47,80,43,44,85,85,87,96},
{104,110,99,117,119,127,107,65},
{145,206,206,49,48,51,45,253},
{133,153,229,244,140,244,142,184},
{179,167,161,186,183,173,173,147},
{226,227,254,228,227,254,249,202},
{97,97,29,99,108,98,101,80},
{252,228,249,169,251,229,230,207},
{108,111,110,81,79,12,6,93},
{77,89,71,91,53,19,13,120},
{210,213,221,161,176,49,78,251},
{177,184,176,187,188,191,192,128},
{231,238,249,154,184,185,176,213},
{1,26,79,84,88,80,31,57},
{16,19,20,108,100,103,107,89},
{110,109,18,107,28,30,20,33},
{120,105,34,106,111,113,126,88},
{231,252,135,177,173,162,142,209},
{217,207,212,221,204,202,199,225},
{73,65,11,5,68,58,41,96},
{105,97,119,61,64,124,122,16},
{145,139,143,132,149,222,196,161},
{138,140,143,146,156,226,247,184},
{128,133,130,131,252,246,254,201},
{29,31,30,1,0,28,93,45},
{10,3,20,27,3,28,7,42},
{101,121,44,82,63,70,33,10},
{237,246,233,224,254,225,250,197},
{170,175,165,183,179,128,137,155},
{130,135,254,159,224,231,227,205},
{191,180,189,161,175,172,182,147},
{174,171,179,202,250,216,213,155},
{239,243,232,208,200,206,195,221},
{205,195,218,140,140,134,248,161},
{192,222,160,49,78,77,74,253},
{150,250,132,253,161,255,128,201},
{227,231,236,229,253,247,255,202},
{85,95,92,68,89,9,91,109},
{101,126,101,97,110,127,40,74},
{160,187,191,180,165,238,166,145},
{81,90,91,70,64,64,94,113},
{228,226,239,248,227,234,231,205},
{107,109,114,33,113,126,119,89},
{52,42,84,67,61,71,63,9},
{84,10,46,4,5,35,90,101},
{104,76,122,100,101,125,125,13},
{5,64,70,68,90,79,11,37},
{229,174,227,233,245,250,235,213},
{234,245,241,254,247,210,212,219},
{16,107,18,19,18,18,23,33},
{19,28,5,0,31,6,28,42},
{70,67,58,67,60,59,63,9},
{250,130,252,132,129,254,159,202},
{154,154,134,152,134,156,145,171},
{140,136,146,144,157,150,139,185},
{239,224,248,243,248,229,224,199},
{199,215,205,199,209,207,200,161},
{158,152,129,142,135,152,137,171},
{30,28,22,29,0,0,5,45},
{117,100,64,29,30,30,127,42},
{98,126,8,23,105,107,107,85},
{37,46,53,35,58,35,34,5},
{240,241,234,246,236,146,135,200},
{101,102,59,96,66,54,58,9},
{170,212,188,196,190,190,217,138},
{117,106,56,108,119,117,117,65},
{37,37,56,99,9,32,36,74},
{20,28,100,64,72,68,76,37},
{245,246,170,173,164,175,191,153},
{192,151,199,204,197,198,222,233},
{66,67,95,68,67,94,89,106},
{120,99,123,126,101,124,122,80},
{249,226,183,172,160,168,231,193},
{15,4,21,94,19,16,5,35},
{122,115,123,126,120,103,15,74},
{90,39,11,17,1,54,3,96},
{8,23,19,96,105,122,119,61},
{107,105,117,110,117,116,114,88},
{229,248,229,225,238,231,224,202},
{189,193,208,204,232,147,236,157},
{185,170,227,170,249,178,191,153},
{234,178,196,213,210,215,208,153},
{174,189,186,189,196,191,190,241},
{55,48,53,59,39,73,100,5},
{194,209,174,233,205,206,147,157},
{106,20,5,124,126,127,96,74},
{93,76,74,181,173,162,177,125},
{216,197,218,192,203,221,217,239},
{34,89,89,68,81,79,83,109},
{244,228,240,185,194,236,232,128},
{70,90,87,80,77,75,86,117},
{249,167,216,209,169,175,163,149},
{243,253,250,142,207,199,212,157},
{210,220,222,195,189,134,138,234},
{70,75,93,92,86,18,92,106},
{169,191,191,252,224,254,171,217},
{197,186,197,194,191,191,161,138},
{184,167,185,161,164,188,186,144},
{153,250,216,217,208,219,207,183},
{248,254,243,252,231,229,252,209},
{219,162,163,220,222,222,196,234},
{104,110,99,116,61,119,113,65},
{58,103,67,60,65,64,33,10},
{230,235,228,255,246,228,226,202},
{140,129,138,145,148,151,146,160},
{64,36,39,42,39,58,83,15},
{219,164,220,129,215,221,192,234},
{199,218,197,193,206,199,197,234},
{41,81,45,42,8,86,85,96},
{132,136,128,157,247,221,215,176},
{193,171,141,151,145,135,137,225},
{165,163,161,174,183,165,185,147},
{105,102,75,85,121,127,112,17},
{186,154,182,182,191,252,130,215},
{95,88,90,73,81,79,83,109},
{164,172,177,225,179,175,173,151},
{6,11,4,5,28,28,25,42},
{119,117,111,60,66,81,46,25},
{201,215,203,179,164,161,166,233},
{157,128,134,139,157,156,150,168},
{192,217,197,198,220,218,215,241},
{169,143,246,249,250,249,243,197},
{225,238,231,225,229,255,229,205},
{249,250,226,236,224,255,250,209},
{67,97,122,105,100,98,99,7},
{124,115,105,10,40,41,32,69},
{5,9,26,70,48,57,62,107},
{246,234,252,244,239,188,160,151},
{196,197,198,228,155,155,156,168},
{38,123,124,124,1,126,98,74},
{34,95,32,68,71,74,71,109},
{25,30,0,13,31,22,5,42},
{0,2,24,1,1,31,27,49},
{228,134,163,184,189,170,146,202},
{133,138,131,132,159,159,154,169},
{151,181,234,234,176,148,145,216},
{43,50,54,42,40,37,46,0},
{47,60,100,18,7,0,25,74},
{123,97,102,121,102,116,48,79},
{99,27,41,119,119,36,121,67},
{142,133,136,130,158,135,157,237},
{27,13,19,20,18,85,33,120},
{77,66,83,28,6,95,75,97},
{98,122,127,127,99,126,101,74},
{188,142,128,130,141,134,132,234},
{141,143,135,196,198,201,202,165},
{49,17,110,12,86,81,87,93},
{232,163,165,246,162,185,182,144},
{41,42,14,36,120,3,123,69},
{48,47,54,93,13,2,19,29},
{194,192,205,222,151,195,198,235},
{9,27,28,25,1,14,7,41},
{46,83,91,85,86,82,79,97},
{5,27,26,29,21,87,89,49},
{251,237,178,253,233,243,253,152},
{246,217,219,215,203,137,155,181},
{56,61,32,37,58,56,53,15},
{97,42,98,116,10,102,102,81},
{170,182,174,178,181,189,193,152},
{212,202,162,130,158,154,142,233},
{142,142,140,150,214,198,218,225},
{3,8,37,63,19,233,230,123},
{216,134,219,128,213,214,215,233},
{97,114,59,37,112,106,103,65},
{11,21,22,21,12,30,16,35},
{115,99,96,112,96,116,39,1},
{228,153,230,237,233,234,245,213},
{240,184,249,253,238,178,196,149},
{89,88,67,66,76,50,39,104},
{134,155,206,152,149,134,207,177},
{167,228,230,233,234,224,173,135},
{6,28,17,26,0,12,30,47},
{84,75,82,80,93,86,87,121},
{101,25,118,121,0,5,4,69},
{76,87,83,160,177,250,179,125},
{13,0,14,5,4,8,10,53},
{164,179,204,207,207,73,56,251},
{67,71,76,69,70,92,70,106},
{134,158,130,128,141,134,135,169},
{106,120,6,107,55,109,18,87},
{34,126,102,116,121,119,115,85},
{95,54,55,8,16,20,10,29},
{191,214,215,49,55,54,40,253},
{144,143,150,238,233,242,232,189},
{16,66,26,110,78,81,30,56},
{51,52,34,58,38,60,49,11},
{43,40,86,67,68,69,66,7},
{100,27,45,63,43,33,36,74},
{77,82,94,67,93,91,66,101},
{141,144,146,145,141,137,134,160},
{71,91,111,41,57,39,47,61},
{248,251,250,226,163,171,184,201},
{217,210,211,205,196,198,214,249},
{98,102,123,47,125,97,110,81},
{94,80,87,90,76,26,6,104},
{251,226,224,237,254,183,177,202},
{35,112,55,39,61,55,33,79},
{205,209,149,150,128,157,131,240},
{42,43,84,94,86,91,93,99},
{143,133,152,205,211,207,175,234},
{67,68,69,66,63,55,33,10},
{248,220,192,192,212,216,212,177},
{189,190,191,229,228,239,230,209},
{216,223,194,221,217,214,223,241},
{13,12,3,8,19,120,80,57},
{3,13,76,50,33,3,28,106},
{39,56,59,36,34,47,32,10},
{53,127,113,56,119,117,111,21},
{194,221,220,192,220,221,217,234},
{90,64,92,68,66,79,88,106},
{154,139,197,195,142,240,128,170},
{113,109,108,102,24,7,0,67},
{175,188,188,186,164,186,164,135},
{6,7,37,93,39,3,57,106},
{178,144,145,199,205,57,55,251},
{8,90,10,26,11,22,15,32},
{45,31,3,8,93,67,95,121},
{92,68,90,68,66,79,88,106},
{35,39,44,37,61,59,32,10},
{208,214,219,204,133,156,154,249},
{178,183,182,48,109,51,51,253},
{249,234,163,237,184,242,255,217},
{215,213,222,213,133,131,174,187},
{102,123,115,11,100,31,24,81},
{8,16,26,12,18,12,10,32},
{200,200,194,143,139,134,135,224},
{134,131,131,155,140,159,155,177},
{80,89,67,68,66,88,65,112},
{77,33,34,54,38,54,101,63},
{224,224,227,154,155,185,228,208},
{136,180,160,170,193,194,195,229},
{135,239,248,253,250,251,132,175},
{175,208,208,214,208,212,200,224},
{129,222,222,156,192,195,186,237},
{238,152,230,156,146,153,153,167},
{39,36,63,33,39,60,107,16},
{102,118,27,59,56,55,58,87},
{106,104,101,110,117,121,122,67},
{187,178,184,160,183,190,185,138},
{148,133,161,255,163,224,158,203},
{34,34,42,58,79,95,121,17},
{246,170,220,205,202,207,200,129},
{58,115,61,104,34,47,56,10},
{171,168,161,190,186,180,160,135},
{108,96,108,117,63,124,118,13},
{245,228,156,228,158,230,255,170},
{225,226,226,225,236,225,255,209},
{199,130,252,149,236,202,203,161},
{240,250,228,254,228,226,239,201},
{120,121,96,122,121,100,127,80},
{153,208,208,200,197,206,211,225},
{67,1,1,2,3,12,13,47},
{153,146,142,133,144,143,136,185},
{252,226,254,247,247,186,166,149},
{10,20,14,4,9,2,3,37},
{161,161,163,186,185,164,191,144},
{61,50,59,34,32,61,34,17},
{37,36,0,34,39,3,28,106},
{149,130,160,132,129,255,188,202},
{233,238,147,155,149,150,146,160},
{30,29,27,3,24,7,3,41},
{2,27,6,28,17,10,2,45},
{252,216,196,204,216,212,216,181},
{188,167,163,176,185,160,161,141},
{0,73,84,85,24,21,6,48},
{56,55,59,38,49,126,124,13},
{72,108,103,97,125,38,58,1},
{73,86,4,184,173,162,171,125},
{26,21,26,3,24,4,24,43},
{127,110,78,19,20,20,105,32},
{253,224,225,250,248,245,231,208},
{59,36,53,36,34,47,34,10},
{57,105,59,34,45,59,37,17},
{160,162,160,182,170,184,198,147},
{133,250,133,132,253,250,233,202},
{113,96,102,107,100,123,123,72},
{129,142,152,138,144,150,155,181},
{124,123,89,7,7,119,9,51},
{1,70,15,28,29,26,69,101},
{218,217,222,219,195,220,222,232},
{91,90,85,85,94,87,80,106},
{11,11,2,6,29,68,63,101},
{35,36,93,93,89,88,74,106},
{236,240,177,133,150,202,203,221},
{121,105,119,107,5,35,61,72},
{181,135,128,162,222,223,192,234},
{218,194,192,205,222,151,195,234},
{161,160,163,255,167,160,167,144},
{47,20,28,125,106,107,108,31},
{241,242,233,239,228,247,242,217},
{44,42,39,32,33,59,56,5},
{245,154,156,157,225,159,255,170},
{240,138,244,245,140,241,142,185},
{131,139,243,157,225,195,128,170},
{185,171,170,185,166,165,190,145},
{46,14,86,93,81,80,71,97},
{198,223,219,216,209,200,195,245},
{144,153,130,129,156,135,131,169},
{253,231,225,234,246,233,242,213},
{65,30,31,59,58,66,64,113},
{176,191,180,185,169,230,228,133},
{117,126,120,112,61,61,48,77},
{122,72,94,93,73,91,23,57},
{192,201,211,210,215,200,222,224},
{85,75,87,39,48,74,52,117},
{52,106,107,71,64,62,50,5},
{203,193,213,204,213,209,222,248},
{209,143,211,243,246,244,227,189},
{237,145,143,142,148,219,223,176},
{99,98,108,18,7,35,96,74},
{192,198,203,193,197,198,217,233},
{12,16,81,37,54,106,115,61},
{123,98,96,109,102,125,96,74},
{124,5,122,2,1,0,13,51},
{44,36,107,19,33,1,35,73},
{61,65,46,17,104,109,108,29},
{102,105,104,21,18,21,18,87},
{145,237,250,133,133,135,135,177},
{124,100,104,120,100,97,97,9},
{183,179,173,183,173,248,170,128},
{83,71,77,80,5,27,7,33},
{192,200,199,164,179,204,177,248},
{131,135,140,156,159,157,156,170},
{153,146,137,141,150,143,137,185},
{47,50,63,20,13,2,26,29},
{92,77,29,31,23,103,112,51},
{237,247,242,209,200,206,195,221},
{25,61,62,106,102,108,96,80},
{5,122,121,116,125,126,112,74},
{137,245,154,157,226,231,195,169},
{11,12,23,19,17,1,4,35},
{248,251,243,139,229,159,187,209},
{122,6,6,8,9,13,3,53},
{248,243,248,251,224,159,191,202},
{226,225,235,228,251,236,255,208},
{32,49,53,58,43,100,123,23},
{25,22,7,64,91,92,23,53},
{238,232,165,165,168,173,161,199},
{96,115,118,118,104,101,110,64},
{169,213,186,189,194,190,192,137},
{144,155,131,135,140,133,134,168},
{38,123,124,124,1,126,98,74},
{209,195,182,204,129,129,140,233},
{96,120,123,125,97,124,122,72},
{189,182,171,144,138,149,146,157},
{125,126,97,54,35,61,62,77},
{234,232,244,209,212,208,202,221},
{243,232,180,243,163,176,185,139},
{137,136,250,245,247,247,232,192},
{158,174,140,168,140,143,171,193},
{193,206,214,205,210,208,221,247},
{76,88,84,88,89,19,80,56},
{248,226,226,252,131,181,167,207},
{162,166,163,185,164,163,160,145},
{8,18,16,1,84,6,11,37},
{143,240,141,247,242,253,242,192},
{208,216,212,221,242,223,194,181},
{235,228,250,231,231,241,245,211},
{250,236,254,254,254,227,174,136},
{149,143,224,204,214,193,195,160},
{121,122,126,99,55,101,127,72},
{118,126,122,122,100,125,125,71},
{96,102,107,124,53,42,42,73},
{96,97,124,126,101,96,127,72},
{124,88,126,92,37,121,95,16},
{182,190,186,163,214,172,225,135},
{198,203,179,164,222,160,191,234},
{159,157,134,157,128,155,159,173},
{61,37,37,35,61,122,112,15},
{124,117,58,76,93,90,95,16},
{45,32,46,37,45,47,59,21},
{157,195,196,221,197,223,217,234},
{103,105,126,97,122,120,117,79},
{210,191,190,252,216,163,220,141},
{136,249,215,213,222,213,133,185},
{226,225,253,226,228,252,255,208},
{232,249,178,252,248,176,226,200},
{49,58,32,32,34,59,38,17},
{168,183,177,175,171,168,161,131},
{17,30,15,56,116,110,99,61},
{35,101,104,96,106,110,6,79},
{80,75,95,81,64,67,75,101},
{185,170,227,255,172,227,179,153},
{121,126,125,98,97,124,103,72},
{168,250,247,240,241,227,238,213},
{6,114,108,113,114,109,105,63},
{133,150,139,136,153,131,139,165},
{24,23,27,30,21,20,6,32},
{185,219,241,251,233,253,254,151},
{20,19,14,105,109,98,112,61},
{227,178,250,169,164,186,183,145},
{8,117,10,9,13,14,17,57},
{117,42,43,45,82,47,45,25},
{64,95,75,64,92,90,87,113},
{47,63,37,47,57,39,32,73},
{50,54,43,127,45,63,55,1},
{138,159,187,232,233,234,235,213},
{252,248,227,254,231,227,240,202},
{94,69,92,90,87,72,1,115},
{127,96,61,62,63,100,100,79},
{251,144,184,182,173,244,156,213},
{224,158,174,242,245,244,137,192},
{89,86,95,76,72,76,84,117},
{11,9,27,1,29,97,112,57},
{229,236,146,135,128,153,158,203},
{214,211,212,173,165,175,172,153},
{210,213,212,222,160,108,48,251},
{239,183,177,177,181,168,180,131},
{255,252,243,139,154,230,158,209},
{79,13,31,125,97,29,10,61},
{18,15,108,66,73,64,6,32},
{8,36,32,41,110,16,97,74},
{99,29,38,36,113,111,115,77},
{159,232,240,247,243,235,247,191},
{73,53,91,92,93,33,3,105},
{165,189,165,164,174,227,255,138},
{163,163,164,184,164,186,210,149},
{101,26,20,28,29,27,24,42},
{198,220,223,217,221,210,195,237},
{135,132,137,155,158,133,156,175},
{240,239,239,211,200,206,195,221},
{140,162,166,183,191,191,182,205},
{93,22,64,77,70,89,73,106},
{100,37,41,58,102,118,53,74},
{193,223,219,216,209,203,206,245},
{34,38,50,58,54,51,121,81},
{213,212,207,196,186,175,215,225},
{134,132,143,140,130,207,175,234},
{63,55,34,33,32,43,58,13},
{232,191,239,228,237,247,245,193},
{161,190,178,182,249,182,180,213},
{209,215,219,220,212,200,183,225},
{51,48,47,36,45,63,44,1},
{13,2,11,16,18,13,19,33},
{69,92,87,93,68,91,95,109},
{223,214,231,198,212,216,196,177},
{7,68,78,91,5,6,31,41},
{201,134,132,143,140,130,207,233},
{27,1,29,97,118,112,14,59},
{241,243,140,245,247,243,243,193},
{216,199,222,212,217,210,202,245},
{218,209,171,136,154,188,149,234},
{200,245,231,251,191,157,129,155},
{95,66,64,77,70,94,70,106},
{64,73,74,81,85,86,79,96},
{128,158,142,241,225,157,140,189},
{157,129,154,153,152,155,159,173},
{233,242,239,228,237,255,247,193},
{68,80,113,69,65,79,82,33},
{239,231,228,251,255,244,138,207},
{45,60,116,120,63,127,104,27},
{20,19,14,105,109,98,107,61},
{180,185,163,169,181,180,190,152},
{142,172,241,139,242,245,244,191},
{34,55,79,207,200,179,204,125},
{200,200,195,211,207,215,211,249},
{214,171,212,168,171,166,171,153},
{107,105,114,112,125,118,106,89},
{196,177,165,131,138,138,136,234},
{22,13,20,18,31,104,116,59},
{116,100,114,118,109,58,38,21},
{201,151,203,145,145,159,158,165},
{209,209,220,161,173,226,156,189},
{37,46,53,62,60,39,58,5},
{120,127,98,29,47,61,53,74},
{70,64,92,75,64,83,87,117},
{58,105,57,54,39,96,33,19},
{19,45,49,62,107,37,43,71},
{224,227,155,192,157,155,154,169},
{82,66,64,77,70,94,65,106},
{170,212,188,189,190,192,252,138},
{74,86,76,50,39,95,63,106},
{0,2,24,14,16,22,27,53},
{215,185,186,187,195,225,191,136},
{150,143,133,132,140,202,214,229},
{22,29,25,26,5,74,95,39},
{71,9,70,68,79,76,66,40},
{9,27,13,160,237,237,224,125},
{217,203,209,205,177,166,193,234},
{170,191,182,148,201,210,205,221},
{225,155,227,157,154,231,152,209},
{249,235,211,246,253,250,251,152},
{128,210,223,40,41,48,50,253},
{34,60,38,60,49,58,43,13},
{143,130,131,143,196,186,175,224},
{213,212,203,177,130,137,155,227},
{246,198,226,229,193,225,158,169},
{24,31,2,29,25,22,31,49},
{56,67,69,65,70,88,52,113},
{133,136,205,139,129,148,216,235},
{65,72,64,67,91,68,70,112},
{174,168,179,183,188,173,230,152},
{152,158,147,132,205,130,132,177},
{208,167,219,144,146,157,158,249},
{176,114,101,103,113,42,73,255},
{113,122,123,101,97,100,126,81},
{71,105,107,108,41,85,59,5},
{67,125,97,110,72,117,103,23},
{218,200,193,218,192,216,196,231},
{19,26,86,160,237,237,224,125},
{28,29,20,231,243,237,246,125},
{114,120,121,100,45,62,34,71},
{134,131,156,155,134,145,149,179},
{174,187,188,189,186,199,207,241},
{124,127,127,60,96,99,97,77},
{144,235,147,145,147,158,158,161},
{130,153,152,156,131,157,132,170},
{81,45,58,68,58,63,70,113},
{48,53,74,51,73,72,71,121},
{137,151,212,222,203,149,142,184},
{88,90,68,90,68,66,79,105},
{89,68,70,95,71,69,94,113},
{38,43,36,63,59,36,36,10},
{138,244,227,157,231,159,249,170},
{18,6,22,6,85,23,25,113},
{50,32,121,103,123,111,125,87},
{250,218,135,212,136,214,215,181},
{158,153,153,128,159,152,133,170},
{20,30,83,47,34,35,47,61},
{45,38,55,35,60,35,38,13},
{190,186,187,189,168,164,186,141},
{42,87,94,81,81,95,69,101},
{107,113,108,73,77,66,82,93},
{6,26,24,25,29,18,27,45},
{201,198,207,216,194,218,194,229},
{128,171,169,169,181,251,233,195},
{128,138,130,157,152,135,158,177},
{233,232,230,230,250,151,183,208},
{132,134,131,145,149,154,147,181},
{57,69,43,45,82,114,46,25},
{45,87,115,76,19,17,19,29},
{205,207,176,79,109,77,111,253},
{208,206,195,152,132,154,153,181},
{150,136,149,153,143,172,158,249},
{166,169,170,160,157,162,174,201},
{146,159,128,141,134,156,133,170},
{57,54,63,41,40,42,54,21},
{218,128,164,167,223,191,195,235},
{114,124,120,100,37,41,58,71},
{11,23,22,105,109,98,0,61},
{188,233,247,235,147,252,129,200},
{48,58,50,55,49,46,124,1},
{30,2,0,13,30,87,81,42},
{164,191,236,240,238,144,159,202},
{210,211,202,200,197,215,209,225},
{180,183,178,168,180,170,194,133},
{116,41,42,42,83,44,44,24},
{50,110,111,96,123,99,102,69},
{145,147,236,149,151,147,147,161},
{98,66,31,0,0,125,2,45},
{226,227,254,255,249,230,253,202},
{254,131,252,251,250,135,254,177},
{26,83,77,79,2,15,24,42},
{136,243,242,247,246,254,254,193},
{211,232,248,230,164,184,166,128},
{88,38,35,90,35,92,91,104},
{48,25,8,11,10,4,122,31},
{53,34,35,36,33,94,72,106},
{149,132,160,253,254,254,159,202},
{79,70,78,72,92,112,83,42},
{153,156,131,154,152,149,158,176},
{247,128,146,178,185,187,167,217},
{160,156,196,203,199,194,219,239},
{0,25,30,99,107,101,102,79},
{191,183,166,188,177,186,162,141},
{113,112,105,24,40,56,46,69},
{167,162,190,162,166,191,234,145},
{50,43,34,53,49,62,55,25},
{112,125,42,54,44,82,71,8},
{180,172,167,144,183,167,169,193},
{217,216,166,150,180,144,180,247},
{104,106,111,117,113,126,119,89},
{42,84,67,66,63,63,89,10},
{171,168,166,235,170,184,160,200},
{180,168,180,170,212,197,189,135},
{109,115,119,124,117,118,110,89},
{24,11,15,4,13,14,22,33},
{162,186,163,160,189,232,186,144},
{57,11,23,4,41,51,31,109},
{1,23,34,6,10,24,16,111},
{219,216,209,203,200,204,214,247},
{153,146,156,132,242,231,224,169},
{133,134,135,220,164,219,220,233},
{99,112,121,100,100,127,97,79},
{226,249,244,251,225,253,249,202},
{3,2,12,114,103,102,1,42},
{65,75,72,72,85,5,87,121},
{150,146,148,150,137,248,197,163},
{194,193,216,222,211,192,204,239},
{156,135,131,144,156,154,155,173},
{168,178,186,168,181,176,182,128},
{193,192,158,196,194,204,197,240},
{56,106,103,96,97,121,121,69},
{206,49,48,44,109,97,114,255},
{229,255,253,225,252,227,230,205},
{162,185,189,187,163,182,164,138},
{144,192,182,163,164,165,162,231},
{144,150,136,157,128,134,139,165},
{140,136,148,213,217,202,150,184},
{126,121,113,13,63,29,57,79},
{201,204,214,45,48,43,47,253},
{122,90,91,84,8,10,9,53},
{49,77,90,36,121,122,38,17},
{5,10,16,22,27,20,12,55},
{100,105,98,127,99,127,103,72},
{20,19,14,105,109,98,107,61},
{177,226,249,246,230,238,235,211},
{15,23,19,96,119,118,111,61},
{232,234,242,240,253,246,238,217},
{26,9,16,22,27,20,14,55},
{93,92,90,87,41,10,4,106},
{57,115,125,60,66,114,46,25},
{255,251,179,128,144,155,146,157},
{217,165,164,165,216,216,223,233},
{173,166,189,161,165,191,164,141},
{227,228,226,173,179,175,207,138},
{99,100,29,21,31,28,4,42},
{60,48,41,82,64,100,111,5},
{224,255,230,252,241,226,171,205},
{56,49,40,41,51,47,55,24},
{192,200,135,218,204,222,222,165},
{228,192,197,178,186,188,183,136},
{248,241,242,232,237,244,243,216},
{193,157,203,203,193,192,216,240},
{34,55,19,201,200,179,239,125},
{57,32,34,36,56,33,39,17},
{148,140,154,83,100,112,117,253},
{157,155,159,128,141,241,230,169},
{117,126,102,106,107,119,98,85},
{57,65,61,58,24,70,69,112},
{100,123,127,116,125,103,97,81},
{3,76,83,3,27,24,17,51},
{208,211,205,178,140,149,142,225},
{41,85,103,96,66,98,99,9},
{211,207,139,145,141,241,224,169},
{193,194,215,220,213,204,198,249},
{167,172,165,191,187,167,188,139},
{30,7,29,16,33,4,22,113},
{130,140,242,159,158,129,254,171},
{125,114,97,103,103,122,119,81},
{61,39,46,8,35,33,33,72},
{20,29,85,90,75,4,30,119},
{180,163,163,181,177,190,183,153},
{24,66,94,68,77,78,85,97},
{7,19,9,19,21,12,69,55},
{15,4,13,23,22,26,25,35},
{179,164,237,243,242,180,185,147},
{92,91,66,65,92,71,70,105},
{86,86,70,90,76,68,72,37},
{193,211,212,156,221,209,194,175},
{137,203,197,200,141,241,195,169},
{125,98,97,104,118,110,114,85},
{184,187,186,195,187,182,185,137},
{108,103,100,106,39,87,101,3},
{11,2,71,13,7,14,75,101},
{77,73,74,85,18,24,9,120},
{194,226,198,168,161,171,160,141},
{143,129,147,135,141,144,197,223},
{248,232,248,238,226,238,247,136},
{57,103,103,23,104,21,111,85},
{39,56,35,38,39,61,56,15},
{234,175,163,237,189,242,163,202},
{235,147,130,162,255,224,152,203},
{195,195,202,216,213,222,223,241},
{44,47,11,95,80,94,90,101},
{150,175,208,218,210,215,209,223},
{157,133,129,142,135,132,132,171},
{166,169,170,174,180,165,180,151},
{168,162,220,180,202,201,235,129},
{144,150,155,148,138,141,148,185},
{229,250,168,228,173,183,177,209},
{218,206,222,212,217,210,200,245},
{94,74,66,78,75,1,94,42},
{236,252,226,168,180,170,212,133},
{120,121,125,114,123,99,97,79},
{1,5,10,3,29,29,31,40},
{221,199,146,220,209,194,139,237},
{132,217,165,164,165,216,216,232},
{47,36,45,55,48,56,36,3},
{190,235,147,132,129,163,188,202},
{125,115,125,109,115,111,25,74},
{216,210,216,192,214,223,217,234},
{28,17,26,7,3,3,25,48},
{137,246,214,215,132,132,135,184},
{236,234,231,255,241,230,235,197},
{161,179,180,180,172,219,167,129},
{120,122,2,3,2,34,119,73},
{73,74,77,82,81,76,87,120},
{135,154,153,159,135,210,156,170},
{124,120,100,120,100,98,111,73},
{25,22,31,16,11,9,12,53},
{248,225,242,229,228,238,144,201},
{55,42,49,48,45,41,38,0},
{19,96,105,106,114,112,118,63},
{40,97,35,41,48,61,54,24},
{236,233,150,144,152,153,159,165},
{24,102,11,11,12,13,82,56},
{92,122,36,32,47,47,53,21},
{69,26,71,64,98,29,29,41},
{88,93,94,28,0,30,96,57},
{58,71,27,73,21,51,73,117},
{18,26,19,99,81,15,118,57},
{36,39,35,48,106,80,114,13},
{210,221,222,172,225,157,175,189},
{23,113,113,122,104,117,118,63},
{169,173,162,171,182,174,183,128},
{51,36,56,53,11,29,25,85},
{238,239,249,166,166,176,206,139},
{241,175,175,144,144,206,236,157},
{119,101,121,5,106,108,109,87},
{97,125,122,122,97,56,121,17},
{109,125,102,106,108,115,119,85},
{224,228,252,251,230,241,240,211},
{152,145,146,138,133,137,151,184},
{112,14,62,63,101,100,102,80},
{90,79,107,65,70,58,103,5},
{85,10,87,95,92,95,92,101},
{86,83,84,45,37,47,44,25},
{116,121,114,98,113,110,119,88},
{181,238,242,240,249,225,227,205},
{59,34,32,45,38,59,36,10},
{124,98,25,43,55,36,113,75},
{129,128,134,129,141,130,152,176},
{2,6,4,0,26,124,91,48},
{177,133,175,161,165,174,227,197},
{1,14,91,65,93,33,48,121},
{120,127,124,96,119,120,121,74},
{162,165,218,165,160,160,168,147},
{41,45,36,55,50,17,8,27},
{240,142,195,223,210,211,223,173},
{198,228,157,193,153,156,132,170},
{222,219,220,165,173,167,164,145},
{76,81,76,72,84,82,95,121},
{177,181,186,179,175,168,170,152},
{120,112,113,119,108,62,110,64},
{1,9,25,5,29,25,22,48},
{148,139,138,137,148,146,159,185},
{247,235,147,132,254,128,153,202},
{211,211,223,221,192,187,159,234},
{109,107,100,106,104,99,105,1},
{48,53,74,51,73,72,71,121},
{5,122,116,124,125,123,120,74},
{21,26,19,15,5,11,16,57},
{73,87,83,160,169,176,187,125},
{42,102,107,100,124,127,118,73},
{147,160,151,181,228,229,165,200},
{122,123,119,60,66,87,115,25},
{217,129,129,139,137,148,235,181},
{51,33,37,42,35,61,59,7},
{141,146,146,138,136,133,142,160},
{122,4,125,120,121,122,101,74},
{185,171,166,161,186,163,190,145},
{151,153,197,229,154,154,148,167},
{205,199,209,207,200,198,129,163},
{66,89,71,92,71,79,47,106},
{249,249,253,251,236,240,238,200},
{226,194,195,129,130,135,129,173},
{25,101,87,115,116,15,83,57},
{242,246,235,191,237,241,246,193},
{103,15,42,63,36,32,40,73},
{143,144,157,134,141,236,225,187},
{250,224,250,251,231,227,240,202},
{159,173,243,242,245,138,240,192},
{248,171,248,229,235,225,176,138},
{16,12,8,18,17,12,23,56},
{47,23,49,16,20,22,55,93},
{80,89,90,65,69,76,95,112},
{232,245,251,244,235,242,239,192},
{72,78,67,76,86,95,84,97},
{125,118,19,2,127,0,31,74},
{241,244,238,228,233,226,227,197},
{7,12,5,31,30,2,4,43},
{42,35,57,63,37,61,32,10},
{123,116,117,111,109,86,72,91},
{60,65,62,37,33,34,61,13},
{187,185,175,252,254,241,242,141},
{53,90,0,93,95,94,64,106},
{152,136,142,131,140,151,151,160},
{211,171,212,211,210,219,216,227},
{217,235,249,233,227,250,175,137},
{80,46,61,31,61,58,26,112},
{233,144,147,147,150,137,134,160},
{138,142,136,141,147,252,222,185},
{199,237,247,227,228,252,224,131},
{84,45,40,46,47,14,71,27},
{1,0,2,14,18,103,119,56},
{187,190,190,166,189,191,185,138},
{205,198,221,200,220,202,218,237},
{58,45,41,38,47,58,59,3},
{17,34,17,51,102,103,59,74},
{37,90,92,36,2,3,57,106},
{102,124,2,50,110,41,13,91},
{27,29,24,0,22,31,25,42},
{254,229,252,250,247,240,236,211},
{47,79,33,35,90,37,90,15},
{45,43,32,47,127,5,40,65},
{250,248,191,177,185,197,210,149},
{143,136,139,140,168,245,170,192},
{60,49,34,107,38,45,58,16},
{197,194,194,212,200,214,190,241},
{241,238,226,230,169,213,187,133},
{17,19,11,64,66,77,78,41},
{152,140,132,159,155,152,145,179},
{116,60,110,35,108,14,15,27},
{165,217,206,184,198,195,186,133},
{42,59,116,110,57,35,48,10},
{247,253,181,255,245,255,237,153},
{123,122,122,125,97,122,121,74},
{203,204,207,202,211,176,158,249},
{153,229,155,156,193,157,158,169},
{164,166,187,194,242,224,237,147},
{242,253,229,225,238,231,227,202},
{100,41,85,103,61,61,62,8},
{19,63,37,43,45,25,51,85},
{165,185,197,212,240,173,174,152},
{44,32,34,52,42,52,55,24},
{165,237,189,204,193,210,155,221},
{106,6,91,119,112,86,10,53},
{98,111,120,97,112,118,123,85},
{29,30,31,68,65,68,68,113},
{165,188,166,189,160,187,179,141},
{133,156,152,153,156,131,154,173},
{149,167,253,130,129,254,233,202},
{210,215,210,212,197,219,199,225},
{85,80,70,93,66,64,77,103},
{46,39,32,37,90,84,92,103},
{34,60,52,34,56,38,60,10},
{24,22,91,35,50,49,79,121},
{104,97,123,121,127,120,97,72},
{172,188,162,232,244,234,148,197},
{62,43,44,45,42,87,95,97},
{142,207,138,153,128,143,153,165},
{97,98,28,101,101,110,103,81},
{110,65,67,95,67,1,19,45},
{165,184,165,161,174,167,161,138},
{5,7,2,1,14,18,100,53},
{17,104,78,18,72,28,30,32},
{4,21,9,120,104,63,111,61},
{199,194,220,197,197,223,219,241},
{37,38,41,35,44,60,43,73},
{89,64,65,64,69,89,70,113},
{250,167,252,250,251,250,231,202},
{161,219,220,165,218,162,161,145},
{188,188,166,185,177,205,162,141},
{194,195,218,217,199,194,193,234},
{43,64,104,102,125,42,54,5},
{98,122,121,123,99,125,105,74},
{179,174,190,190,238,187,184,202},
{168,176,229,255,244,253,228,208},
{95,90,70,89,81,45,31,109},
{87,26,23,16,17,8,15,53},
{134,139,132,133,159,151,153,170},
{38,22,52,16,52,55,19,121},
{195,199,204,197,198,222,196,234},
{198,216,197,201,223,252,206,169},
{126,3,11,5,6,2,31,49},
{237,162,160,179,176,190,243,205},
{244,246,246,251,253,255,229,197},
{96,108,106,101,116,126,59,89},
{248,227,249,231,229,252,250,208},
{221,210,195,140,151,207,219,241},
{131,140,141,149,149,129,132,163},
{177,173,178,180,172,170,167,129},
{157,233,134,212,136,214,138,181},
{126,100,109,116,119,103,124,67},
{183,252,224,254,128,175,209,219},
{11,107,112,113,113,109,105,63},
{39,35,46,47,35,112,34,75},
{116,35,115,64,73,83,84,93},
{143,132,141,151,144,156,130,163},
{88,73,23,112,109,98,116,61},
{148,142,131,149,145,158,151,185},
{129,137,245,154,157,226,231,168},
{2,25,24,27,30,0,1,42},
{138,245,139,135,143,241,239,187},
{131,131,143,236,251,132,249,176},
{69,74,67,95,93,69,93,105},
{102,115,87,80,114,82,118,57},
{175,226,156,139,169,143,247,193},
{240,245,242,243,140,134,142,185},
{112,119,110,101,120,99,98,69},
{137,139,140,196,133,137,154,231},
{102,58,67,60,60,57,41,10},
{87,69,89,28,26,16,14,119},
{73,67,64,64,93,13,95,113},
{69,98,82,70,65,24,116,49},
{138,131,157,156,153,132,129,170},
{210,208,221,214,215,50,55,251},
{118,7,6,123,114,117,117,71},
{92,53,105,79,54,56,57,3},
{165,163,172,162,160,171,161,201},
{44,87,80,76,19,17,17,29},
{138,158,128,198,218,200,216,227},
{35,61,38,49,53,58,51,21},
{8,21,26,11,16,29,14,56},
{76,74,75,82,45,18,30,121},
{185,156,142,158,130,130,146,237},
{98,120,127,98,125,121,118,80},
{190,195,198,195,192,195,219,241},
{25,96,70,27,101,27,23,40},
{173,177,169,137,141,130,147,157},
{85,71,67,80,89,64,70,109},
{118,79,93,77,9,23,11,37},
{186,161,166,246,234,248,134,211},
{37,5,123,5,2,127,127,73},
{19,45,49,62,107,113,109,71},
{31,27,28,3,72,93,95,42},
{183,199,198,230,188,191,184,135},
{92,94,81,82,88,21,105,48},
{106,123,52,40,47,99,112,74},
{186,187,189,194,191,189,165,138},
{226,247,167,185,177,247,253,141},
{213,213,216,221,209,158,224,185},
{151,199,204,223,217,198,217,234},
{242,230,250,251,251,182,200,145},
{125,101,126,121,125,114,126,77},
{104,107,106,109,115,48,58,89},
{12,14,9,113,114,116,109,61},
{240,142,157,227,155,156,231,208},
{126,98,126,113,112,122,62,85},
{4,3,4,126,127,31,24,75},
{222,218,199,139,193,138,193,237},
{95,72,77,74,75,52,62,0},
{247,245,244,164,162,160,237,199},
{185,244,161,232,229,238,246,193},
{28,7,14,76,80,78,71,105},
{13,24,99,93,65,78,120,53},
{147,136,142,131,251,234,150,160},
{230,231,189,191,183,187,190,138},
{199,137,131,141,159,198,199,233},
{6,90,84,93,86,79,4,106},
{17,30,18,112,57,123,113,61},
{31,31,8,13,10,11,116,63},
{14,5,24,3,7,12,5,39},
{110,97,98,104,37,89,72,1},
{233,174,227,255,242,243,255,141},
{1,1,2,3,125,5,90,48},
{242,233,242,247,247,239,235,193},
{120,105,55,16,13,2,11,29},
{83,66,17,65,78,71,65,106},
{70,92,66,64,77,70,71,105},
{31,20,29,5,5,19,10,51},
{196,207,222,212,217,202,131,245},
{6,11,26,24,21,30,15,49},
{190,176,166,171,211,196,226,136},
{173,175,181,173,181,177,190,152},
{171,136,218,138,144,148,149,159},
{154,159,129,156,158,134,156,170},
{250,250,248,234,170,186,166,149},
{175,178,205,255,237,197,207,155},
{129,251,131,216,135,135,142,177},
{191,186,165,178,165,161,174,136},
{85,66,67,68,65,62,40,10},
{145,235,154,149,148,147,137,161},
{159,131,155,159,148,157,132,176},
{48,63,62,61,67,59,58,111},
{221,194,192,205,222,151,147,234},
{97,122,125,125,103,99,112,74},
{202,180,220,220,167,222,191,234},
{234,228,183,163,179,189,187,195},
{246,201,193,139,133,196,186,223},
{222,195,151,197,198,222,196,234},
{244,137,246,250,252,254,250,197},
{170,162,170,177,172,169,166,153},
{243,235,227,155,244,170,136,193},
{230,180,144,234,234,236,235,215},
{161,170,180,173,173,183,179,153},
{114,118,109,58,38,60,66,23},
{226,255,229,224,255,230,252,202},
{241,239,242,188,233,246,250,153},
{85,66,67,68,65,62,40,10},
{173,162,171,181,182,177,190,129},
{81,81,77,115,97,127,99,61},
{116,86,42,82,83,44,46,24},
{239,255,223,232,252,249,249,138},
{185,197,194,189,194,191,186,137},
{145,237,252,253,217,134,248,177},
{54,35,34,93,93,2,3,105},
{216,192,193,199,192,218,193,240},
{35,36,36,89,38,42,44,19},
{170,190,168,160,187,240,236,203},
{255,253,254,224,254,227,227,205},
{212,218,151,203,132,152,153,181},
{25,12,10,16,29,15,15,57},
{132,160,218,164,212,220,214,232},
{9,1,125,108,107,106,22,32},
{175,207,160,254,255,219,220,143},
{35,63,52,61,113,5,18,85},
{207,196,205,206,222,218,192,227},
{18,109,104,88,80,76,51,93},
{233,241,242,243,232,247,245,193},
{181,167,182,141,144,139,138,157},
{22,24,31,16,16,5,79,32},
{220,219,198,209,208,211,219,245},
{105,107,111,111,109,115,48,88},
{204,199,196,202,135,247,224,163},
{163,219,128,223,223,214,192,234},
{90,38,39,41,86,46,46,21},
{29,6,24,17,22,92,42,111},
{16,26,20,16,20,6,26,33},
{9,10,26,22,12,11,22,33},
{167,160,175,181,168,170,170,149},
{184,167,163,176,161,234,167,141},
{189,182,168,150,138,149,147,157},
{25,26,19,20,25,25,1,41},
{201,205,222,130,244,229,226,167},
{164,169,162,163,190,189,187,136},
{202,217,216,193,206,199,216,234},
{37,56,37,33,46,39,35,10},
{91,16,18,29,30,236,161,123},
{88,93,88,80,5,26,22,109},
{69,97,76,72,74,84,20,33},
{98,103,100,124,102,124,43,80},
{2,28,29,6,25,24,25,42},
{215,203,202,193,215,211,209,225},
{43,54,54,47,42,57,32,3},
{37,34,126,122,125,121,127,11},
{154,157,149,233,254,136,246,179},
{93,81,67,66,76,50,2,104},
{183,171,164,165,188,166,189,138},
{250,236,240,213,207,198,224,157},
{87,95,76,20,21,22,13,57},
{60,62,34,60,38,60,49,11},
{93,22,95,94,89,67,69,109},
{109,110,118,124,121,99,102,69},
{73,72,73,74,72,93,67,120},
{17,30,15,56,37,63,111,61},
{65,1,64,5,64,95,70,105},
{51,52,47,42,40,9,12,27},
{39,47,60,100,18,7,0,73},
{130,222,168,177,182,179,180,245},
{143,197,130,136,153,199,175,234},
{171,164,188,185,182,189,167,139},
{193,206,223,136,196,151,223,237},
{65,78,71,88,68,91,94,109},
{77,76,84,77,86,65,64,99},
{72,86,40,72,73,75,23,117},
{242,236,242,240,253,246,238,217},
{190,187,150,142,146,150,130,221},
{0,13,20,125,83,83,74,56},
{48,78,93,35,93,37,95,16},
{250,133,132,133,132,128,128,179},
{89,89,65,90,69,77,49,104},
{49,121,125,96,109,102,122,73},
{49,47,43,40,59,56,34,5},
{36,47,41,53,110,114,112,74},
{206,230,250,254,234,226,238,135},
{65,71,71,86,41,27,9,117},
{83,160,169,183,179,180,170,127},
{3,11,69,75,14,112,127,42},
{201,208,208,207,215,208,206,225},
{77,78,84,82,12,122,80,57},
{125,126,127,60,97,106,100,77},
{192,189,197,204,195,207,202,241},
{66,93,70,72,65,83,82,117},
{202,219,148,216,214,195,208,234},
{252,250,247,251,173,250,191,213},
{95,92,96,116,118,29,30,48},
{218,245,233,242,248,236,205,153},
{134,152,133,137,159,188,142,233},
{213,138,215,132,220,221,217,229},
{57,97,96,110,96,122,4,85},
{130,155,156,149,179,135,135,237},
{123,108,37,109,127,63,81,91},
{170,184,181,190,174,175,178,147},
{37,90,37,91,87,95,65,106},
{86,93,80,74,86,79,85,53},
{24,23,24,24,110,3,95,45},
{124,100,121,41,123,102,96,79},
{9,15,0,6,4,15,5,101},
{74,83,82,77,76,70,56,97},
{70,86,74,88,38,51,50,117},
{146,148,255,240,234,227,246,213},
{42,43,9,47,46,91,93,99},
{138,144,151,141,140,134,248,161},
{187,186,195,187,182,185,169,138},
{203,215,147,137,149,233,248,177},
{42,87,83,93,88,68,56,101},
{109,50,50,54,51,46,88,1},
{189,160,166,171,164,188,187,136},
{118,109,116,114,127,80,72,91},
{204,212,200,195,213,212,215,248},
{85,30,94,94,69,74,67,101},
{201,179,180,205,178,202,201,249},
{193,229,230,196,195,188,187,136},
{209,224,173,173,160,165,169,191},
{161,186,188,187,167,242,188,138},
{96,123,127,116,125,101,110,81},
{131,134,157,132,135,134,144,170},
{85,80,89,93,69,54,36,103},
{252,227,250,248,245,254,239,209},
{243,226,229,228,238,166,182,202},
{254,209,211,175,179,241,227,189},
{252,231,236,229,247,249,255,202},
{47,57,56,101,17,0,60,74},
{12,117,119,115,115,121,103,67},
{69,88,94,83,92,70,68,112},
{184,186,231,189,180,185,187,137},
{38,33,56,37,34,32,62,17},
{103,36,38,41,42,32,109,71},
{153,145,215,221,208,149,211,176},
{200,143,159,133,143,153,135,232},
{117,58,76,93,90,95,88,17},
{34,52,40,61,39,46,31,69},
{99,123,127,116,125,100,99,81},
{23,16,8,2,22,8,20,55},
{210,226,198,252,160,162,220,141},
{102,127,98,99,124,127,123,81},
{147,225,226,249,229,224,255,200},
{152,213,209,207,196,205,215,224},
{118,111,110,104,22,38,122,69},
{24,2,30,6,26,24,21,47},
{15,21,11,15,4,13,17,32},
{105,119,107,5,35,61,59,73},
{21,26,22,20,15,10,18,57},
{141,158,131,144,153,130,152,173},
{23,104,118,107,110,117,108,63},
{162,161,163,163,249,251,243,205},
{120,126,124,98,127,127,121,74},
{74,55,49,49,48,36,88,5},
{224,178,178,188,248,240,251,153},
{81,94,87,177,178,187,174,125},
{72,68,76,3,123,20,22,32},
{99,74,88,84,72,76,92,55},
{85,70,15,30,29,86,91,117},
{67,7,3,14,15,3,80,106},
{97,65,70,124,125,39,37,13},
{180,168,233,237,254,162,187,133},
{169,132,158,131,139,157,162,234},
{240,248,244,225,185,167,187,149},
{149,135,135,141,149,154,147,181},
{167,160,190,161,165,191,187,145},
{255,226,224,237,230,231,225,202},
{29,82,80,35,32,46,99,61},
{122,121,120,127,123,111,36,74},
{181,168,253,227,255,191,174,219},
{80,87,88,91,77,7,9,105},
{216,194,192,205,198,222,194,234},
{109,38,107,5,77,66,75,93},
{61,63,57,60,55,72,102,9},
{101,71,29,21,30,23,16,42},
{69,74,91,20,9,89,67,105},
{75,76,4,69,73,90,6,40},
{79,65,85,72,85,81,94,120},
{122,4,124,117,121,124,102,74},
{255,244,253,254,230,238,224,211},
{143,189,227,226,229,154,224,208},
{77,78,74,176,179,183,179,125},
{103,122,121,100,98,111,97,74},
{248,234,245,247,237,236,239,192},
{114,98,126,100,26,15,119,65},
{133,138,131,157,156,152,159,169},
{37,51,61,55,48,120,57,81},
{61,36,62,53,40,51,50,21},
{64,72,7,119,102,101,100,37},
{79,54,12,17,6,14,71,97},
{96,8,44,48,48,36,40,64},
{229,228,227,156,231,230,132,170},
{103,99,121,123,97,123,121,74},
{81,69,99,106,106,104,49,11},
{158,182,180,175,252,224,254,216},
{134,152,216,204,208,206,176,233},
{34,32,45,38,60,33,40,11},
{73,28,78,67,76,93,94,96},
{221,141,223,201,200,201,203,245},
{234,255,233,213,243,238,234,153},
{16,20,9,72,26,74,14,101},
{240,250,230,253,253,247,230,201},
{193,202,212,214,213,201,223,225},
{121,44,126,115,124,125,100,80},
{158,190,136,138,139,111,111,251},
{254,228,251,226,229,237,145,200},
{76,74,84,73,84,82,95,121},
{95,84,93,79,70,83,75,115},
{190,173,143,171,213,175,168,225},
{240,241,244,251,240,245,235,191},
{121,120,111,57,63,114,12,77},
{145,149,154,147,142,137,147,184},
{56,64,63,56,57,59,32,8},
{139,217,195,195,198,222,199,240},
{161,162,255,215,228,211,241,137},
{9,87,87,91,80,88,83,101},
{13,14,21,25,26,3,6,37},
{105,67,69,65,74,7,111,42},
{233,235,235,236,233,236,238,217},
{195,207,200,216,141,147,143,169},
{14,23,22,96,30,115,47,61},
{236,194,198,215,223,223,214,173},
{122,96,126,100,122,120,117,79},
{135,153,159,141,131,141,138,233},
{139,135,204,178,223,131,193,234},
{120,126,115,100,45,102,121,81},
{162,187,167,189,167,163,176,138},
{156,148,143,220,192,222,160,249},
{91,88,66,69,77,49,3,105},
{101,97,106,124,10,58,24,81},
{131,132,155,208,197,215,212,179},
{57,37,56,37,33,46,39,9},
{29,27,0,27,31,20,29,47},
{104,121,54,52,63,60,50,88},
{224,244,206,230,249,255,255,133},
{45,43,47,51,42,55,51,25},
{250,169,249,246,255,233,235,211},
{247,147,182,189,186,187,255,217},
{222,139,145,141,241,224,128,170},
{183,150,140,144,138,136,133,159},
{169,239,253,227,255,191,168,219},
{245,254,228,238,242,236,232,213},
{94,70,90,9,89,86,95,113},
{181,190,164,172,180,171,170,149},
{196,133,137,154,198,176,185,234},
{196,233,243,223,221,210,216,176},
{22,9,18,8,20,17,17,121},
{133,151,147,224,233,250,245,189},
{111,100,109,117,126,126,102,67},
{180,252,189,177,162,254,136,209},
{0,27,31,20,29,5,7,49},
{7,68,58,47,87,39,32,99},
{155,160,176,174,236,240,238,200},
{74,73,84,79,75,72,65,99},
{194,217,198,217,209,173,194,237},
{122,112,61,65,47,76,16,27},
{74,78,83,7,85,73,78,121},
{188,162,220,205,204,207,200,129},
{136,223,143,132,141,159,151,161},
{74,67,93,84,88,66,66,106},
{156,130,128,141,134,153,132,170},
{33,119,119,101,100,124,36,77},
{53,58,51,52,44,46,45,25},
{176,169,180,161,165,170,163,133},
{131,132,134,133,135,128,131,179},
{78,3,115,100,97,102,127,42},
{172,180,184,168,180,177,177,217},
{95,49,50,51,75,105,55,0},
{35,7,93,94,90,89,94,106},
{232,232,245,165,239,152,135,219},
{199,192,195,231,189,189,186,136},
{204,207,216,193,208,211,210,245},
{171,177,173,172,173,176,206,139},
{71,5,23,5,25,101,114,53},
{24,25,20,1,14,7,1,42},
{45,34,43,54,55,50,40,1},
{83,82,73,62,0,25,2,101},
{210,214,203,202,196,128,136,224},
{164,166,175,162,218,232,254,149},
{93,123,2,88,0,2,14,49},
{69,122,123,96,86,119,103,13},
{144,234,232,229,235,230,226,217},
{136,130,157,230,218,194,225,177},
{61,98,62,32,41,32,33,13},
{44,42,39,56,113,107,61,5},
{138,155,212,153,152,131,144,170},
{227,235,147,253,255,254,224,202},
{201,203,178,196,202,206,203,249},
{111,37,88,100,98,106,48,10},
{123,116,110,110,106,77,80,91},
{232,225,254,254,227,244,231,200},
{196,214,224,204,204,202,195,161},
{148,129,217,199,219,204,133,247},
{85,94,64,74,52,0,92,103},
{138,244,156,226,159,195,129,170},
{193,199,203,204,196,216,167,241},
{243,249,240,227,235,169,161,199},
{135,149,137,245,228,156,228,167},
{79,83,75,79,68,85,30,96},
{153,150,140,240,205,223,195,160},
{154,226,149,156,159,154,158,170},
{105,21,4,5,124,7,126,73},
{153,137,150,145,140,138,135,161},
{85,24,3,16,1,74,3,45},
{42,13,16,16,21,13,88,31},
{60,49,34,107,45,32,58,16},
{175,235,241,237,230,248,226,202},
{1,30,76,16,8,8,14,53},
{165,168,173,161,238,144,188,202},
{44,82,95,91,81,49,67,101},
{43,55,40,44,52,50,63,25},
{61,38,59,56,49,50,42,21},
{238,242,246,226,234,230,227,128},
{124,104,100,104,105,35,96,8},
{241,254,238,213,205,194,210,221},
{38,63,56,61,66,76,68,111},
{128,136,137,143,148,198,150,184},
{113,62,61,33,46,39,34,10},
{113,13,63,101,101,25,102,81},
{131,200,202,197,198,196,137,163},
{253,244,137,185,163,183,128,205},
{30,2,0,13,6,30,4,42},
{25,27,26,29,28,0,65,41},
{250,229,228,245,225,251,249,202},
{189,191,191,168,164,188,209,141},
{79,86,0,13,6,7,1,42},
{39,57,58,10,30,24,115,85},
{175,184,165,171,190,166,167,143},
{119,83,87,77,90,77,69,95},
{105,110,104,113,106,73,77,91},
{19,28,31,1,26,12,72,39},
{26,2,0,13,6,30,3,42},
{42,10,87,39,32,89,91,101},
{34,57,56,57,39,34,33,10},
{156,143,139,136,129,130,154,165},
{163,232,253,255,252,192,212,141},
{155,152,152,133,213,135,132,170},
{76,87,79,77,86,172,161,123},
{72,78,67,82,83,74,71,97},
{212,136,214,242,245,141,241,184},
{181,167,177,254,131,175,169,193},
{126,120,120,117,121,122,121,74},
{123,101,34,40,57,103,120,74},
{143,141,145,130,157,156,141,175},
{112,118,123,104,108,114,127,89},
{218,165,129,167,223,193,193,235},
{170,185,199,177,201,179,180,245},
{58,40,12,7,1,29,70,96},
{128,155,148,161,150,134,131,239},
{232,225,254,254,251,224,252,200},
{183,183,170,249,169,166,183,129},
{225,227,156,229,231,227,227,209},
{219,164,221,221,222,217,194,234},
{104,22,123,4,3,2,34,72},
{42,43,43,102,122,104,22,67},
{149,135,135,235,240,242,242,189},
{5,26,23,16,8,12,16,53},
{198,155,229,156,157,156,131,170},
{52,61,36,35,40,59,63,13},
{157,214,152,134,157,146,155,173},
{200,193,194,216,213,169,190,241},
{28,7,3,16,25,3,6,45},
{98,99,126,120,120,102,125,74},
{221,210,219,197,199,198,220,241},
{225,229,234,227,252,230,254,200},
{27,2,0,13,30,87,8,42},
{130,131,157,156,153,134,157,170},
{4,9,2,26,30,25,30,40},
{35,34,44,82,71,99,32,10},
{178,176,185,165,190,167,188,143},
{97,93,64,93,65,95,88,49},
{226,248,252,253,227,247,230,202},
{242,253,254,204,129,209,158,157},
{50,61,61,52,46,50,48,10},
{246,240,230,249,226,224,237,199},
{6,115,108,118,118,109,105,63},
{57,29,67,31,68,69,71,112},
{187,168,189,178,161,166,172,143},
{148,139,146,149,148,158,222,185},
{40,39,59,56,58,110,59,21},
{1,9,70,68,79,76,66,40},
{9,86,46,89,88,91,91,101},
{169,179,174,146,151,139,143,157},
{37,41,51,0,9,10,18,29},
{208,193,159,231,240,245,242,181},
{158,149,136,147,146,144,157,183},
{130,159,156,130,159,159,153,170},
{70,71,30,30,30,22,30,42},
{3,29,29,7,2,1,24,43},
{220,219,198,209,213,218,211,245},
{74,67,95,91,86,64,68,106},
{255,252,255,255,228,251,255,205},
{136,144,151,136,145,140,138,160},
{141,241,240,248,240,251,246,189},
{197,223,220,195,193,221,194,237},
{168,190,182,250,132,163,182,209},
{118,116,106,105,116,111,107,65},
{75,72,67,82,39,55,17,121},
{139,136,129,155,152,129,153,167},
{212,211,202,217,208,221,194,229},
{94,90,95,95,64,66,90,109},
{173,163,171,179,175,183,179,153},
{66,71,62,89,32,91,35,13},
{128,142,195,187,212,214,215,225},
{141,145,158,129,132,155,130,165},
{8,19,22,10,9,20,15,32},
{153,155,128,218,198,220,205,247},
{38,43,36,56,63,60,63,10},
{88,67,71,65,89,76,66,112},
{220,194,137,131,138,207,130,234},
{149,132,252,132,254,134,159,202},
{166,168,191,164,160,188,191,144},
{198,195,216,204,204,223,219,241},
{80,75,74,77,69,18,15,97},
{131,191,157,187,186,205,205,239},
{124,98,28,117,117,118,119,65},
{110,101,120,99,103,108,126,71},
{189,189,160,173,190,247,242,138},
{94,121,109,99,125,127,113,10},
{45,59,36,49,53,58,51,21},
{243,234,245,234,185,233,230,192},
{195,197,196,221,197,218,217,234},
{67,77,12,114,103,67,92,42},
{190,147,142,187,150,158,158,245},
{165,217,200,228,198,186,194,133},
{6,11,28,85,28,22,28,42},
{239,228,237,238,242,249,224,195},
{204,180,181,183,183,184,177,131},
{25,86,84,95,92,82,31,57},
{151,197,142,131,148,221,145,160},
{52,44,51,55,45,44,38,0},
{179,167,183,177,183,168,231,193},
{5,4,30,21,8,19,23,53},
{196,220,198,203,221,217,214,240},
{16,22,27,20,21,6,13,57},
{11,17,9,105,60,110,99,61},
{209,218,194,194,204,219,193,241},
{108,97,105,99,7,117,56,88},
{143,193,145,222,151,203,200,224},
{0,0,11,23,28,98,14,56},
{95,87,68,28,106,127,120,49},
{81,218,200,236,231,225,253,127},
{159,128,221,131,132,132,141,175},
{44,33,42,53,52,53,41,0},
{253,157,176,140,142,144,176,221},
{18,111,103,81,82,86,75,93},
{26,102,102,104,16,104,111,85},
{6,11,4,30,29,4,1,42},
{1,74,85,1,25,22,6,49},
{172,173,172,139,152,151,138,157},
{39,62,53,36,34,47,56,10},
{84,82,83,67,88,90,88,101},
{212,210,223,40,41,54,54,253},
{117,85,42,85,84,45,42,25},
{14,117,71,91,80,118,79,32},
{189,189,161,231,245,235,247,209},
{39,40,109,17,35,31,24,75},
{241,244,246,253,231,136,170,197},
{177,250,225,226,169,166,175,129},
{230,230,179,201,228,226,227,135},
{94,37,23,11,0,54,25,112},
{20,109,101,111,108,84,73,91},
{162,191,186,165,161,174,167,137},
{254,208,229,208,240,167,184,138},
{149,137,134,171,181,153,159,240},
{216,198,255,217,207,193,212,170},
{253,170,183,133,143,194,143,221},
{229,235,250,249,228,255,251,209},
{47,56,35,32,56,37,34,15},
{126,124,61,76,53,59,55,17},
{161,174,167,161,169,191,164,141},
{113,115,117,106,104,101,110,64},
{12,13,4,23,3,29,6,109},
{165,166,189,185,188,163,186,141},
{122,108,112,85,79,70,119,29},
{190,187,183,135,161,183,163,209},
{94,34,92,93,36,33,47,17},
{37,60,56,59,32,35,58,13},
{50,120,120,97,110,127,126,74},
{76,74,71,88,17,91,91,101},
{157,130,142,130,205,177,166,233},
{236,192,202,222,156,128,131,184},
{7,53,107,106,109,18,104,88},
{213,169,174,217,166,219,222,229},
{192,202,194,199,193,222,140,241},
{45,34,36,47,55,92,116,21},
{141,130,139,149,150,151,138,161},
{151,212,163,220,148,152,223,249},
{73,72,86,91,77,75,82,120},
{45,41,54,45,44,55,98,25},
{45,62,33,56,32,57,34,13},
{250,254,231,250,229,225,238,200},
{124,124,100,122,100,103,111,73},
{41,42,119,121,122,127,124,69},
{129,179,183,176,188,184,176,209},
{34,32,45,38,62,35,41,11},
{41,115,115,113,105,21,4,69},
{83,28,0,1,66,74,84,32},
{90,44,32,36,32,56,36,19},
{20,9,89,11,12,20,18,32},
{145,149,155,134,135,213,203,240},
{194,211,194,192,205,198,221,233},
{185,187,179,241,251,242,183,145},
{216,198,217,196,199,207,175,234},
{0,126,115,127,117,21,103,73},
{92,71,58,4,31,4,26,104},
{57,43,83,60,98,62,124,10},
{160,186,186,186,161,188,186,136},
{121,99,103,108,101,127,126,73},
{97,29,114,116,117,118,43,65},
{212,217,210,201,205,204,211,248},
{181,183,206,186,176,179,179,133},
{216,222,211,220,198,199,199,241},
{255,191,209,173,210,136,212,223},
{232,225,251,253,245,224,251,200},
{34,35,63,62,39,34,33,10},
{57,54,54,52,37,89,78,1},
{18,78,87,68,73,66,90,101},
{99,117,109,107,114,112,125,87},
{41,43,40,44,46,40,49,25},
{97,127,60,54,35,125,102,80},
{177,239,179,175,214,212,215,221},
{128,221,138,139,140,132,158,176},
{209,146,205,128,141,156,155,169},
{249,128,251,131,129,131,142,176},
{9,117,98,99,65,30,31,41},
{183,169,190,224,224,234,174,197},
{253,182,187,174,173,168,179,153},
{231,185,186,187,166,188,187,144},
{76,87,83,160,172,178,251,125},
{51,62,56,35,84,70,126,10},
{128,150,140,146,193,145,158,184},
{25,22,5,11,10,22,27,53},
{162,161,164,166,184,169,169,147},
{25,7,27,99,116,113,118,57},
{102,107,100,123,123,122,127,74},
{166,235,147,253,162,163,224,202},
{164,169,184,178,160,173,190,136},
{233,243,243,243,232,247,241,193},
{28,102,103,104,108,107,104,85},
{119,34,35,103,38,103,34,9},
{169,173,162,171,182,176,180,128},
{26,56,57,31,102,96,109,83},
{221,193,215,217,216,219,211,237},
{137,152,158,147,156,134,157,176},
{26,9,16,22,27,12,69,55},
{193,202,215,220,205,134,206,249},
{77,6,27,183,173,162,171,125},
{46,98,100,54,127,124,124,74},
{188,186,183,199,208,213,210,149},
{79,11,17,13,113,96,92,42},
{89,16,18,8,5,14,18,33},
{233,235,148,237,239,235,235,217},
{97,98,125,121,100,99,126,73},
{254,153,224,234,225,236,236,207},
{145,158,131,135,140,133,159,168},
{231,250,229,225,238,231,231,202},
{9,8,115,12,11,12,119,64},
{138,192,205,198,221,195,197,235},
{191,189,188,162,191,191,185,138},
{182,179,202,179,204,203,207,249},
{142,243,138,141,246,243,254,193},
{152,135,158,148,153,151,139,181},
{124,80,86,45,32,54,42,61},
{90,88,31,17,25,101,11,53},
{114,108,5,43,43,50,103,65},
{92,13,64,77,70,93,65,106},
{106,104,101,119,117,113,101,67},
{222,195,205,192,236,192,220,170},
{53,62,41,102,100,111,108,7},
{90,34,37,1,2,91,67,106},
{86,169,161,230,236,164,236,127},
{106,2,34,62,58,46,62,74},
{80,86,91,76,5,74,26,121},
{86,23,31,12,84,85,86,120},
{17,11,15,4,13,17,7,57},
{236,161,221,178,181,204,207,128},
{206,79,53,52,59,48,43,255},
{152,213,213,216,221,209,158,184},
{85,66,60,97,98,62,124,10},
{70,71,75,8,118,27,26,37},
{38,2,5,33,1,126,25,74},
{244,237,226,142,161,177,174,192},
{16,106,18,19,108,17,107,89},
{15,19,19,79,95,239,243,123},
{51,93,112,76,78,80,3,29},
{29,22,23,114,118,107,110,61},
{242,143,138,240,241,236,165,189},
{98,99,125,123,101,125,121,74},
{26,58,103,104,104,21,106,85},
{40,39,41,112,34,43,61,77},
{222,218,213,195,173,128,130,234},
{180,183,172,185,186,185,162,133},
{115,38,48,34,34,42,55,83},
{123,32,33,1,0,100,102,75},
{153,197,207,200,206,218,164,245},
{228,238,144,159,152,227,154,205},
{157,155,159,132,203,219,193,169},
{11,18,71,85,73,53,90,101},
{154,155,220,212,206,157,215,184},
{174,134,154,158,138,130,142,231},
{69,75,86,87,5,27,7,33},
{72,87,28,9,19,16,44,120},
{89,94,27,17,13,160,232,123},
{21,26,19,14,10,21,13,57},
{225,226,231,251,230,239,240,211},
{87,92,85,76,75,185,172,123},
{136,130,252,149,201,233,150,161},
{35,57,37,89,72,71,70,3},
{89,37,52,51,52,55,19,121},
{214,210,202,201,212,207,203,225},
{197,221,201,192,203,193,196,170},
{3,6,29,4,2,15,24,42},
{217,221,210,219,220,196,194,240},
{41,58,40,53,49,48,46,1},
{240,255,129,253,250,133,217,175},
{218,135,163,164,161,220,193,234},
{246,242,239,179,225,243,249,197},
{222,238,244,249,214,206,252,138},
{170,215,223,217,218,222,195,229},
{120,112,113,109,16,32,62,64},
{86,102,58,61,60,65,57,9},
{15,20,11,12,21,17,30,56},
{86,105,17,16,16,28,21,31},
{146,254,254,225,189,226,191,205},
{144,143,150,236,225,234,235,189},
{50,58,32,45,81,70,124,10},
{154,130,128,141,158,134,153,170},
{58,60,62,58,34,99,107,8},
{207,211,202,215,211,32,51,251},
{86,173,176,171,175,164,173,127},
{160,191,184,160,184,239,191,141},
{200,203,195,141,131,198,184,225},
{146,218,219,196,199,207,175,234},
{149,139,136,146,144,157,150,184},
{213,214,215,50,40,47,50,253},
{60,36,40,56,36,33,33,73},
{195,186,195,194,199,227,223,138},
{215,132,250,151,232,225,224,163},
{25,7,82,28,17,26,2,45},
{5,6,36,93,84,90,92,105},
{153,158,227,235,229,230,226,208},
{111,101,44,82,65,64,95,10},
{133,165,219,163,216,220,220,233},
{237,247,245,227,241,227,231,197},
{157,149,149,152,149,137,135,248},
{141,134,158,137,154,128,133,173},
{153,159,141,131,141,138,222,234},
{89,86,95,80,64,75,82,117},
{173,173,171,181,242,248,233,152},
{252,228,155,173,191,171,161,201},
{57,61,46,114,4,21,18,87},
{8,18,22,19,11,20,22,32},
{99,84,64,69,81,71,30,48},
{225,249,189,163,191,255,238,155},
{249,252,185,232,254,232,232,151},
{39,60,35,39,44,53,61,8},
{22,70,88,70,94,70,90,109},
{205,202,208,55,40,43,35,253},
{175,184,162,161,162,185,164,143},
{157,133,135,154,152,149,158,176},
{26,0,6,11,4,5,28,40},
{203,210,129,154,151,136,193,179},
{152,136,148,145,145,40,40,251},
{164,187,187,187,164,162,175,137},
{29,22,11,112,112,111,114,61},
{104,16,21,22,22,28,116,33},
{80,72,66,20,12,12,10,96},
{176,181,151,201,196,202,201,249},
{115,98,96,109,126,55,54,74},
{128,159,134,153,152,146,223,173},
{242,226,229,228,238,144,188,202},
{120,113,108,110,119,100,119,88},
{154,131,135,140,157,128,135,169},
{0,6,19,64,93,83,89,49},
{235,253,250,254,227,240,249,203},
{160,168,231,151,248,133,167,197},
{138,131,157,149,133,153,135,170},
{71,88,69,74,91,20,93,103},
{103,96,126,123,124,50,68,21},
{5,90,67,12,69,88,71,113},
{140,138,135,128,154,153,128,165},
{76,65,74,87,92,78,87,96},
{139,153,137,131,154,207,205,234},
{209,210,211,171,137,215,211,225},
{139,143,158,220,162,207,147,249},
{192,192,195,186,187,188,191,240},
{21,9,117,100,101,98,103,40},
{228,238,144,159,224,190,191,205},
{137,146,136,148,140,138,135,161},
{173,209,190,223,222,219,163,141},
{137,132,138,137,136,133,134,177},
{157,225,143,240,240,243,175,189},
{156,158,136,154,128,134,139,165},
{33,61,56,39,62,52,57,19},
{172,189,227,147,132,129,134,201},
{4,15,76,4,8,79,47,106},
{51,7,25,74,86,76,50,103},
{90,64,90,84,42,70,62,113},
{24,102,117,11,117,13,119,56},
{218,223,149,210,216,201,151,185},
{37,93,55,112,56,87,43,5},
{165,237,235,201,200,194,188,221},
{36,57,57,37,33,46,39,9},
{101,106,99,126,122,101,122,73},
{71,90,92,94,71,67,80,106},
{80,64,70,75,92,21,87,104},
{4,2,69,26,67,80,26,107},
{123,127,98,97,99,103,122,77},
{229,236,236,167,247,252,236,215},
{176,171,175,164,181,175,167,129},
{105,111,106,119,124,117,111,88},
{93,70,92,74,80,90,36,117},
{57,49,126,124,119,116,122,16},
{248,242,250,227,141,167,177,202},
{59,68,58,53,56,54,45,10},
{5,4,5,124,125,125,97,74},
{87,83,72,81,85,79,75,97},
{157,128,153,153,135,131,144,170},
{153,159,147,130,133,132,142,168},
{33,58,114,122,61,65,115,25},
{126,103,120,126,115,124,100,79},
{141,128,150,155,140,197,134,184},
{205,210,211,216,137,203,197,165},
{114,104,110,99,108,114,112,64},
{88,89,67,68,76,92,91,112},
{101,119,97,46,83,127,121,17},
{113,6,19,13,14,54,34,95},
{63,36,118,62,119,35,35,11},
{185,191,167,188,184,188,185,138},
{67,68,61,53,63,60,36,10},
{138,131,158,159,150,130,132,170},
{53,90,0,34,95,95,63,106},
{74,67,93,85,87,68,69,106},
{247,190,179,164,237,244,175,145},
{14,21,26,14,15,17,30,56},
{4,2,15,24,0,2,10,45},
{47,12,62,4,8,23,16,93},
{254,227,183,253,182,251,178,202},
{245,252,128,173,189,153,174,197},
{137,138,128,205,177,160,156,234},
{129,222,131,156,194,202,195,237},
{128,166,251,131,161,255,255,201},
{35,96,106,103,57,77,90,13},
{254,171,177,173,209,198,217,138},
{185,197,196,197,184,184,191,137},
{121,98,120,100,97,97,48,10},
{16,102,115,87,117,116,15,56},
{122,7,15,9,10,14,19,53},
{44,33,51,55,60,53,47,24},
{13,2,11,12,22,31,14,33},
{251,248,233,162,233,245,253,215},
{201,150,159,159,129,245,226,165},
{52,56,127,63,13,82,15,93},
{135,222,168,177,182,179,180,245},
{221,195,223,73,111,113,119,253},
{25,46,45,57,43,43,124,74},
{246,236,146,135,128,153,158,203},
{112,115,114,115,81,11,6,57},
{243,225,173,177,228,171,169,192},
{103,127,99,103,108,101,127,72},
{198,203,222,223,218,146,220,234},
{180,178,191,151,152,142,131,157},
{115,39,117,118,110,83,83,91},
{117,122,115,106,105,110,112,89},
{153,138,134,159,134,142,158,177},
{184,184,175,173,177,219,253,141},
{137,134,150,155,156,134,139,165},
{240,242,246,232,229,247,245,193},
{164,174,208,223,216,163,255,141},
{94,89,93,82,94,92,70,111},
{49,58,50,50,34,93,111,8},
{19,8,11,12,16,118,104,59},
{209,203,206,213,204,202,199,225},
{129,132,135,158,129,130,159,176},
{11,21,8,21,17,30,23,57},
{137,131,159,138,135,156,154,176},
{16,110,2,2,4,122,6,48},
{39,61,52,36,34,47,56,10},
{183,217,244,238,243,251,237,153},
{70,26,64,30,25,25,16,42},
{195,192,194,193,219,162,146,241},
{234,148,133,161,162,128,188,202},
{26,98,28,100,97,30,127,42},
{141,159,158,152,230,214,215,181},
{109,126,55,103,105,126,115,77},
{16,21,18,19,108,102,110,89},
{117,27,99,98,66,31,0,42},
{240,241,247,236,190,244,247,193},
{168,178,217,194,139,145,151,239},
{112,101,123,127,98,96,109,71},
{242,255,226,158,161,189,164,202},
{55,48,40,44,47,44,50,23},
{72,84,87,75,51,36,33,104},
{217,143,192,205,198,199,196,234},
{129,155,159,155,130,153,134,169},
{143,151,234,218,206,216,208,184},
{208,214,219,205,197,200,211,249},
{154,133,202,223,193,194,226,170},
{111,47,46,54,59,52,53,23},
{65,90,92,90,71,67,80,106},
{208,209,200,204,205,208,207,248},
{149,222,196,205,133,138,155,165},
{37,90,94,88,90,94,94,106},
{77,66,78,76,87,80,74,97},
{179,175,170,185,160,166,171,133},
{115,124,125,98,96,113,116,83},
{172,161,170,177,176,189,169,128},
{156,154,131,144,153,131,129,173},
{27,2,0,13,6,23,3,42},
{175,146,140,150,148,141,137,159},
{221,161,176,79,49,51,50,253},
{168,183,174,164,169,162,185,133},
{91,43,60,57,62,55,72,115},
{55,54,48,36,41,34,35,5},
{15,13,7,74,52,37,92,103},
{157,146,155,141,140,134,152,177},
{98,121,120,126,99,118,105,74},
{189,178,187,165,173,189,165,145},
{197,186,185,189,190,161,246,138},
{214,193,201,181,164,163,129,231},
{99,115,112,96,112,100,55,17},
{1,25,24,25,0,31,25,41},
{80,91,75,24,5,11,1,105},
{168,161,162,186,180,187,167,136},
{205,227,235,249,179,211,240,153},
{102,113,111,115,29,59,37,80},
{128,153,129,155,133,129,142,168},
{34,47,60,33,47,51,102,21},
{131,157,153,150,159,137,138,179},
{121,120,122,102,121,125,103,72},
{142,147,151,156,149,150,142,185},
{41,48,54,59,52,36,38,24},
{17,55,78,177,178,177,187,125},
{251,226,224,237,254,183,233,202},
{164,174,208,223,216,254,218,141},
{152,230,214,138,141,140,241,184},
{57,63,36,118,38,56,39,10},
{8,118,101,71,28,29,31,40},
{68,90,3,25,5,14,15,33},
{87,12,12,8,7,116,113,59},
{202,219,148,213,215,195,208,234},
{244,244,238,229,248,227,231,197},
{127,105,109,106,114,113,108,87},
{240,252,224,228,244,228,242,145},
{248,172,173,180,182,177,160,131},
{93,2,2,7,0,1,25,49},
{36,46,38,43,45,50,96,21},
{139,233,236,243,234,232,229,191},
{94,65,90,88,85,94,69,113},
{184,227,228,185,149,166,141,202},
{154,134,157,130,128,141,134,168},
{233,242,255,200,215,211,209,221},
{138,128,140,242,194,195,128,170},
{241,245,250,243,234,237,243,216},
{192,200,201,207,212,134,206,248},
{51,58,44,54,44,47,39,1},
{72,95,33,26,14,16,86,112},
{209,205,218,224,158,141,175,189},
{163,172,162,190,200,215,169,147},
{82,83,72,86,76,74,71,97},
{128,254,147,236,148,201,239,160},
{71,65,71,88,23,75,25,51},
{45,38,61,34,34,63,34,13},
{204,249,237,224,235,175,173,138},
{122,115,114,99,122,103,102,73},
{139,243,136,137,143,248,225,187},
{121,33,63,35,44,53,45,0},
{125,103,97,96,116,109,107,85},
{101,120,101,97,110,103,103,74},
{120,113,114,105,105,105,119,88},
{227,227,228,253,248,231,254,209},
{206,52,40,47,50,45,41,255},
{174,187,173,169,143,146,150,221},
{220,161,223,156,200,192,195,237},
{200,199,184,195,194,184,181,135},
{170,133,143,137,195,184,207,233},
{74,89,70,70,94,84,89,115},
{57,37,50,120,48,60,123,85},
{1,27,24,36,48,58,81,115},
{146,155,138,141,133,249,151,161},
{191,250,250,244,179,185,165,209},
{250,235,239,243,247,252,245,215},
{100,113,112,122,50,58,125,87},
{10,244,213,251,243,225,171,127},
{198,207,227,203,237,195,209,170},
{48,62,60,37,56,37,33,7},
{247,136,138,137,138,137,136,184},
{124,110,16,60,30,99,26,77},
{72,92,7,111,120,125,122,45},
{224,226,231,247,224,243,247,213},
{161,190,236,176,173,172,176,149},
{17,3,2,12,114,30,31,41},
{159,154,158,153,156,131,154,173},
{99,71,28,29,30,31,92,42},
{221,196,219,196,199,198,208,234},
{103,23,120,3,123,32,2,71},
{63,52,61,62,46,32,48,19},
{167,163,163,162,188,172,188,143},
{71,93,67,71,76,69,95,104},
{139,134,174,130,130,139,208,234},
{30,27,63,100,26,31,30,81},
{104,110,104,117,32,114,127,89},
{37,38,46,14,123,107,77,29},
{42,84,69,60,62,63,32,10},
{143,147,152,181,175,131,153,234},
{72,53,79,74,69,74,81,121},
{9,6,15,0,27,30,2,37},
{38,54,56,57,61,50,34,13},
{103,23,120,123,122,124,124,71},
{181,171,183,209,247,233,239,149},
{189,178,187,161,161,189,161,145},
{94,64,93,94,94,70,13,106},
{178,146,206,52,49,51,45,253},
{42,120,0,43,43,40,34,65},
{128,228,231,234,231,250,129,207},
{95,168,179,178,172,181,181,127},
{104,107,23,28,22,30,124,33},
{192,198,203,196,222,215,219,233},
{120,123,115,11,57,103,103,81},
{65,69,74,91,20,95,94,104},
{220,215,212,218,151,231,213,179},
{176,183,171,175,164,173,183,128},
{183,166,165,164,220,221,223,232},
{225,252,254,228,226,239,248,202},
{124,90,7,8,14,15,15,53},
{161,191,187,184,177,178,170,149},
{4,17,21,26,2,10,17,55},
{184,184,167,172,180,182,163,137},
{146,147,152,154,128,221,209,170},
{112,124,107,19,33,127,126,73},
{25,82,25,27,1,14,31,41},
{105,119,107,100,121,126,96,73},
{35,47,42,37,40,46,59,21},
{34,62,57,103,102,112,14,75},
{10,31,22,244,169,178,173,125},
{140,128,140,149,223,156,150,237},
{216,216,197,149,199,193,193,235},
{181,179,183,164,233,233,228,129},
{48,51,50,60,66,114,86,25},
{211,173,150,122,100,34,62,253},
{184,162,160,164,185,162,164,144},
{25,7,5,27,1,31,27,49},
{106,123,101,100,110,16,97,74},
{132,153,201,155,135,135,133,176},
{44,36,62,109,39,114,97,74},
{50,53,48,53,49,48,39,3},
{6,71,79,92,4,114,103,40},
{8,9,15,20,70,22,23,57},
{147,228,246,174,165,167,187,189},
{72,91,95,84,71,70,69,113},
{244,168,171,170,211,171,166,152},
{195,150,151,171,234,171,238,189},
{150,198,223,219,201,219,223,237},
{66,93,94,68,67,94,89,106},
{14,12,67,89,69,57,40,97},
{200,193,219,217,212,194,220,232},
{168,161,166,219,211,221,222,231},
{94,91,67,92,94,70,89,106},
{64,81,26,81,80,73,70,96},
{19,10,8,18,16,29,22,56},
{85,95,92,68,89,9,91,109},
{41,42,82,112,44,41,38,25},
{33,114,107,104,121,50,40,69},
{195,204,212,223,222,216,198,227},
{119,109,115,119,124,117,110,88},
{40,56,38,100,120,102,111,65},
{169,173,162,171,182,178,178,128},
{129,142,135,129,131,134,158,173},
{165,151,139,128,173,183,155,241},
{161,164,190,186,172,174,190,213},
{80,46,61,60,59,25,57,112},
{103,101,101,121,63,45,51,8},
{9,14,13,12,117,12,112,64},
{163,167,172,189,246,183,165,138},
{73,27,5,4,14,112,1,42},
{123,113,106,117,110,100,105,67},
{183,205,206,202,200,213,152,248},
{164,175,143,162,162,160,162,202},
{155,130,128,141,134,158,128,170},
{196,194,207,216,192,195,203,237},
{222,196,186,215,214,161,160,227},
{153,146,130,140,150,143,136,185},
{177,186,160,191,164,161,190,145},
{178,177,176,49,72,75,55,253},
{179,217,240,212,201,195,206,157},
{236,232,239,216,206,218,202,221},
{178,246,183,191,172,244,130,215},
{59,58,32,36,56,62,51,13},
{187,162,160,173,166,167,161,138},
{136,192,204,139,243,226,225,168},
{93,64,64,71,93,89,86,112},
{208,214,219,212,207,206,204,249},
{14,114,10,116,12,9,118,65},
{184,164,171,164,187,166,191,144},
{48,57,35,33,44,56,34,16},
{131,135,140,133,155,157,155,170},
{202,223,216,209,214,171,163,149},
{190,191,163,181,167,163,176,138},
{114,120,116,22,102,41,37,74},
{48,33,106,34,44,57,54,16},
{105,99,116,32,86,58,103,5},
{8,118,99,27,99,100,31,40},
{128,137,128,214,174,129,129,233},
{27,18,31,0,23,30,25,42},
{97,123,96,120,115,76,107,19},
{84,6,11,4,5,31,25,41},
{100,105,98,120,120,102,127,72},
{79,76,104,68,72,84,109,40},
{73,61,42,43,44,41,86,97},
{214,197,196,197,196,226,190,137},
{141,130,139,150,148,146,149,161},
{219,172,190,150,157,159,131,245},
{171,255,173,174,190,161,164,131},
{155,154,227,156,231,150,135,170},
{149,192,182,134,135,163,221,231},
{238,237,207,149,149,233,151,161},
{120,127,125,124,96,29,63,74},
{64,67,75,51,34,33,38,105},
{124,100,116,100,103,111,15,74},
{242,192,214,213,193,211,159,177},
{85,10,82,95,91,89,69,101},
{2,13,5,12,96,89,80,51},
{101,98,101,28,103,102,1,42},
{141,130,147,220,145,145,139,161},
{24,30,19,28,4,29,6,49},
{189,178,187,188,173,166,190,145},
{156,144,142,133,152,131,135,165},
{119,32,62,46,50,126,58,89},
{154,155,156,153,230,224,232,211},
{85,66,60,66,71,62,95,10},
{93,94,69,77,72,83,86,117},
{229,234,204,201,219,199,131,157},
{146,139,139,79,115,102,102,253},
{81,86,85,74,72,69,86,96},
{31,7,12,5,24,22,29,42},
{193,223,192,204,220,218,215,241},
{145,153,215,145,159,218,164,245},
{79,87,76,75,77,169,173,123},
{36,47,108,33,33,44,49,74},
{54,25,27,23,11,73,91,117},
{241,245,250,243,235,238,238,216},
{56,51,60,33,52,58,38,9},
{51,62,37,33,46,39,35,10},
{33,93,74,77,74,55,72,1},
{19,28,17,4,120,69,87,39},
{106,106,105,117,12,50,45,88},
{72,66,78,73,25,2,29,45},
{26,29,28,31,100,109,109,83},
{25,29,18,27,12,12,0,48},
{121,101,126,101,97,110,127,73},
{203,225,235,249,237,238,250,136},
{66,2,11,16,29,6,6,57},
{191,157,152,136,143,158,152,247},
{96,113,117,122,115,110,100,87},
{227,241,239,243,139,156,230,208},
{245,250,234,236,229,242,255,217},
{222,184,159,146,147,144,214,240},
{252,227,250,248,245,254,228,209},
{124,51,99,112,121,102,120,77},
{188,177,186,187,172,160,191,144},
{130,128,141,134,156,133,154,171},
{190,162,160,173,190,247,165,138},
{40,82,44,45,84,41,86,97},
{186,243,238,191,162,175,184,138},
{122,90,7,8,8,117,10,53},
{10,116,99,28,103,31,1,42},
{38,43,36,56,58,36,39,10},
{118,79,93,77,9,23,11,37},
{121,5,18,108,18,23,110,89},
{125,57,110,105,105,120,62,24},
{137,246,140,131,138,132,131,184},
{31,121,1,123,124,5,122,47},
{29,11,5,15,8,64,1,105},
{37,47,47,0,28,2,124,29},
{219,163,205,146,182,73,48,251},
{143,239,128,131,223,253,132,175},
{186,194,185,190,187,185,190,138},
{191,136,144,137,145,150,146,159},
{233,255,241,195,196,140,205,157},
{183,184,185,187,187,189,189,135},
{252,129,252,231,233,227,243,205},
{170,215,223,217,218,222,195,229},
{36,101,105,122,38,63,60,10},
{196,199,184,206,193,204,194,245},
{96,96,101,121,99,113,117,83},
{51,75,90,122,39,40,40,19},
{8,25,20,14,28,12,10,32},
{32,49,53,58,51,37,48,23},
{228,227,230,243,239,227,242,213},
{228,224,233,224,182,206,225,136},
{158,128,254,130,139,131,134,175},
{220,195,195,198,220,223,222,241},
{4,10,71,27,84,72,73,101},
{63,33,58,60,56,39,35,9},
{227,229,243,253,247,240,184,144},
{44,33,42,54,48,46,51,0},
{80,72,69,78,86,80,92,99},
{190,171,170,213,137,138,213,225},
{176,182,187,172,229,170,250,153},
{187,184,184,165,245,167,163,138},
{151,141,145,153,145,131,130,165},
{57,56,38,60,49,58,43,13},
{44,43,54,33,37,42,35,5},
{127,127,125,99,32,42,39,74},
{183,191,169,142,188,186,182,217},
{73,74,84,85,76,75,86,97},
{27,102,88,75,80,78,82,53},
{61,38,59,56,41,98,122,21},
{102,107,125,116,98,111,101,74},
{61,65,61,40,40,34,51,13},
{114,116,107,111,100,109,119,64},
{233,185,235,245,246,241,243,193},
{3,2,113,13,19,15,111,42},
{73,70,79,80,94,71,95,101},
{34,54,42,56,80,116,104,21},
{74,55,50,56,57,36,109,5},
{160,189,190,187,147,191,171,200},
{38,40,45,45,38,67,82,23},
{61,34,33,60,39,38,48,10},
{99,103,108,101,120,100,98,74},
{56,50,56,35,76,110,115,10},
{198,187,190,188,189,160,233,137},
{79,5,66,72,89,7,111,42},
{151,199,204,221,150,221,199,234},
{26,31,83,35,52,49,54,121},
{205,255,237,197,207,214,131,157},
{26,108,101,111,100,120,100,83},
{7,0,122,124,123,127,118,72},
{126,49,47,51,75,90,122,16},
{183,177,169,166,175,160,187,131},
{76,37,37,38,39,116,117,19},
{20,17,110,88,80,81,87,93},
{168,188,195,245,231,243,249,145},
{77,73,36,61,118,109,36,10},
{84,89,75,76,80,93,86,120},
{53,54,55,56,101,58,51,5},
{161,221,202,205,204,234,200,129},
{183,183,177,164,169,162,191,133},
{79,28,69,74,0,69,1,103},
{180,177,171,174,181,172,170,128},
{12,26,10,13,12,6,120,33},
{56,59,59,36,35,62,57,10},
{232,186,234,247,247,246,235,192},
{99,113,116,107,114,112,125,87},
{210,218,223,217,198,148,216,234},
{85,107,125,121,20,13,70,56},
{31,31,24,16,12,18,122,45},
{35,118,32,45,38,59,41,10},
{134,232,158,139,140,141,138,191},
{121,103,123,108,37,111,127,89},
{82,79,86,79,26,68,73,99},
{219,135,220,129,220,216,198,234},
{142,151,142,132,137,130,158,165},
{121,121,121,98,123,102,124,74},
{167,153,139,159,149,136,221,247},
{134,139,132,156,157,132,133,170},
{212,197,196,199,192,252,164,139},
{34,59,51,75,90,39,94,17},
{121,115,107,19,33,126,6,73},
{161,216,219,167,172,166,174,144},
{8,8,19,23,28,21,22,56},
{74,73,83,87,92,85,86,120},
{103,96,27,100,29,24,30,40},
{49,77,51,52,105,53,54,1},
{60,60,53,35,94,110,98,10},
{66,69,58,64,79,78,64,115},
{4,17,21,26,9,13,9,55},
{0,17,21,26,19,13,11,55},
{98,106,8,124,51,35,57,81},
{57,67,59,69,66,63,64,9},
{72,26,23,16,10,17,10,53},
{182,203,180,200,200,206,207,249},
{227,235,253,194,240,246,250,141},
{77,66,75,87,85,85,74,97},
{104,120,110,98,121,46,50,9},
{38,37,60,69,125,102,127,16},
{181,161,189,185,189,178,161,141},
{67,87,93,64,21,11,23,49},
{33,38,56,41,41,51,59,21},
{204,209,204,41,45,34,43,253},
{12,10,7,0,30,27,0,37},
{216,194,192,205,198,199,194,234},
{120,100,124,115,101,97,110,72},
{188,173,164,186,231,224,169,203},
{114,120,124,99,8,46,51,74},
{104,109,18,20,20,18,19,33},
{241,241,139,241,240,252,244,192},
{159,144,136,136,131,149,144,183},
{33,52,47,47,53,49,62,24},
{60,50,32,45,38,62,34,10},
{166,159,141,157,217,199,219,245},
{125,114,123,102,100,125,102,81},
{2,31,31,25,29,18,27,45},
{174,189,159,187,197,191,184,241},
{123,98,96,109,127,118,124,74},
{41,59,62,53,33,46,39,9},
{107,101,127,125,111,125,117,10},
{5,31,27,24,17,3,9,53},
{162,164,186,184,181,190,163,145},
{100,30,29,5,6,4,27,45},
{165,185,236,240,238,144,153,202},
{5,2,124,2,127,123,97,74},
{227,231,236,229,230,253,225,202},
{49,77,34,93,121,122,39,17},
{42,121,41,38,47,62,57,3},
{41,55,43,83,68,62,64,9},
{31,8,20,10,116,101,28,39},
{229,234,251,180,252,248,227,201},
{129,150,195,208,220,212,155,181},
{187,185,184,165,160,191,166,137},
{85,83,83,109,71,78,78,37},
{138,246,247,236,128,171,183,191},
{100,97,97,56,101,62,51,13},
{58,71,69,77,77,75,85,117},
{63,39,44,37,63,63,36,10},
{246,135,248,255,251,252,227,199},
{210,175,243,204,238,146,236,157},
{25,10,17,10,8,5,22,32},
{141,142,141,254,208,212,223,181},
{137,149,154,137,151,145,142,161},
{160,163,189,165,189,188,191,144},
{17,17,17,23,9,70,76,35},
{66,93,71,92,95,93,89,106},
{40,82,42,43,84,41,83,97},
{50,46,47,53,49,62,47,25},
{202,211,215,205,201,198,207,225},
{127,123,123,97,127,60,54,77},
{52,39,34,33,56,62,51,13},
{62,60,56,54,47,45,49,11},
{74,91,20,91,90,70,80,106},
{34,93,34,95,90,64,65,107},
{46,40,38,56,41,109,17,72},
{1,3,3,5,89,2,15,49},
{64,95,70,92,81,66,11,109},
{238,236,235,232,242,252,160,215},
{69,63,62,73,73,67,79,117},
{193,204,222,194,219,193,212,170},
{184,164,161,159,137,141,248,202},
{2,31,27,24,0,13,23,53},
{189,178,187,166,161,175,186,145},
{81,75,66,68,84,83,78,121},
{86,92,77,19,20,21,12,56},
{113,9,117,11,80,10,6,56},
{158,151,232,226,234,239,233,215},
{82,80,23,52,109,98,40,61},
{138,134,156,213,152,155,156,170},
{139,199,204,197,218,221,223,234},
{76,74,71,64,93,92,91,101},
{138,154,159,132,243,143,220,170},
{109,17,6,97,61,27,98,77},
{8,11,10,11,41,115,126,65},
{53,50,42,40,37,55,54,1},
{87,79,90,82,76,74,71,97},
{93,69,56,8,22,27,35,106},
{15,76,70,83,13,121,110,33},
{240,248,228,141,163,163,186,200},
{64,85,78,67,76,86,77,96},
{41,118,119,112,45,47,46,25},
{249,254,251,244,224,156,184,202},
{10,116,64,28,31,96,127,42},
{53,73,94,40,86,83,42,21},
{241,166,187,177,187,246,136,209},
{211,170,154,120,117,65,108,253},
{61,121,103,123,3,18,50,88},
{78,82,95,223,206,238,204,125},
{153,154,155,159,130,253,207,168},
{171,172,183,180,180,161,164,131},
{179,144,162,160,172,179,180,193},
{121,101,122,124,100,98,111,73},
{124,7,7,8,9,12,11,53},
{194,214,252,195,208,207,135,161},
{140,138,135,128,159,146,128,165},
{189,177,162,254,136,145,150,211},
{153,150,159,139,128,140,148,181},
{21,27,15,81,95,86,19,45},
{21,105,7,84,8,86,11,53},
{18,22,17,13,11,1,73,97},
{237,224,247,236,238,244,242,216},
{17,104,109,106,72,20,23,32},
{193,222,223,193,145,158,142,185},
{148,146,159,240,185,240,240,189},
{200,129,194,200,208,221,214,248},
{118,106,117,115,109,105,102,64},
{110,115,106,86,72,78,67,93},
{53,58,51,46,43,44,50,25},
{210,210,208,178,242,226,254,189},
{64,13,13,0,5,9,70,96},
{81,82,86,75,31,77,78,96},
{94,67,92,90,87,80,77,115},
{180,182,191,161,160,163,171,133},
{202,205,150,155,227,242,142,184},
{113,114,105,117,112,111,118,89},
{129,159,131,251,148,150,151,161},
{174,254,226,192,190,211,211,221},
{249,243,238,246,246,246,238,193},
{185,236,190,179,164,237,163,144},
{136,246,245,236,149,173,182,191},
{73,92,35,27,6,31,3,113},
{109,105,112,110,106,119,34,89},
{193,150,138,152,230,245,215,181},
{170,178,170,168,165,190,174,129},
{103,113,116,107,114,33,113,87},
{27,12,69,12,11,108,97,59},
{1,108,109,116,118,99,122,67},
{140,150,195,208,220,212,155,181},
{219,205,206,199,130,44,33,251},
{236,235,236,239,238,225,154,163},
{241,163,187,184,184,160,169,138},
{231,144,130,162,169,171,183,201},
{11,25,9,3,26,79,77,106},
{249,211,209,218,159,159,240,187},
{132,131,158,153,157,146,131,173},
{145,142,220,128,156,154,128,165},
{208,192,222,156,128,158,224,185},
{241,254,247,210,210,208,206,221},
{149,143,141,235,247,241,234,189},
{49,54,51,52,77,69,79,120},
{91,66,64,77,70,90,73,106},
{95,82,81,50,33,94,63,106},
{12,15,14,105,109,98,107,61},
{29,18,27,6,13,4,26,49},
{92,81,90,91,70,68,69,112},
{144,149,154,141,137,134,143,161},
{160,178,174,180,220,248,228,145},
{192,220,194,188,136,137,214,224},
{148,139,146,144,157,150,142,185},
{198,150,139,235,243,240,244,189},
{41,32,118,14,33,33,62,74},
{109,101,97,104,96,123,48,10},
{95,92,95,75,0,2,13,104},
{228,231,231,236,251,133,190,209},
{239,146,162,182,160,168,179,193},
{94,66,49,77,2,0,19,106},
{186,186,245,137,231,232,181,211},
{18,11,94,8,5,14,19,33},
{93,33,78,176,177,205,178,125},
{69,64,78,72,89,37,52,117},
{140,141,135,233,237,226,235,189},
{34,113,13,63,100,57,25,80},
{167,189,171,189,185,182,191,145},
{230,216,210,210,205,183,141,223},
{110,119,119,121,96,102,107,69},
{68,24,28,12,25,1,88,106},
{204,202,199,171,134,134,132,229},
{222,196,172,136,148,156,136,227},
{212,211,206,41,45,34,43,253},
{48,49,55,44,126,54,127,1},
{53,73,123,87,86,118,42,21},
{196,223,222,209,217,165,178,245},
{149,154,147,133,133,147,140,185},
{205,208,209,221,198,221,194,229},
{39,56,62,51,60,44,38,16},
{47,85,101,125,120,110,126,21},
{204,203,214,193,197,202,195,229},
{223,166,150,140,129,165,158,241},
{218,248,249,217,251,209,208,147},
{223,193,218,212,213,199,198,233},
{145,154,129,133,133,155,129,177},
{219,208,204,202,199,192,219,227},
{62,83,15,43,84,86,40,97},
{239,232,248,165,232,250,254,138},
{68,104,118,119,117,107,118,63},
{185,186,163,191,165,191,185,145},
{53,126,52,107,32,42,84,5},
{147,156,132,130,135,147,136,179},
{181,254,180,191,165,170,184,133},
{90,78,72,35,62,63,62,8},
{34,57,39,62,39,35,48,10},
{34,39,33,62,108,48,42,19},
{125,118,108,85,82,79,82,93},
{166,237,189,178,187,188,161,143},
{239,239,233,205,210,209,202,221},
{76,65,82,79,68,77,84,96},
{52,60,39,116,104,118,8,81},
{119,8,2,10,15,9,22,56},
{155,156,211,32,41,49,51,253},
{60,39,35,48,57,38,33,13},
{184,186,179,208,211,188,191,136},
{200,200,210,54,49,43,47,253},
{133,255,250,245,250,225,132,202},
{251,252,225,230,254,245,232,211},
{199,202,197,205,200,203,196,241},
{117,111,111,85,81,77,84,93},
{125,123,122,122,96,2,63,74},
{85,69,94,68,64,91,95,109},
{233,149,130,253,161,135,254,201},
{96,96,27,107,99,101,98,80},
{162,177,147,49,109,75,51,253},
{37,114,12,27,100,31,103,81},
{1,21,7,75,59,85,10,96},
{56,73,75,79,79,77,83,119},
{246,237,180,215,249,251,234,152},
{67,58,67,60,59,63,32,10},
{60,63,38,60,49,32,38,13},
{27,91,86,64,105,86,90,53},
{48,59,39,58,58,60,39,8},
{164,162,175,184,167,161,184,141},
{85,72,72,82,80,93,86,120},
{29,1,24,5,1,14,7,41},
{13,16,111,33,47,54,48,61},
{195,228,240,249,241,246,226,144},
{30,5,1,14,7,5,5,43},
{77,49,3,63,29,59,58,109},
{221,199,207,193,208,215,202,245},
{37,56,62,51,36,109,35,16},
{88,94,83,92,65,65,92,113},
{74,55,54,59,56,62,37,5},
{63,124,56,48,59,73,65,91},
{231,250,229,225,238,231,226,202},
{91,83,93,94,90,71,11,106},
{60,12,18,31,63,4,20,104},
{140,246,142,135,248,133,255,197},
{100,98,102,97,121,103,123,85},
{247,225,229,128,129,152,153,165},
{247,166,216,193,229,195,187,133},
{217,134,223,212,158,223,155,241},
{58,58,33,83,126,96,125,13},
{122,126,99,55,125,54,44,73},
{205,207,198,50,57,58,57,253},
{229,246,170,179,252,181,170,128},
{99,102,125,100,98,111,120,74},
{106,105,105,89,79,56,42,93},
{218,182,235,199,184,197,196,133},
{76,93,76,74,71,64,65,99},
{239,205,147,147,235,149,158,160},
{5,55,37,61,55,46,123,85},
{17,22,19,20,109,101,111,88},
{233,251,174,248,245,254,255,209},
{9,1,11,8,8,21,69,56},
{100,35,37,45,81,63,124,10},
{128,133,134,155,130,159,155,177},
{65,68,91,66,64,77,67,104},
{157,144,144,142,215,197,217,243},
{66,65,92,71,67,80,89,107},
{126,122,103,43,121,96,96,77},
{105,108,119,124,108,103,108,89},
{58,37,106,127,97,98,66,10},
{219,164,221,216,222,223,222,234},
{249,141,154,155,156,153,230,209},
{36,44,40,55,42,42,42,23},
{201,140,158,130,142,154,134,233},
{192,192,222,157,151,158,219,245},
{49,52,43,50,60,66,81,24},
{2,31,6,29,28,22,104,49},
{79,85,77,176,168,171,163,125},
{248,230,152,135,134,133,167,197},
{30,49,51,15,19,81,67,93},
{180,191,191,161,164,187,162,133},
{132,213,207,196,205,212,215,225},
{171,173,173,169,178,223,235,152},
{169,172,179,170,168,165,174,128},
{237,225,229,246,159,181,181,213},
{112,97,42,54,103,121,118,80},
{255,250,252,253,232,224,250,205},
{92,0,94,10,12,0,3,48},
{85,2,30,4,122,111,110,33},
{67,0,10,7,89,45,58,109},
{62,37,60,58,55,48,49,19},
{216,219,222,212,214,192,194,234},
{237,162,160,179,176,190,243,205},
{200,234,239,230,233,253,255,138},
{235,229,239,232,160,225,245,138},
{100,43,49,45,81,64,124,10},
{249,171,177,173,209,190,160,138},
{133,155,135,128,129,155,153,165},
{16,10,7,26,26,25,7,37},
{29,67,92,65,78,71,88,106},
{6,24,30,19,28,29,7,48},
{59,39,34,33,56,59,51,13},
{219,222,223,217,220,207,205,234},
{89,98,118,104,32,87,48,10},
{194,206,208,159,149,152,221,247},
{89,88,82,44,59,25,63,112},
{51,62,46,36,41,58,39,5},
{91,68,91,95,84,88,94,112},
{200,206,195,212,157,215,201,225},
{23,71,76,69,92,92,73,106},
{5,39,124,124,34,6,31,74},
{70,72,86,67,78,78,9,35},
{207,204,208,57,40,46,35,253},
{10,13,14,13,7,121,109,59},
{141,151,145,232,247,239,242,189},
{21,94,18,78,0,3,11,37},
{38,43,33,53,40,53,52,23},
{226,230,229,254,231,226,255,208},
{40,48,53,49,45,40,55,0},
{29,30,67,1,93,125,95,45},
{12,10,7,0,24,28,0,37},
{154,155,157,226,159,157,133,170},
{249,224,230,235,228,250,252,200},
{67,71,76,69,94,68,65,106},
{154,231,239,233,234,238,243,213},
{183,187,160,167,186,184,181,143},
{5,121,104,68,25,26,26,37},
{120,114,122,99,13,39,49,74},
{92,95,123,43,33,44,46,21},
{18,10,23,225,236,192,236,125},
{138,245,140,134,141,248,248,187},
{253,241,228,152,165,183,171,200},
{230,235,252,181,255,253,252,202},
{124,123,102,113,121,5,107,85},
{142,129,149,135,156,132,143,229},
{157,146,131,204,133,154,151,177},
{5,14,19,16,6,24,2,37},
{235,146,162,176,189,146,138,197},
{238,215,203,224,252,226,165,189},
{89,82,74,68,82,77,86,121},
{235,228,250,254,226,225,230,203},
{69,89,31,13,19,15,111,42},
{160,177,181,186,179,164,173,151},
{0,36,45,35,99,32,42,73},
{44,55,51,0,9,10,22,29},
{37,81,63,124,32,34,35,13},
{164,174,166,171,173,178,224,149},
{129,154,133,129,142,159,200,170},
{174,211,214,212,213,200,129,225},
{157,150,142,245,238,247,234,189},
{57,118,8,23,53,107,55,85},
{237,230,253,233,250,227,227,205},
{57,45,34,50,52,50,42,0},
{38,60,49,58,34,38,58,15},
{134,179,181,186,172,164,191,197},
{72,88,78,66,89,14,18,41},
{158,133,154,152,149,142,128,177},
{4,27,25,25,44,10,23,106},
{62,57,42,54,44,82,62,8},
{243,249,248,238,242,240,142,203},
{196,191,137,149,154,207,205,234},
{105,100,72,100,96,105,46,8},
{206,178,239,232,233,183,181,129},
{58,87,11,89,88,6,7,101},
{18,2,0,13,6,30,0,42},
{30,20,25,121,84,80,82,55},
{254,228,254,228,226,239,248,202},
{208,215,202,213,209,222,206,249},
{221,223,195,198,221,196,194,232},
{98,123,98,101,102,125,121,74},
{0,94,124,5,3,15,14,49},
{9,8,19,18,28,98,82,56},
{166,171,164,188,187,182,187,138},
{238,224,236,239,245,184,184,215},
{9,117,98,29,98,31,67,41},
{251,169,168,211,170,171,170,151},
{165,189,165,161,174,167,163,138},
{163,181,177,220,221,196,206,241},
{1,26,0,28,4,2,15,41},
{220,218,215,200,129,158,158,245},
{195,197,218,136,220,196,206,240},
{209,218,219,197,192,206,222,241},
{6,11,4,5,31,25,0,42},
{228,230,239,234,238,239,225,213},
{233,227,226,248,245,137,158,209},
{228,159,230,255,248,222,130,173},
{113,113,122,106,104,101,110,64},
{73,81,84,79,84,87,84,97},
{163,171,211,188,226,198,252,138},
{73,90,19,10,88,66,79,105},
{161,190,236,176,168,170,173,149},
{180,174,180,178,191,136,147,155},
{50,78,70,182,178,187,173,125},
{104,101,122,121,100,127,123,81},
{46,55,42,45,37,89,54,1},
{90,89,71,92,90,92,89,106},
{82,185,182,171,175,164,173,127},
{210,254,254,247,180,202,223,144},
{30,21,8,19,18,28,98,55},
{161,165,170,163,189,190,190,136},
{5,74,52,37,36,2,94,105},
{54,24,0,0,0,54,30,112},
{34,112,36,62,37,61,57,10},
{127,104,18,108,109,20,105,32},
{0,24,30,31,5,0,31,40},
{214,134,158,134,129,159,135,173},
{78,51,59,53,54,50,47,1},
{206,203,178,205,180,207,183,129},
{112,119,106,117,116,126,0,89},
{240,238,227,236,244,246,243,193},
{67,66,69,66,98,58,41,10},
{133,133,204,208,206,176,191,234},
{205,212,204,208,223,195,199,229},
{196,193,210,172,189,197,154,240},
{90,19,93,65,78,66,88,106},
{141,150,138,152,240,212,200,181},
{38,123,32,4,126,127,105,74},
{57,56,38,61,32,59,63,13},
{168,167,226,140,129,138,150,157},
{12,113,15,44,120,112,115,61},
{132,137,154,135,140,157,214,168},
{122,121,101,97,110,103,97,74},
{118,76,65,74,82,82,80,95},
{137,143,145,158,151,242,244,187},
{124,96,117,100,103,111,15,74},
{118,111,107,104,97,123,127,69},
{67,74,74,72,17,15,19,45},
{10,16,19,18,12,10,7,33},
{98,101,122,97,126,116,121,83},
{172,173,175,137,220,142,131,157},
{193,194,195,255,128,139,135,173},
{200,194,202,207,201,214,132,249},
{147,139,150,145,128,134,139,165},
{5,24,79,31,20,29,30,48},
{187,185,179,166,185,186,167,136},
{229,248,227,231,236,229,252,200},
{11,80,13,82,12,116,112,59},
{22,22,19,30,9,70,68,37},
{43,47,45,53,52,59,45,25},
{153,138,131,155,141,159,202,177},
{120,124,123,120,98,111,120,74},
{224,254,128,169,174,171,172,221},
{233,172,179,170,161,183,179,128},
{221,222,218,193,197,220,167,237},
{91,69,77,79,94,85,72,115},
{30,19,2,119,103,65,84,42},
{190,188,161,188,188,190,185,138},
{37,62,37,33,46,56,36,10},
{112,115,121,99,121,103,99,73},
{27,31,25,0,29,26,25,42},
{255,128,138,130,135,129,158,176},
{204,188,180,191,178,166,203,131},
{28,13,116,42,14,121,0,67},
{234,227,245,252,251,224,229,202},
{80,87,77,85,77,73,70,96},
{104,110,99,108,119,116,127,65},
{59,37,34,33,58,47,46,19},
{76,70,56,89,5,91,36,101},
{225,243,238,232,242,240,253,215},
{76,82,95,168,176,176,177,125},
{131,250,252,130,246,253,225,202},
{99,117,104,106,110,117,113,87},
{61,63,34,59,63,52,61,15},
{233,150,238,237,228,233,240,216},
{155,146,215,148,150,153,154,245},
{96,30,13,47,116,117,119,64},
{157,134,154,133,139,157,200,175},
{75,53,76,76,73,181,184,123},
{171,174,171,144,129,253,146,157},
{104,97,121,124,103,117,123,72},
{161,163,239,151,134,133,250,197},
{166,130,255,255,254,254,254,202},
{86,118,119,46,37,46,40,25},
{156,130,252,148,149,150,150,161},
{146,128,141,134,157,132,129,171},
{67,89,69,57,46,33,88,99},
{74,72,69,78,80,91,66,99},
{42,33,34,59,104,117,123,24},
{191,161,165,170,187,244,186,135},
{49,100,54,59,52,40,38,24},
{139,242,194,208,221,242,234,165},
{208,244,232,232,252,240,252,153},
{195,219,218,221,213,153,133,241},
{2,12,14,9,31,52,41,59},
{151,139,147,151,156,149,143,184},
{240,172,142,242,138,252,242,191},
{145,146,206,49,56,51,35,253},
{21,30,4,10,14,23,10,53},
{232,225,226,249,255,254,231,200},
{24,14,2,14,23,79,77,106},
{129,156,158,152,130,152,134,169},
{176,181,151,201,196,202,201,249},
{162,186,188,185,189,160,167,138},
{193,223,218,197,192,223,198,233},
{104,120,99,97,123,123,117,10},
{20,22,73,55,26,24,25,113},
{196,216,220,204,220,202,222,170},
{67,58,67,60,59,63,32,10},
{66,66,76,50,33,3,57,106},
{98,104,112,122,52,46,125,87},
{163,162,167,186,197,249,228,145},
{70,75,68,95,92,87,70,106},
{178,172,236,192,220,194,188,221},
{192,195,194,204,132,136,207,233},
{3,72,74,69,70,68,9,35},
{94,5,107,66,90,71,81,42},
{83,93,90,88,91,87,71,106},
{117,44,35,46,41,48,79,25},
{131,206,194,201,142,221,213,170},
{102,86,116,80,116,119,83,57},
{125,109,118,112,124,99,103,69},
{247,255,236,180,194,215,208,153},
{1,11,29,96,80,78,67,49},
{218,207,223,227,195,253,223,169},
{197,231,189,196,191,185,165,138},
{255,251,224,253,255,231,227,201},
{5,14,21,29,24,26,4,37},
{199,196,248,236,238,133,134,168},
{102,105,53,19,106,19,109,87},
{0,38,2,124,124,119,125,73},
{36,63,108,112,110,16,25,74},
{225,233,149,167,160,253,162,200},
{184,160,185,167,160,188,186,144},
{190,180,163,166,189,165,130,208},
{101,50,46,52,74,89,123,17},
{83,43,42,47,83,93,91,99},
{50,50,34,54,32,40,36,65},
{173,136,154,146,142,142,158,249},
{180,178,191,136,144,155,150,157},
{78,102,122,126,106,98,110,7},
{195,138,152,128,140,132,152,235},
{42,35,62,59,35,62,32,10},
{201,198,207,192,219,223,223,229},
{230,186,197,194,226,227,161,138},
{203,206,194,206,160,208,183,249},
{167,186,165,161,174,191,232,138},
{129,253,146,237,201,233,151,161},
{56,35,35,35,61,56,39,16},
{109,38,108,86,77,66,75,93},
{143,149,145,158,143,236,225,187},
{140,209,211,211,220,208,200,224},
{182,250,247,232,161,185,185,213},
{0,3,31,31,8,13,10,61},
{107,109,49,17,110,86,88,91},
{196,169,141,142,133,136,130,234},
{40,53,37,99,105,108,41,3},
{164,187,162,160,173,166,187,137},
{184,172,169,137,130,135,203,221},
{212,211,203,205,195,139,197,160},
{36,69,42,83,82,81,115,25},
{38,43,36,52,60,34,34,10},
{110,34,44,82,98,62,32,10},
{107,103,44,82,62,63,33,10},
{6,29,14,17,21,26,19,53},
{219,204,133,199,156,44,33,251},
{250,251,160,252,162,128,188,202},
{118,99,125,126,70,82,84,16},
{48,51,23,16,79,74,72,121},
{167,165,162,168,159,161,160,201},
{188,179,163,187,167,163,176,138},
{78,7,0,9,21,26,10,53},
{26,26,29,26,25,1,96,42},
{29,1,30,0,24,30,19,45},
{229,247,243,192,214,212,207,221},
{18,28,58,30,10,24,8,103},
{140,142,211,242,240,242,245,189},
{136,246,139,244,245,133,136,184},
{110,77,101,127,125,123,83,10},
{4,80,88,82,90,67,45,104},
{187,162,172,210,226,192,252,138},
{180,186,247,135,233,182,148,213},
{125,114,99,44,99,50,123,81},
{192,146,159,232,242,246,238,189},
{170,169,180,205,245,238,247,152},
{60,22,60,24,48,60,45,88},
{64,86,70,89,81,45,58,109},
{47,49,44,9,13,2,11,29},
{132,218,135,142,128,138,151,181},
{213,231,224,189,191,198,161,138},
{225,255,227,155,140,137,142,193},
{52,103,43,40,33,59,59,5},
{136,150,159,137,138,136,148,181},
{21,9,22,24,0,6,11,37},
{209,207,200,198,129,245,199,165},
{117,111,97,119,109,106,104,0},
{145,130,203,133,141,154,151,177},
{14,11,65,30,20,5,91,109},
{51,33,60,56,32,34,50,81},
{163,189,165,189,185,182,165,145},
{123,110,114,112,14,29,28,77},
{149,154,147,142,137,142,146,185},
{206,221,255,164,165,167,216,145},
{248,255,242,229,176,226,239,201},
{229,252,234,230,253,249,246,208},
{59,126,49,45,55,57,47,85},
{134,249,239,129,172,182,171,191},
{93,82,91,92,71,69,78,113},
{52,43,50,48,61,54,40,25},
{13,18,64,20,12,15,9,57},
{189,162,160,173,191,185,167,138},
{63,66,98,123,125,120,100,5},
{204,240,228,230,141,142,149,161},
{45,25,51,53,49,58,16,89},
{170,163,181,187,190,160,168,138},
{4,2,15,0,73,3,3,45},
{86,173,176,171,170,173,165,127},
{230,255,254,241,249,181,169,213},
{17,8,14,14,16,11,11,57},
{137,141,130,139,151,149,150,160},
{217,209,199,131,153,152,134,160},
{62,60,61,36,73,120,99,7},
{93,2,95,4,5,90,14,49},
{54,57,58,35,38,61,36,7},
{112,56,52,115,11,57,103,80},
{117,122,115,116,111,107,109,89},
{24,16,0,18,23,1,19,112},
{140,138,159,253,225,139,173,189},
{41,45,34,43,48,48,51,0},
{181,149,236,234,233,254,179,217},
{194,195,196,193,190,168,160,139},
{67,76,77,84,84,95,64,99},
{93,95,87,29,23,30,91,117},
{72,78,79,174,231,240,236,125},
{73,23,75,25,25,70,26,37},
{219,212,204,203,204,54,46,251},
{251,178,191,136,147,148,150,157},
{250,231,236,253,182,249,249,202},
{57,40,46,35,44,52,62,0},
{77,66,75,86,85,85,74,97},
{175,186,184,186,164,190,164,135},
{208,209,214,209,213,208,200,224},
{126,101,60,84,123,97,126,16},
{228,239,236,226,175,207,222,139},
{32,47,37,45,57,39,59,21},
{178,253,252,225,238,231,224,202},
{247,238,227,244,189,160,166,193},
{116,111,107,104,97,127,122,69},
{57,101,61,50,58,58,46,8},
{224,190,226,229,228,186,228,209},
{145,146,154,132,242,158,195,169},
{28,3,7,12,29,86,78,41},
{48,51,111,104,54,51,53,1},
{182,219,162,128,220,130,214,233},
{20,4,18,22,13,90,70,117},
{168,211,143,136,215,212,214,225},
{151,244,156,228,194,224,249,170},
{165,219,165,213,217,217,196,234},
{232,226,227,245,240,239,246,217},
{152,154,152,133,129,142,135,169},
{229,238,246,253,226,251,248,197},
{165,189,183,174,251,225,253,215},
{34,37,59,63,52,61,62,16},
{213,222,197,207,210,194,201,245},
{247,231,253,247,225,255,248,145},
{99,102,125,100,98,111,120,74},
{188,226,182,168,164,167,189,141},
{172,179,170,168,165,174,176,129},
{132,142,240,128,129,131,223,173},
{201,201,200,195,210,175,155,248},
{212,211,206,41,45,34,51,253},
{83,84,71,85,73,35,5,101},
{148,151,159,159,240,174,138,189},
{162,140,180,176,168,179,186,217},
{122,120,117,103,97,116,121,83},
{153,158,128,141,134,135,132,170},
{212,207,203,200,193,217,221,229},
{104,110,112,110,108,104,118,89},
{95,94,66,26,15,6,4,106},
{93,95,94,57,64,66,66,109},
{149,132,133,130,254,255,159,202},
{77,77,64,69,73,6,120,33},
{65,83,71,77,80,5,27,32},
{245,246,233,139,166,184,165,197},
{79,91,89,94,68,84,68,103},
{38,51,34,32,45,38,62,9},
{186,235,167,172,191,191,163,137},
{159,152,137,175,155,155,132,234},
{108,23,75,25,102,101,19,37},
{74,67,93,91,88,66,66,106},
{87,39,54,22,75,76,76,119},
{100,127,44,48,46,80,95,10},
{17,26,3,31,4,31,27,49},
{114,91,118,118,116,110,46,23},
{249,231,249,249,228,226,239,201},
{38,39,56,37,37,35,62,17},
{197,197,222,198,196,223,219,241},
{33,42,58,54,40,55,63,1},
{4,17,21,26,19,20,12,55},
{93,68,79,83,75,83,87,117},
{112,108,114,12,29,26,31,80},
{248,185,179,175,164,173,181,128},
{165,239,229,239,253,184,185,139},
{4,15,9,21,78,82,80,106},
{20,22,25,26,16,93,33,120},
{66,90,94,94,67,94,70,106},
{149,150,141,242,243,235,238,189},
{22,24,0,6,11,119,5,39},
{143,132,149,222,148,205,133,163},
{30,46,47,40,10,42,119,65},
{240,136,243,243,139,253,244,192},
{180,170,212,197,194,199,192,137},
{8,118,101,26,101,29,31,40},
{240,226,251,253,254,228,226,200},
{246,245,250,236,253,236,234,192},
{34,49,48,201,200,203,202,125},
{36,39,47,79,33,93,35,13},
{152,148,130,152,134,156,145,171},
{253,242,251,237,248,226,254,209},
{166,187,187,165,161,174,167,137},
{160,165,135,128,220,220,220,233},
{135,248,242,250,255,249,230,200},
{226,251,255,244,253,228,231,209},
{241,197,214,138,147,220,149,159},
{123,96,126,100,110,16,31,74},
{109,102,126,98,100,98,124,77},
{80,87,83,84,75,0,21,97},
{63,60,36,34,33,35,58,13},
{53,50,44,53,53,47,43,1},
{184,160,162,188,161,188,203,144},
{243,250,191,255,144,235,147,157},
{59,66,96,60,98,54,40,10},
{173,166,186,160,160,189,160,141},
{110,123,124,125,122,7,15,49},
{228,230,231,232,181,182,183,213},
{107,104,98,33,113,126,119,89},
{81,90,66,66,68,91,64,113},
{40,46,35,44,55,62,44,1},
{212,210,211,202,131,148,136,225},
{15,5,24,77,83,79,47,106},
{14,114,116,118,114,106,43,63},
{8,2,124,21,73,23,75,33},
{138,198,130,134,141,202,141,229},
{188,186,183,176,168,171,169,149},
{1,5,7,99,102,117,11,53},
{56,46,34,101,103,102,112,74},
{16,29,7,105,68,94,67,39},
{48,53,50,51,76,70,78,121},
{12,20,24,8,20,17,17,121},
{70,75,68,85,95,93,95,106},
{244,242,255,208,153,219,214,221},
{49,41,50,48,46,33,32,3},
{172,152,143,240,198,202,193,159},
{90,91,80,74,2,10,77,103},
{97,105,46,36,108,36,40,72},
{78,110,49,55,55,51,58,1},
{34,41,36,54,42,51,41,65},
{35,7,0,95,93,95,73,106},
{196,190,189,166,163,164,169,141},
{245,242,237,145,182,163,181,193},
{241,246,243,244,141,133,143,184},
{179,189,166,192,220,194,203,221},
{38,30,10,12,103,120,121,75},
{208,206,176,192,157,158,195,237},
{148,220,157,145,130,222,168,241},
{21,15,9,117,104,111,114,61},
{30,87,64,92,89,103,113,48},
{207,206,208,49,49,43,47,253},
{190,158,178,174,184,189,171,217},
{105,38,97,125,103,105,127,5},
{67,73,67,14,112,121,126,43},
{132,133,158,140,132,159,155,177},
{253,230,250,232,175,171,167,197},
{7,17,25,101,116,13,116,55},
{182,203,203,179,201,202,206,249},
{229,243,232,201,200,203,195,221},
{63,43,53,46,50,57,29,88},
{181,201,235,185,189,186,186,133},
{35,46,80,89,94,91,92,13},
{69,83,23,5,4,26,100,53},
{237,238,179,180,178,177,190,129},
{112,98,127,98,96,109,102,72},
{218,132,133,223,217,220,198,169},
{127,127,125,21,16,31,97,75},
{250,179,254,245,226,239,248,202},
{119,107,114,113,96,102,107,69},
{145,148,146,141,192,202,180,229},
{219,211,221,222,218,199,139,234},
{124,98,28,13,10,15,8,65},
{7,26,28,27,7,3,16,42},
{50,17,8,14,3,20,9,31},
{35,90,35,92,2,94,68,106},
{16,29,11,2,3,14,112,41},
{110,88,80,81,87,76,30,95},
{96,127,102,124,113,122,97,77},
{229,238,239,250,251,227,230,197},
{44,47,39,124,97,111,101,5},
{102,68,96,68,71,99,124,10},
{25,7,1,31,3,31,27,49},
{191,149,150,142,131,146,151,159},
{96,99,100,101,29,30,25,41},
{66,90,85,70,91,90,89,106},
{87,80,43,84,45,40,46,24},
{68,19,67,80,89,90,64,109},
{85,90,83,77,79,73,79,121},
{4,14,15,25,70,9,5,106},
{63,81,114,122,99,119,100,17},
{169,254,226,192,190,173,211,221},
{61,37,42,35,56,57,63,8},
{24,4,26,114,82,78,74,56},
{82,80,46,61,67,61,69,111},
{52,32,26,58,37,35,35,81},
{156,131,154,152,149,134,155,177},
{59,34,32,45,62,119,34,10},
{52,35,34,2,38,63,56,107},
{152,137,215,48,45,34,51,253},
{244,245,243,224,178,250,179,197},
{80,24,24,7,12,5,24,40},
{106,118,108,18,7,127,31,74},
{241,196,231,203,209,215,209,159},
{153,233,228,224,230,251,134,208},
{189,178,187,166,162,166,184,145},
{57,58,35,63,36,63,59,17},
{110,123,2,125,124,121,126,49},
{0,93,113,66,113,83,6,40},
{137,140,137,139,139,144,254,185},
{24,69,99,27,27,26,24,40},
{152,147,158,158,130,150,134,169},
{126,3,2,2,0,3,3,49},
{135,158,147,156,132,133,143,177},
{195,192,206,131,215,152,132,160},
{173,167,174,235,160,162,173,200},
{241,242,227,245,240,239,246,217},
{137,194,217,133,145,158,151,185},
{215,135,140,133,155,159,132,170},
{38,42,49,102,122,104,22,67},
{236,222,242,252,232,174,178,137},
{181,171,175,164,188,181,171,129},
{2,7,77,10,0,17,79,97},
{147,138,136,149,136,245,232,187},
{86,85,87,80,71,58,25,101},
{197,186,188,191,184,187,166,138},
{62,49,50,56,117,37,106,81},
{161,162,185,165,189,185,182,144},
{216,201,196,218,217,196,223,240},
{188,157,179,187,169,227,131,200},
{252,230,235,228,252,247,255,201},
{85,47,40,89,38,94,93,101},
{1,52,20,67,68,6,69,104},
{116,118,121,122,112,61,65,24},
{24,8,24,14,2,14,23,104},
{156,172,178,191,143,162,162,200},
{113,115,119,119,117,107,40,64},
{197,220,214,198,220,202,197,237},
{124,126,122,101,127,29,38,77},
{248,170,224,237,230,254,232,202},
{128,157,130,252,237,149,233,160},
{92,81,90,66,66,77,91,112},
{77,109,18,20,106,18,19,33},
{210,213,201,213,205,201,198,224},
{127,116,125,98,101,111,116,83},
{12,10,7,0,24,26,0,37},
{113,110,99,116,61,32,118,65},
{67,71,76,69,95,92,72,106},
{90,9,70,68,79,76,66,40},
{183,171,211,194,193,190,252,138},
{231,251,255,244,253,231,224,209},
{40,34,42,47,41,54,100,25},
{227,249,229,153,142,248,134,195},
{72,66,74,79,73,86,4,121},
{147,132,152,149,171,189,185,245},
{26,83,24,1,14,73,69,42},
{18,16,11,160,188,162,220,125},
{142,136,150,236,225,234,251,189},
{73,84,86,77,72,87,78,97},
{163,187,189,179,251,181,191,209},
{254,229,250,169,252,246,136,209},
{168,162,186,184,181,190,165,145},
{41,39,54,12,1,10,18,29},
{47,9,57,57,58,32,62,74},
{28,26,23,8,65,8,11,53},
{237,239,235,236,198,236,200,133},
{120,0,122,2,3,124,1,72},
{113,114,123,96,109,102,127,73},
{233,243,247,247,238,247,247,193},
{85,87,86,75,80,79,75,97},
{24,7,2,1,24,30,19,45},
{141,130,139,150,148,145,138,161},
{138,192,133,193,193,204,209,170},
{238,147,145,145,145,151,137,161},
{91,94,95,67,95,71,67,105},
{187,162,160,173,166,186,162,138},
{26,6,29,29,22,6,28,42},
{65,61,57,56,59,35,64,8},
{3,6,29,4,2,15,24,42},
{100,126,102,122,120,117,126,80},
{163,222,224,227,248,230,250,141},
{220,219,198,209,213,218,201,245},
{93,71,90,84,68,71,79,105},
{101,120,35,66,106,118,101,11},
{190,170,162,174,171,225,190,202},
{229,217,200,200,220,143,141,170},
{107,86,89,86,77,34,10,95},
{85,79,70,171,184,179,170,125},
{113,13,114,13,12,113,126,65},
{49,48,77,53,60,51,63,0},
{9,110,7,45,45,48,101,63},
{16,3,9,11,12,33,14,101},
{181,249,247,252,241,250,226,205},
{93,93,95,93,64,44,31,106},
{35,39,44,37,63,62,37,10},
{185,161,189,185,189,178,187,141},
{125,111,125,117,127,113,106,13},
{15,5,24,67,34,10,22,106},
{57,65,61,58,69,58,71,112},
{239,228,237,238,246,249,255,195},
{3,24,27,3,25,25,29,43},
{163,160,161,172,183,202,250,149},
{33,63,59,56,49,43,42,21},
{18,24,22,13,126,108,72,32},
{184,190,179,185,165,238,174,145},
{57,38,61,53,61,38,60,10},
{21,53,50,16,76,49,76,121},
{150,195,142,131,140,148,148,160},
{202,180,221,220,161,131,156,234},
{33,46,62,52,57,50,45,21},
{52,108,26,15,8,1,6,67},
{179,164,218,201,182,185,185,131},
{213,186,224,196,226,227,217,138},
{227,154,192,156,225,151,137,170},
{252,246,254,227,229,250,168,205},
{98,101,103,109,114,99,99,85},
{47,80,87,83,84,75,0,96},
{32,56,58,60,60,34,59,8},
{230,231,235,168,214,195,231,133},
{112,114,123,57,105,102,111,65},
{25,71,70,49,74,76,74,117},
{52,62,54,59,61,34,112,5},
{84,81,115,21,24,22,21,29},
{137,138,131,152,149,158,159,177},
{201,208,214,219,209,213,205,248},
{39,49,35,39,44,60,58,8},
{225,250,245,228,226,239,248,202},
{240,225,252,251,252,227,255,208},
{153,146,137,133,150,143,143,185},
{228,192,220,196,208,220,208,173},
{88,38,75,74,16,52,78,120},
{74,91,20,9,10,67,80,106},
{201,237,205,178,205,177,181,128},
{102,11,10,117,116,113,112,57},
{160,171,191,161,186,190,181,203},
{166,251,160,252,162,134,225,202},
{184,250,185,250,185,164,191,144},
{93,66,69,77,49,32,65,106},
{248,139,130,133,128,152,228,177},
{254,225,254,244,249,242,234,213},
{228,198,197,196,224,186,190,136},
{163,186,186,162,160,173,166,136},
{59,52,96,104,98,106,115,87},
{75,77,91,85,95,88,16,56},
{105,109,98,107,117,114,114,64},
{6,36,93,1,39,32,66,106},
{123,114,103,108,101,102,126,73},
{104,99,106,106,122,59,51,80},
{100,102,98,122,59,51,32,81},
{200,211,134,208,221,214,199,249},
{42,118,0,41,46,43,44,93},
{3,11,94,72,90,90,66,42},
{156,137,139,136,146,144,157,183},
{83,64,18,66,90,88,92,103},
{205,147,219,216,209,200,194,245},
{125,50,48,3,0,14,67,93},
{219,218,220,196,194,207,194,234},
{195,218,221,198,220,202,208,243},
{117,112,113,122,100,122,100,71},
{100,41,85,66,67,61,65,8},
{145,155,152,152,133,213,135,169},
{213,196,195,196,199,227,161,138},
{249,246,244,172,249,190,180,213},
{219,195,199,204,197,223,223,233},
{66,82,94,68,67,94,89,106},
{88,95,91,92,67,8,29,105},
{194,214,198,220,209,218,202,237},
{195,204,200,206,211,154,136,247},
{61,63,62,38,34,38,43,13},
{188,186,183,168,225,255,249,149},
{62,49,21,53,52,53,69,119},
{88,84,76,87,94,28,0,55},
{227,185,193,171,228,172,195,152},
{75,65,91,34,18,0,13,115},
{103,120,99,123,126,101,124,79},
{206,129,209,222,215,50,42,251},
{241,174,174,145,145,149,147,157},
{126,103,99,112,97,42,99,77},
{15,111,1,123,3,88,5,47},
{164,167,174,171,180,241,249,144},
{160,216,254,218,163,173,164,144},
{1,14,40,21,7,27,95,121},
{251,132,131,132,254,163,153,202},
{135,131,131,137,151,212,222,181},
{223,212,221,222,194,205,208,243},
{82,80,93,86,75,177,183,123},
{218,223,194,219,223,212,221,239},
{100,124,124,100,82,122,122,13},
{34,56,60,38,63,56,32,10},
{108,109,106,89,117,50,61,13},
{30,1,26,0,28,25,25,113},
{93,89,65,32,30,1,26,109},
{6,11,28,85,79,75,28,42},
{132,138,199,183,133,163,219,229},
{201,211,215,220,213,207,206,249},
{149,144,222,211,220,204,192,240},
{139,132,166,163,220,217,195,231},
{8,95,82,72,69,69,19,97},
{95,93,77,83,79,57,31,107},
{133,133,196,178,161,166,192,234},
{144,143,150,236,225,234,242,189},
{209,154,211,200,197,214,206,225},
{61,32,56,62,51,60,34,15},
{139,140,196,133,137,154,198,232},
{91,83,95,66,43,1,1,105},
{134,153,145,215,221,208,149,175},
{82,79,74,89,64,70,75,101},
{227,166,216,185,229,230,196,133},
{223,218,207,153,151,210,172,237},
{4,14,112,1,0,123,124,45},
{149,233,248,212,246,138,242,181},
{119,127,108,52,66,87,80,25},
{68,78,79,89,6,73,69,42},
{192,198,203,196,220,218,218,233},
{132,137,133,202,180,165,162,231},
{63,59,54,55,59,120,6,83},
{138,155,212,203,207,210,156,170},
{21,2,5,4,1,35,101,74},
{232,226,234,136,252,179,163,208},
{114,112,125,118,102,80,76,91},
{99,127,98,108,124,122,119,81},
{191,143,165,167,163,180,249,203},
{209,137,151,139,132,157,133,168},
{204,194,143,239,221,253,131,173},
{203,179,162,167,222,185,192,235},
{95,91,92,67,8,29,31,106},
{62,83,15,84,84,87,87,97},
{149,141,215,220,209,218,193,237},
{122,117,127,59,33,61,106,24},
{120,94,95,1,3,7,7,49},
{212,198,191,131,152,133,143,231},
{130,132,138,130,148,136,150,176},
{21,11,11,112,110,116,106,61},
{88,87,78,67,76,84,84,96},
{36,46,80,124,32,35,34,13},
{92,85,18,108,4,4,121,48},
{0,1,7,28,78,30,31,49},
{55,48,47,43,48,40,47,23},
{23,28,21,22,7,120,104,59},
{209,218,219,197,194,192,222,241},
{49,50,54,43,127,45,55,0},
{249,250,226,228,252,251,230,209},
{244,242,255,200,210,213,200,221},
{221,174,188,152,147,157,129,243},
{58,58,60,61,58,61,33,10},
{44,107,19,4,34,127,96,74},
{152,155,155,128,153,153,153,170},
{196,195,222,217,221,210,219,237},
{66,93,89,86,95,80,72,115},
{22,17,14,85,5,10,3,37},
{71,95,38,22,12,1,53,112},
{64,76,74,69,83,60,22,121},
{128,200,196,131,251,201,151,160},
{116,13,114,10,9,120,117,59},
{28,24,5,0,31,6,25,42},
{219,178,179,173,174,171,180,153},
{127,125,127,124,113,96,103,77},
{94,83,64,77,94,23,67,106},
{68,73,88,71,76,90,66,104},
{104,108,98,113,106,111,118,89},
{239,150,166,188,177,133,168,193},
{104,98,28,13,41,119,43,65},
{121,125,114,123,102,109,99,80},
{28,0,4,12,57,29,71,104},
{63,35,114,12,27,57,102,80},
{221,192,205,198,222,200,218,235},
{60,35,58,56,53,62,36,17},
{140,128,199,183,160,219,164,229},
{16,11,15,4,13,18,31,33},
{158,131,135,140,157,214,152,169},
{159,129,129,131,131,132,135,175},
{78,2,12,114,66,67,92,42},
{242,243,140,134,142,243,245,187},
{13,113,96,92,1,2,2,45},
{153,135,197,73,111,116,108,253},
{250,150,203,231,224,198,154,165},
{16,31,2,0,13,6,7,41},
{216,196,218,164,181,180,183,248},
{10,13,11,17,12,10,12,57},
{11,225,245,231,192,236,228,127},
{131,174,174,172,182,246,230,192},
{165,170,163,190,186,186,160,137},
{136,145,150,147,148,237,229,215},
{248,243,227,245,231,227,240,202},
{197,198,216,202,208,214,219,245},
{225,231,250,248,245,254,230,209},
{200,217,146,136,216,193,206,232},
{85,80,70,92,66,64,77,103},
{16,14,3,12,20,21,16,33},
{74,52,92,34,95,3,65,106},
{77,6,74,225,252,174,163,125},
{135,131,234,243,188,245,234,192},
{240,226,226,234,247,186,232,149},
{204,200,205,45,54,58,42,253},
{122,114,98,101,109,17,0,73},
{247,240,225,236,240,237,235,215},
{37,90,37,84,89,93,69,106},
{133,250,160,132,129,253,233,202},
{99,103,108,125,54,42,54,74},
{135,232,147,183,237,177,231,216},
{172,128,156,130,252,237,149,159},
{68,90,83,77,76,85,77,121},
{170,179,186,181,172,170,167,129},
{14,112,117,118,108,125,108,63},
{234,227,252,230,255,230,252,202},
{231,213,243,242,245,244,142,184},
{137,151,139,243,226,194,159,169},
{160,233,161,247,184,181,190,144},
{155,158,156,157,128,201,194,170},
{117,62,36,41,101,106,121,69},
{57,50,40,37,45,49,46,25},
{168,191,186,181,191,177,182,205},
{9,13,7,67,59,44,41,96},
{31,2,81,1,14,7,24,42},
{235,230,233,217,220,223,210,221},
{108,97,25,115,60,112,27,64},
{55,48,43,46,46,44,50,23},
{136,144,146,151,143,147,149,160},
{100,99,122,97,96,115,119,85},
{104,110,99,108,115,126,113,65},
{189,237,191,170,173,183,163,149},
{196,194,207,216,200,202,195,237},
{100,117,81,119,118,113,45,59},
{52,40,46,35,44,52,52,0},
{29,25,28,2,31,31,25,42},
{138,244,157,157,158,159,220,170},
{245,250,243,244,236,237,246,217},
{233,182,146,147,235,239,231,217},
{47,56,35,43,42,57,44,15},
{192,200,199,233,195,193,202,168},
{228,234,255,244,229,174,238,209},
{57,118,32,57,105,102,111,65},
{19,1,31,3,123,108,22,32},
{70,75,68,69,92,91,70,106},
{182,180,177,169,180,161,165,131},
{93,82,91,68,94,71,69,113},
{112,121,99,99,109,108,121,80},
{170,163,178,177,172,183,179,153},
{236,242,140,157,229,153,158,209},
{141,143,240,241,243,247,247,189},
{134,156,130,133,132,142,240,169},
{163,167,172,188,184,186,188,138},
{54,52,42,62,59,35,39,5},
{56,58,61,37,33,46,63,9},
{109,36,40,38,88,100,70,3},
{136,148,151,157,128,134,139,165},
{164,190,179,188,164,167,188,145},
{81,45,60,24,69,70,70,113},
{46,0,15,6,77,69,57,96},
{106,123,52,46,43,99,112,74},
{89,45,58,59,60,57,70,113},
{214,231,210,238,185,186,248,141},
{74,87,82,177,168,174,163,125},
{233,240,246,251,236,165,191,216},
{84,84,80,73,84,65,69,99},
{140,138,135,152,209,204,200,165},
{144,145,147,141,136,151,142,161},
{129,158,147,132,153,150,135,177},
{121,122,122,3,124,124,122,73},
{117,100,105,98,114,99,126,71},
{231,133,173,170,190,171,187,201},
{130,208,132,159,153,153,159,170},
{157,145,135,149,137,227,197,165},
{251,254,228,250,228,231,239,201},
{3,65,83,73,85,41,27,113},
{11,5,2,70,7,15,28,101},
{69,79,76,180,169,249,179,125},
{155,152,153,154,128,251,213,170},
{63,50,63,34,88,125,106,9},
{140,170,142,129,249,248,248,197},
{122,99,103,108,101,125,123,73},
{48,48,77,111,104,61,63,0},
{117,106,103,96,124,97,120,69},
{140,129,138,151,148,142,147,160},
{60,49,58,34,35,39,47,16},
{227,225,243,225,241,251,245,144},
{172,136,213,214,214,167,216,227},
{69,71,56,73,54,67,75,117},
{242,248,181,201,222,169,208,147},
{87,90,91,87,28,98,113,56},
{60,43,96,98,109,110,124,10},
{35,42,9,57,35,33,39,77},
{242,244,248,224,159,177,163,203},
{176,175,182,140,129,138,151,157},
{100,124,112,96,124,121,121,17},
{105,107,99,27,117,9,118,65},
{149,143,134,248,232,239,242,189},
{135,155,158,133,156,154,151,177},
{0,80,80,83,15,8,85,95},
{19,95,88,66,79,64,9,107},
{6,65,67,75,5,11,78,104},
{162,186,187,184,188,160,168,138},
{58,59,60,66,98,62,36,10},
{187,179,189,190,186,167,235,138},
{93,3,122,88,7,1,15,49},
{230,231,230,227,245,186,184,209},
{231,240,245,242,243,140,134,184},
{144,205,197,195,202,135,239,170},
{62,49,37,55,44,52,63,85},
{188,189,187,179,184,187,185,136},
{241,213,214,242,141,140,141,184},
{87,64,92,89,103,113,117,49},
{34,44,100,104,47,126,126,11},
{9,2,3,29,24,7,2,41},
{65,78,95,8,73,64,95,109},
{190,194,203,195,198,192,223,241},
{223,198,221,222,214,198,220,234},
{179,162,160,173,166,167,163,138},
{65,82,89,68,66,79,88,106},
{101,127,121,96,98,125,100,77},
{216,201,130,204,158,209,222,248},
{245,165,170,187,244,190,239,136},
{205,206,215,195,216,195,199,229},
{181,201,178,186,186,185,165,133},
{251,225,253,151,177,147,149,219},
{66,67,87,93,64,118,87,48},
{73,95,69,66,64,7,68,42},
{10,116,101,98,103,96,1,42},
{61,59,58,43,120,101,107,8},
{232,232,240,237,244,242,255,217},
{216,228,184,195,194,197,185,135},
{222,199,204,221,150,223,220,234},
{244,185,229,226,190,186,189,201},
{53,62,38,32,41,53,45,21},
{109,113,13,26,100,26,31,80},
{134,159,139,152,191,132,148,232},
{100,115,98,49,97,110,103,73},
{149,154,147,137,133,149,138,185},
{190,187,194,187,196,195,199,241},
{131,135,137,190,135,149,149,234},
{123,116,41,42,44,43,36,23},
{193,196,242,211,222,209,199,175},
{116,9,119,7,37,121,127,69},
{227,228,157,226,154,153,136,170},
{149,136,147,146,149,135,233,184},
{107,104,114,112,125,108,108,89},
{205,199,202,208,221,204,223,249},
{24,19,2,1,28,7,6,41},
{206,217,149,137,220,205,222,248},
{191,188,167,191,185,166,188,138},
{156,203,195,136,138,133,134,225},
{174,174,170,179,174,183,179,153},
{6,75,51,34,39,32,57,106},
{146,209,173,194,187,196,154,240},
{181,226,183,172,160,168,231,193},
{84,82,95,176,249,230,181,125},
{159,153,132,129,137,130,154,173},
{170,215,251,253,240,211,255,144},
{147,253,249,178,160,175,166,189},
{244,242,255,200,214,215,206,221},
{166,179,180,181,178,207,199,249},
{142,222,158,110,101,34,92,253},
{9,13,2,11,22,20,23,32},
{160,162,220,248,249,164,175,145},
{218,162,163,129,167,166,200,234},
{122,124,100,98,111,120,96,75},
{4,93,82,24,93,25,25,112},
{187,162,184,187,179,203,220,143},
{229,170,168,171,168,166,235,197},
{126,3,11,5,6,2,31,49},
{64,29,61,66,59,58,71,112},
{56,58,54,48,125,125,112,13},
{161,221,218,167,165,175,165,145},
{114,111,108,117,113,126,111,89},
{219,217,212,192,221,221,217,234},
{104,107,115,64,87,82,79,93},
{145,154,130,133,140,134,152,177},
{240,249,250,225,236,252,251,208},
{10,28,27,15,25,85,33,120},
{240,167,239,228,247,243,235,193},
{177,175,179,203,164,166,167,145},
{62,45,83,45,9,87,40,97},
{109,102,118,99,97,125,101,77},
{131,135,140,133,159,152,155,170},
{184,184,181,160,186,191,185,138},
{4,27,2,0,13,6,30,41},
{253,255,239,237,241,155,189,205},
{26,83,21,72,7,6,16,42},
{228,161,240,230,240,240,244,128},
{207,207,214,45,48,43,47,253},
{251,250,250,255,248,246,240,202},
{153,152,129,159,159,155,153,170},
{96,70,28,27,31,22,15,41},
{241,186,240,228,154,137,142,193},
{87,80,78,68,73,66,90,101},
{196,199,207,175,192,194,195,237},
{251,130,252,161,250,251,233,202},
{68,96,101,18,26,28,23,40},
{45,34,43,53,51,50,42,1},
{105,73,77,66,75,76,84,95},
{252,249,135,212,240,137,137,181},
{7,116,111,7,34,55,44,63},
{148,145,135,220,147,131,153,241},
{165,232,250,254,242,230,250,141},
{131,209,210,202,200,196,215,248},
{56,60,52,122,54,62,54,81},
{36,58,111,110,104,123,63,25},
{145,137,138,139,144,143,139,185},
{158,156,157,145,150,130,223,241},
{71,87,77,71,81,79,72,33},
{53,58,51,52,36,44,54,25},
{131,155,159,148,157,158,130,177},
{81,80,95,83,86,85,77,103},
{233,248,175,255,244,253,228,208},
{239,229,232,173,231,233,176,138},
{226,156,153,156,159,132,159,171},
{155,153,134,237,145,222,220,173},
{61,51,61,35,77,96,98,10},
{74,67,68,92,92,95,89,106},
{70,66,95,3,81,78,77,117},
{55,92,116,114,105,48,88,25},
{181,166,239,171,171,182,187,149},
{181,191,170,255,228,232,224,136},
{113,13,28,27,26,58,59,81},
{15,23,19,96,115,114,118,61},
{157,143,140,236,225,242,187,189},
{248,254,243,252,253,226,229,209},
{121,119,98,55,44,32,40,64},
{80,40,45,82,43,81,80,96},
{85,94,70,75,73,81,67,117},
{158,139,154,152,149,158,143,177},
{133,138,155,130,133,152,130,169},
{116,9,113,112,127,115,118,69},
{246,252,224,227,235,147,132,199},
{250,251,252,253,162,255,232,202},
{240,251,239,241,234,206,197,155},
{160,168,231,161,175,234,148,197},
{202,180,180,182,181,176,167,131},
{128,225,227,231,231,229,251,207},
{227,249,241,190,162,128,145,155},
{233,237,234,247,243,192,211,219},
{183,176,172,169,182,174,172,151},
{113,117,122,106,109,110,114,88},
{199,213,201,181,164,128,221,231},
{133,142,150,145,154,129,158,165},
{240,167,247,252,245,232,236,217},
{24,102,115,116,115,12,82,56},
{205,183,199,49,50,50,35,253},
{55,43,36,126,119,97,48,10},
{253,249,229,176,226,239,248,202},
{49,9,13,66,15,11,6,95},
{37,42,42,34,53,43,55,17},
{115,11,26,58,103,105,53,83},
{141,131,150,141,137,139,150,185},
{29,97,83,113,112,115,12,61},
{62,39,57,57,36,34,47,9},
{125,1,16,80,40,82,42,93},
{4,2,28,112,92,84,68,48},
{74,52,35,36,39,32,28,106},
{148,139,142,137,148,195,147,185},
{43,38,41,25,28,22,17,29},
{26,7,28,5,1,14,7,41},
{93,69,69,87,77,83,87,117},
{134,139,156,129,142,135,134,170},
{199,217,218,219,199,204,197,231},
{189,178,187,160,167,189,163,145},
{251,250,226,236,146,254,255,201},
{178,206,182,48,72,77,50,253},
{200,214,223,206,205,213,195,245},
{100,31,24,17,104,108,104,85},
{45,115,114,40,41,116,114,65},
{249,248,164,210,199,192,217,138},
{134,139,132,133,159,153,134,170},
{68,98,63,89,35,36,33,13},
{203,239,232,232,234,181,211,138},
{69,57,87,88,5,91,7,101},
{244,252,247,180,249,249,244,145},
{0,7,1,31,0,4,30,49},
{126,125,103,108,125,54,124,73},
{221,197,223,217,216,210,159,237},
{193,210,155,221,129,202,199,225},
{109,98,114,118,117,106,103,65},
{57,2,22,8,78,82,80,106},
{246,233,242,232,244,241,241,153},
{120,126,122,100,43,33,52,74},
{34,58,60,52,37,58,37,10},
{103,123,96,104,122,106,116,10},
{136,141,141,196,186,169,139,225},
{135,131,129,151,141,147,151,181},
{101,110,97,117,105,117,113,87},
{166,202,202,204,180,206,147,249},
{46,48,63,33,37,42,35,5},
{192,216,128,153,144,142,211,245},
{215,203,179,164,223,223,193,234},
{132,140,185,130,150,136,206,232},
{40,55,55,48,32,38,43,5},
{112,119,115,102,11,43,40,69},
{134,149,141,136,146,144,157,183},
{120,126,124,99,127,17,38,77},
{132,128,153,130,133,128,159,176},
{2,25,28,26,7,2,1,42},
{135,238,239,251,226,248,250,197},
{151,142,131,150,148,158,139,161},
{169,172,168,173,168,179,221,152},
{24,30,19,28,6,3,6,49},
{139,198,218,200,182,165,135,229},
{136,206,176,193,193,187,188,237},
{70,75,68,84,90,66,67,106},
{96,99,28,98,109,96,110,81},
{163,219,128,164,161,217,193,234},
{33,37,38,33,34,56,71,17},
{224,225,247,225,247,188,193,129},
{184,187,179,248,250,245,246,145},
{108,106,119,124,117,111,104,89},
{147,139,147,151,156,144,150,184},
{62,39,36,47,48,54,59,21},
{32,40,51,104,116,106,20,69},
{160,174,183,192,210,242,249,151},
{11,15,22,61,109,98,115,61},
{88,82,44,61,25,26,27,113},
{21,8,19,23,28,21,12,56},
{66,89,69,64,95,70,89,106},
{142,145,139,143,150,236,225,187},
{56,49,50,41,53,48,47,24},
{240,228,197,249,253,243,238,149},
{194,195,243,218,200,196,216,165},
{111,80,80,45,82,86,80,95},
{204,206,207,45,51,50,42,253},
{88,89,64,67,71,92,91,112},
{183,240,235,178,167,172,165,135},
{215,198,147,128,140,132,203,229},
{121,38,39,45,40,46,53,21},
{154,156,153,152,153,129,249,170},
{183,145,153,146,138,137,148,159},
{51,58,52,51,50,34,49,11},
{234,248,245,225,238,252,226,202},
{28,27,4,2,15,24,8,43},
{188,165,186,184,181,190,166,145},
{34,37,45,81,62,124,33,11},
{71,64,88,65,88,84,68,103},
{248,242,224,237,255,251,226,202},
{171,181,183,169,187,175,165,197},
{6,17,21,26,19,14,12,55},
{41,63,41,63,116,9,57,74},
{24,31,17,29,5,79,65,33},
{75,81,79,77,84,82,95,121},
{50,94,3,57,64,61,66,109},
{81,85,87,51,54,37,91,101},
{156,146,153,141,241,158,129,170},
{105,21,4,32,125,126,126,73},
{6,84,118,10,116,9,4,55},
{224,249,249,249,253,242,251,205},
{92,88,65,78,71,65,72,107},
{73,53,91,92,36,33,32,105},
{80,83,91,35,52,18,78,121},
{88,83,68,50,39,3,57,106},
{76,75,86,65,64,70,75,101},
{194,198,219,143,197,142,192,241},
{122,96,117,125,103,99,112,74},
{29,97,96,92,1,2,6,45},
{37,117,61,37,34,62,51,13},
{230,195,240,154,236,253,250,175},
{169,214,174,173,164,169,176,152},
{87,81,82,71,92,67,71,101},
{7,28,1,26,24,21,1,48},
{161,178,251,178,178,170,167,129},
{25,29,14,82,36,53,50,119},
{152,132,155,132,211,131,144,170},
{240,242,248,251,227,157,166,201},
{240,241,254,230,143,171,168,197},
{230,243,242,245,242,210,138,185},
{93,94,2,4,122,7,6,49},
{79,12,94,87,65,30,67,43},
{39,43,35,58,70,127,109,17},
{231,229,251,254,229,252,250,208},
{145,237,250,132,250,255,134,177},
{98,103,96,1,9,3,0,45},
{73,6,4,15,12,2,79,105},
{103,14,23,80,79,31,7,37},
{124,1,126,98,100,102,98,77},
{40,97,124,121,48,61,46,24},
{49,50,54,43,127,53,126,0},
{59,34,32,45,38,56,32,10},
{33,61,37,36,46,80,124,10},
{193,202,214,220,221,212,222,225},
{228,229,227,240,162,242,234,213},
{90,90,48,51,34,94,94,105},
{33,126,121,105,97,124,9,77},
{126,118,119,80,124,116,100,16},
{174,195,188,189,188,198,155,241},
{74,67,93,84,90,91,95,106},
{177,232,139,173,175,190,235,197},
{29,7,43,33,46,36,38,69},
{88,69,76,95,91,88,81,115},
{167,186,165,161,174,186,160,138},
{26,7,12,5,28,30,6,42},
{5,30,30,24,85,85,88,53},
{101,103,126,101,96,100,126,81},
{244,249,242,234,237,246,239,216},
{12,23,19,96,113,58,112,61},
{232,243,234,247,243,192,201,219},
{28,17,11,31,20,29,7,48},
{28,29,67,60,61,69,67,112},
{26,27,37,63,59,82,83,117},
{217,215,146,236,216,132,135,176},
{250,166,182,245,169,190,179,141},
{4,9,2,25,21,31,3,40},
{156,230,187,151,232,149,233,213},
{47,86,102,124,113,85,110,1},
{186,138,158,136,128,155,208,234},
{207,139,145,141,241,224,220,170},
{251,253,227,231,236,252,249,200},
{129,223,223,191,200,199,203,237},
{185,166,170,190,241,190,188,205},
{25,25,29,2,29,6,28,42},
{95,90,71,93,69,65,78,104},
{32,55,64,82,114,121,123,24},
{124,124,122,100,96,124,61,77},
{97,125,121,118,102,104,106,83},
{41,102,33,61,39,41,63,69},
{186,189,161,174,208,223,253,139},
{55,21,21,9,20,19,12,31},
{15,26,87,83,94,95,83,57},
{5,10,3,29,27,3,25,41},
{86,84,85,89,94,74,23,57},
{227,224,238,163,219,181,201,128},
{21,30,31,10,12,15,18,53},
{226,248,230,252,241,250,231,205},
{137,151,149,147,138,145,142,161},
{92,94,90,81,50,33,94,105},
{173,166,190,168,188,163,186,141},
{41,86,43,46,44,45,48,24},
{154,155,192,193,194,159,129,170},
{229,253,229,225,238,231,232,202},
{71,64,91,94,95,65,84,103},
{75,62,73,39,15,12,24,101},
{57,58,39,39,60,59,38,17},
{34,39,109,42,32,49,111,65},
{231,216,209,205,214,205,201,223},
{216,222,211,220,196,193,193,241},
{0,122,4,5,124,1,126,73},
{179,168,255,175,164,173,180,128},
{186,155,149,138,156,141,172,249},
{128,128,131,159,135,129,158,177},
{73,53,36,35,36,95,32,105},
{254,212,240,138,138,140,143,183},
{29,5,31,25,29,18,108,45},
{9,6,23,80,24,28,2,37},
{39,58,58,36,34,47,33,10},
{53,42,38,11,23,17,10,29},
{25,18,25,30,26,0,123,41},
{196,206,176,193,190,195,159,237},
{208,201,212,193,192,202,180,229},
{173,174,169,177,172,167,166,153},
{186,164,165,163,186,225,190,202},
{40,62,52,0,9,18,8,29},
{61,99,100,101,124,102,125,74},
{24,11,14,21,12,10,7,33},
{155,147,157,158,154,135,203,170},
{20,22,22,24,25,24,19,37},
{63,64,66,75,70,66,67,112},
{70,75,68,95,89,89,93,106},
{99,102,125,100,98,111,120,74},
{76,77,78,73,93,18,16,121},
{27,20,54,22,75,51,76,119},
{130,131,157,155,153,134,157,170},
{112,112,116,109,104,119,110,65},
{75,3,41,43,47,32,109,63},
{87,39,72,51,52,77,52,119},
{109,102,124,97,98,127,101,77},
{221,128,248,211,211,208,218,185},
{186,165,234,255,225,226,194,138},
{20,76,58,47,40,33,38,99},
{190,162,175,184,185,164,167,141},
{61,120,106,78,66,86,74,29},
{117,111,102,89,76,85,81,93},
{245,224,159,177,163,183,189,205},
{83,77,69,78,80,179,168,123},
{208,173,215,210,221,210,201,225},
{201,210,217,192,205,198,219,233},
{6,46,38,58,40,41,63,69},
{136,226,229,244,140,140,142,184},
{190,181,168,179,178,181,189,151},
{189,178,187,188,163,191,186,145},
{202,207,200,185,177,187,184,133},
{114,117,125,1,16,81,80,91},
{35,34,56,32,35,63,59,17},
{148,233,150,154,156,158,154,165},
{36,44,56,52,56,57,115,87},
{188,191,198,161,166,165,167,141},
{36,41,34,35,63,60,39,8},
{237,234,244,238,244,242,255,217},
{37,23,5,29,23,14,91,117},
{79,77,81,59,29,7,1,111},
{202,180,165,221,161,166,193,234},
{177,184,185,187,163,200,224,137},
{220,167,216,161,170,162,162,149},
{12,19,10,8,5,14,21,33},
{165,191,177,167,189,186,184,208},
{75,29,7,12,29,86,78,41},
{44,41,86,80,88,89,95,101},
{37,95,100,116,106,48,44,11},
{252,241,250,251,229,228,231,208},
{64,69,69,4,114,66,30,41},
{253,254,229,235,236,243,246,213},
{164,175,229,237,171,161,180,202},
{244,253,236,234,231,249,255,195},
{21,19,10,8,5,14,15,33},
{164,181,145,207,147,48,78,251},
{141,142,142,172,244,247,245,189},
{164,181,145,146,176,79,48,251},
{243,229,162,168,185,231,248,202},
{110,111,110,124,49,49,60,89},
{205,210,215,202,200,197,206,224},
{224,251,242,224,245,251,231,200},
{37,81,70,95,88,93,34,13},
{179,182,186,178,170,199,231,128},
{141,140,148,148,146,135,156,163},
{189,157,227,155,156,231,224,209},
{221,130,223,133,217,255,134,177},
{168,168,170,171,174,165,170,152},
{251,167,131,253,129,250,233,202},
{138,150,140,228,192,220,196,170},
{61,56,57,62,85,80,32,10},
{64,92,66,60,43,9,86,96},
{120,14,62,99,56,57,58,80},
{149,149,147,141,202,192,209,160},
{87,92,85,86,78,184,185,123},
{145,238,147,150,148,149,136,160},
{123,116,117,102,103,73,76,91},
{127,103,99,112,121,99,98,77},
{23,109,108,99,104,115,11,88},
{46,45,46,41,49,105,79,27},
{53,58,56,104,61,122,112,25},
{209,146,154,128,141,134,156,169},
{12,15,119,36,121,127,126,69},
{228,233,250,179,251,225,238,200},
{229,154,192,156,225,158,135,170},
{229,174,226,234,245,250,243,213},
{222,203,239,232,233,182,206,129},
{248,239,224,241,245,250,235,213},
{68,92,29,17,2,94,40,113},
{205,139,129,148,209,151,157,237},
{85,94,69,64,84,75,75,117},
{105,108,115,106,100,26,9,64},
{185,179,170,169,180,175,171,129},
{25,101,10,115,12,82,14,57},
{104,121,99,107,49,109,17,72},
{53,62,38,45,41,46,52,21},
{108,123,101,107,112,115,123,85},
{232,150,131,132,133,130,255,200},
{104,119,110,100,105,122,101,69},
{213,200,211,213,212,197,209,248},
{186,231,197,196,191,198,160,138},
{148,155,138,137,148,143,139,161},
{239,243,242,129,253,227,255,217},
{212,210,223,48,40,34,92,253},
{245,143,190,191,179,133,181,219},
{155,160,190,235,184,165,171,200},
{24,81,78,27,0,13,6,40},
{194,210,213,196,195,222,217,234},
{226,210,142,143,142,243,250,189},
{173,243,243,139,244,137,243,193},
{213,139,131,137,141,134,150,185},
{141,249,203,153,152,227,154,165},
{68,71,79,47,62,67,60,109},
{15,4,13,14,22,31,30,35},
{197,197,200,205,193,142,240,169},
{39,125,2,1,126,97,98,75},
{31,104,115,117,104,117,115,63},
{173,166,190,160,166,191,161,141},
{90,64,93,95,90,70,92,106},
{134,139,132,153,156,128,134,170},
{90,93,92,86,40,20,72,115},
{165,174,178,184,164,184,191,133},
{56,106,103,96,122,115,114,69},
{59,61,34,112,36,60,63,8},
{157,194,151,136,137,131,155,173},
{249,242,238,237,237,241,233,217},
{198,154,227,228,194,158,129,170},
{5,90,6,84,118,86,116,53},
{196,141,158,130,131,189,183,234},
{236,236,243,242,245,253,170,216},
{38,38,56,41,41,51,55,21},
{153,154,184,148,176,179,194,245},
{196,185,193,192,207,195,198,245},
{19,72,73,74,23,25,24,35},
{144,128,158,220,192,222,160,249},
{152,128,215,135,140,133,156,168},
{131,250,202,200,197,241,220,173},
{28,19,5,13,15,19,18,53},
{148,153,146,147,142,133,151,184},
{233,250,235,184,165,171,161,201},
{183,176,177,171,174,171,180,151},
{201,205,209,195,202,212,215,248},
{124,126,104,127,96,102,107,69},
{221,194,193,132,137,130,158,165},
{222,203,204,205,202,183,191,129},
{197,223,217,217,220,195,218,237},
{238,225,226,232,165,217,183,129},
{33,37,42,35,61,52,60,8},
{67,68,65,68,70,77,89,115},
{161,253,162,218,165,164,167,144},
{152,140,173,97,101,107,118,253},
{37,46,47,57,61,63,34,5},
{149,152,141,148,141,137,134,160},
{221,193,218,217,221,210,219,237},
{20,18,31,104,112,115,118,61},
{214,211,212,173,165,175,172,153},
{91,89,93,85,67,62,14,105},
{177,170,179,176,181,172,170,128},
{211,217,210,212,202,167,135,224},
{40,55,46,36,41,58,115,5},
{209,208,211,211,196,216,198,224},
{215,213,214,196,201,216,217,229},
{68,5,9,26,70,71,64,106},
{173,177,162,235,160,181,201,144},
{188,161,171,166,142,162,162,200},
{117,27,64,98,103,67,1,42},
{216,196,193,255,233,237,152,170},
{115,124,108,102,103,119,96,83},
{69,58,62,59,55,57,48,10},
{165,174,182,191,188,167,186,133},
{23,3,6,28,105,125,91,47},
{243,252,238,244,247,225,224,195},
{15,8,13,114,124,116,117,64},
{170,214,214,216,160,216,223,229},
{34,35,36,57,46,49,53,19},
{92,91,70,81,85,90,83,117},
{224,225,229,249,227,230,254,209},
{23,15,10,25,0,6,11,37},
{210,211,220,193,206,223,136,234},
{214,208,201,210,208,204,202,224},
{195,198,221,196,147,195,208,234},
{65,76,68,75,67,65,86,112},
{228,224,234,250,151,183,180,209},
{192,223,192,192,222,212,217,243},
{18,2,71,75,5,121,23,33},
{59,57,57,57,63,33,126,10},
{213,196,224,189,190,190,223,138},
{60,62,85,79,72,181,173,123},
{80,65,31,16,9,17,11,53},
{228,226,228,241,244,235,242,213},
{94,71,91,89,94,92,19,45},
{41,118,119,45,113,81,40,25},
{6,11,4,28,29,29,29,42},
{13,4,11,7,2,115,121,59},
{227,230,253,228,179,227,240,202},
{148,158,150,155,157,130,208,165},
{100,103,30,105,110,109,111,85},
{90,93,36,95,88,71,69,107},
{254,240,255,255,226,153,171,200},
{63,34,33,60,39,35,48,10},
{37,60,86,117,102,127,121,17},
{67,66,69,66,98,58,41,10},
{168,162,170,163,211,225,226,136},
{105,119,107,124,53,126,111,73},
{123,99,102,125,100,110,16,73},
{249,246,231,160,189,188,247,213},
{96,105,119,118,105,116,114,64},
{25,16,3,2,5,13,113,40},
{195,202,233,217,195,193,199,173},
{233,166,164,175,172,162,239,201},
{84,66,73,85,81,94,87,121},
{63,42,112,102,107,100,127,71},
{2,31,24,30,3,30,9,42},
{191,171,161,164,241,239,243,205},
{70,85,75,83,87,92,85,119},
{236,233,254,222,232,234,235,153},
{166,170,181,168,188,188,248,202},
{41,117,85,119,83,42,44,24},
{105,115,118,113,104,116,114,65},
{17,16,54,55,101,111,103,88},
{74,86,76,50,39,3,57,106},
{100,100,127,116,125,98,99,81},
{39,32,59,51,51,33,60,7},
{156,225,158,133,129,130,157,173},
{160,169,184,190,179,165,173,143},
{144,138,147,138,136,133,150,160},
{55,62,114,116,38,104,105,89},
{201,200,203,195,187,213,138,224},
{76,90,86,77,76,79,71,97},
{30,0,24,30,19,28,29,47},
{61,58,106,118,108,18,127,72},
{113,123,118,94,114,114,123,25},
{76,65,74,75,86,86,85,96},
{126,121,101,99,105,33,115,10},
{42,36,90,54,72,71,101,3},
{240,228,224,255,244,253,227,208},
{141,149,143,233,237,226,235,189},
{252,255,254,241,137,136,131,181},
{48,43,47,36,53,126,100,1},
{41,48,51,48,42,52,46,1},
{102,100,111,108,98,47,79,10},
{188,244,181,185,170,246,128,217},
{179,162,160,173,166,167,162,138},
{252,160,221,220,165,172,175,144},
{23,89,9,70,15,83,80,120},
{177,183,180,173,168,183,174,129},
{154,152,149,158,159,137,128,179},
{16,77,18,27,19,13,121,32},
{49,49,57,59,37,69,99,7},
{179,174,182,172,174,152,136,155},
{232,246,255,240,235,234,232,213},
{4,6,2,26,91,83,64,49},
{185,180,152,180,176,185,254,216},
{36,41,54,45,50,48,61,23},
{35,42,42,40,113,111,115,77},
{234,243,241,243,236,234,231,193},
{241,246,247,187,235,232,248,195},
{155,152,152,133,213,135,134,170},
{26,2,0,13,6,27,27,42},
{2,26,7,28,22,26,25,42},
{148,220,157,145,130,222,140,241},
{65,71,71,119,93,87,89,49},
{229,228,229,156,157,157,129,170},
{85,82,78,68,73,66,90,101},
{102,29,29,30,21,2,15,41},
{196,194,207,216,197,203,216,237},
{53,122,4,109,49,50,111,89},
{241,242,227,236,244,243,238,217},
{37,42,35,53,58,37,62,9},
{39,58,37,36,46,80,124,10},
{241,250,225,231,224,251,226,209},
{206,41,45,34,43,54,55,255},
{83,75,78,85,76,70,56,97},
{198,194,197,209,215,221,149,181},
{92,64,1,21,6,90,67,109},
{212,204,199,231,202,202,200,161},
{73,22,23,25,102,27,25,37},
{42,35,62,63,60,34,34,10},
{127,122,101,96,127,102,124,74},
{228,229,235,225,253,255,247,209},
{234,250,252,249,231,239,143,202},
{87,80,72,78,76,81,78,119},
{95,52,28,26,1,86,74,113},
{169,152,176,146,162,138,138,221},
{122,107,122,120,117,126,97,81},
{161,165,170,186,186,180,162,136},
{220,180,168,173,173,236,236,191},
{109,98,107,124,114,109,127,65},
{30,114,114,11,116,9,126,65},
{218,192,221,219,199,198,208,234},
{196,191,198,177,182,207,202,245},
{42,40,47,53,72,120,102,24},
{121,97,122,121,127,103,99,73},
{36,53,44,22,8,11,10,29},
{1,9,3,0,0,29,77,48},
{25,29,11,64,66,77,78,41},
{167,137,163,161,170,239,143,202},
{61,33,56,57,61,50,35,13},
{158,130,137,173,128,156,158,235},
{250,249,251,224,248,242,191,205},
{160,174,227,183,248,228,229,193},
{217,210,211,197,205,215,210,249},
{59,66,61,60,65,55,40,10},
{114,107,111,100,109,112,115,65},
{193,198,195,196,189,181,191,136},
{236,132,217,135,134,247,136,179},
{49,50,51,81,80,91,82,93},
{60,121,5,20,19,18,110,88},
{60,35,58,56,53,62,36,17},
{8,0,1,7,28,78,30,48},
{105,108,106,119,124,117,111,88},
{191,160,190,188,167,163,176,138},
{37,89,78,65,56,59,68,5},
{174,181,226,254,228,154,137,192},
{48,48,46,49,44,42,39,1},
{26,0,30,17,25,101,10,53},
{211,206,209,202,200,197,206,224},
{41,42,32,109,17,0,31,74},
{190,191,166,171,164,188,188,136},
{154,131,129,141,156,154,151,177},
{31,103,118,10,116,117,12,55},
{64,73,72,35,24,20,15,112},
{176,198,213,212,173,173,215,152},
{36,91,109,127,107,97,100,10},
{101,120,101,100,110,16,97,74},
{245,154,229,193,158,230,134,170},
{140,203,179,164,223,160,193,234},
{246,239,242,240,247,239,235,193},
{169,173,175,179,172,137,141,155},
{99,27,30,30,22,31,16,42},
{217,142,240,129,254,253,250,173},
{26,7,12,5,30,4,0,42},
{243,231,237,240,165,242,239,129},
{73,78,50,76,104,76,55,0},
{216,210,172,187,188,198,198,241},
{2,10,2,22,77,78,19,97},
{53,39,52,18,18,11,94,29},
{157,202,214,204,178,130,166,233},
{180,185,170,227,169,248,178,152},
{61,54,44,16,23,13,26,29},
{195,202,230,212,145,143,147,173},
{255,200,208,213,210,203,214,223},
{89,82,78,78,72,81,76,121},
{6,3,4,125,117,127,124,73},
{237,131,170,178,175,169,164,195},
{6,11,28,4,14,112,92,42},
{23,121,84,78,83,91,77,57},
{188,238,227,236,237,247,240,193},
{228,253,243,229,225,238,231,201},
{113,87,46,105,104,18,17,29},
{227,227,230,227,248,245,137,208},
{248,238,226,249,174,178,176,138},
{20,22,18,10,75,67,80,33},
{125,79,83,88,110,65,67,41},
{187,162,160,173,190,163,176,138},
{150,148,140,144,140,138,135,161},
{164,162,163,186,243,228,248,145},
{26,6,11,4,31,25,24,41},
{26,2,0,13,31,27,2,42},
{94,67,66,69,77,7,9,105},
{135,132,156,137,129,137,146,181},
{137,194,221,220,196,192,216,241},
{197,219,199,161,135,153,159,229},
{220,206,206,206,211,158,204,185},
{109,124,58,114,122,61,65,24},
{249,165,251,132,133,161,255,200},
{185,189,178,187,188,167,163,144},
{14,21,19,22,14,85,5,35},
{47,55,50,17,8,14,3,29},
{200,212,204,202,199,216,145,227},
{16,109,27,28,18,20,9,33},
{181,175,172,153,136,143,146,157},
{21,30,5,11,11,23,14,53},
{166,171,164,188,165,189,185,138},
{231,250,229,225,238,250,228,202},
{163,162,167,185,164,174,190,145},
{53,101,45,17,20,14,3,29},
{130,216,217,128,132,142,137,179},
{182,180,173,212,228,244,226,129},
{153,153,154,135,140,133,153,168},
{250,249,249,250,248,231,143,202},
{68,24,14,3,12,23,22,32},
{89,22,91,87,90,91,87,53},
{128,157,134,156,145,159,155,173},
{165,179,165,161,174,189,163,138},
{172,138,165,167,163,191,253,200},
{223,196,217,196,194,207,216,234},
{131,142,151,217,215,222,155,181},
{185,197,210,211,212,209,174,153},
{168,201,216,169,214,213,212,149},
{72,78,67,76,87,87,84,97},
{106,36,62,109,17,6,31,74},
{188,161,241,163,180,187,182,136},
{137,129,253,236,148,236,202,160},
{164,162,175,160,233,165,164,141},
{19,66,10,89,84,74,71,97},
{121,39,38,116,117,41,46,21},
{155,150,155,158,247,221,221,173},
{106,101,102,100,41,85,59,5},
{112,113,114,10,11,112,118,64},
{152,147,159,129,149,135,210,169},
{9,26,83,79,78,2,15,41},
{230,232,239,234,244,237,237,215},
{112,0,1,94,2,88,122,47},
{145,158,151,241,240,239,242,189},
{8,28,26,6,24,27,22,45},
{164,161,169,163,186,184,181,143},
{210,194,192,205,198,221,195,234},
{124,58,38,60,53,46,52,25},
{144,154,155,144,197,218,214,173},
{89,37,50,53,77,49,78,121},
{88,83,74,72,69,78,85,97},
{7,5,26,25,4,31,27,49},
{106,122,102,124,2,23,111,89},
{249,206,216,254,218,206,196,170},
{145,158,131,130,140,242,159,168},
{16,22,27,20,13,21,15,57},
{190,166,165,165,190,180,185,147},
{191,183,161,134,180,178,190,209},
{65,68,91,66,64,77,70,104},
{20,48,59,5,25,66,94,93},
{132,197,201,218,134,212,144,170},
{73,81,72,86,92,79,75,97},
{217,192,197,194,221,173,219,239},
{182,175,178,176,189,174,231,153},
{66,63,61,37,37,35,61,13},
{165,181,226,232,228,154,170,192},
{32,34,62,52,57,40,40,21},
{70,71,31,21,30,24,16,42},
{241,237,242,244,236,234,231,193},
{66,65,66,46,84,26,4,112},
{166,171,164,185,188,162,161,138},
{42,43,50,49,44,55,63,25},
{133,249,232,152,224,198,154,165},
{96,78,74,67,75,75,66,33},
{164,235,184,165,171,161,240,202},
{70,88,11,115,65,31,102,41},
{131,156,195,193,195,205,219,239},
{198,194,223,131,209,210,194,245},
{15,10,17,20,36,58,55,61},
{21,90,88,91,88,86,27,53},
{213,200,211,215,220,213,201,248},
{60,45,42,41,40,33,88,99},
{153,152,157,135,130,129,152,171},
{222,199,219,217,222,220,147,173},
{68,77,64,77,85,44,18,119},
{94,67,69,90,8,92,65,111},
{169,166,175,160,187,190,162,133},
{115,119,104,114,108,106,103,65},
{10,8,5,14,15,17,16,35},
{238,247,242,209,200,206,195,221},
{173,174,182,189,184,163,166,133},
{250,244,138,186,152,232,181,211},
{55,39,59,35,39,44,37,7},
{90,19,93,14,66,79,64,106},
{47,45,55,64,82,114,121,23},
{46,34,46,55,111,109,113,75},
{176,165,173,183,179,128,137,155},
{223,212,197,142,207,157,213,243},
{233,243,243,245,247,233,243,193},
{209,128,206,195,212,157,208,224},
{96,99,54,101,99,12,32,73},
{230,235,228,255,246,253,255,202},
{63,84,124,122,97,54,42,17},
{97,29,12,13,12,9,43,65},
{9,96,32,44,39,100,26,63},
{107,104,103,23,0,5,2,69},
{143,149,138,130,137,167,137,224},
{153,133,130,128,154,129,158,177},
{197,218,210,217,247,217,219,177},
{9,8,2,124,72,108,74,32},
{81,94,87,181,177,169,182,125},
{177,235,239,214,213,223,210,221},
{83,160,169,179,183,189,168,127},
{81,94,77,177,178,255,175,125},
{204,41,45,34,50,53,61,255},
{41,38,47,58,59,33,57,5},
{83,61,10,5,25,40,0,105},
{129,137,207,199,223,200,142,168},
{157,146,155,156,132,134,134,177},
{148,149,179,202,197,207,200,248},
{103,123,102,104,110,115,119,85},
{133,155,135,247,197,154,226,165},
{132,153,146,133,129,142,135,169},
{225,238,231,225,231,235,248,205},
{7,104,74,79,70,73,93,41},
{170,212,195,189,199,191,217,138},
{133,136,141,129,206,176,191,234},
{58,70,62,72,48,53,74,117},
{113,99,103,108,101,102,118,73},
{2,23,16,41,81,83,15,93},
{177,175,179,203,220,166,216,145},
{38,41,38,35,56,53,73,16},
{28,13,10,15,8,121,113,67},
{5,12,3,15,10,5,8,51},
{58,58,67,59,56,57,36,10},
{224,175,165,168,237,188,170,201},
{140,138,141,136,128,225,143,185},
{38,20,81,19,29,16,85,111},
{27,86,4,88,28,20,31,117},
{127,104,109,106,107,20,30,32},
{144,153,189,227,156,228,228,207},
{237,237,242,240,253,246,247,217},
{22,9,18,16,29,22,23,57},
{34,120,121,122,88,42,40,19},
{25,18,19,9,10,23,18,57},
{90,10,78,66,73,7,7,41},
{36,98,126,100,109,117,117,65},
{69,91,71,55,38,37,36,101},
{67,75,88,24,25,26,1,45},
{134,139,132,149,133,154,153,170},
{133,131,157,218,208,193,159,177},
{81,25,90,24,26,21,22,113},
{112,14,98,26,56,101,103,80},
{187,189,161,186,189,166,188,138},
{188,186,183,176,172,170,176,149},
{49,51,76,53,55,51,51,1},
{134,131,201,134,140,157,195,229},
{81,89,83,80,80,77,29,96},
{96,99,125,101,125,121,118,80},
{245,250,243,244,236,232,238,217},
{89,66,6,10,1,70,56,97},
{82,86,86,77,95,65,69,99},
{40,48,32,35,43,83,97,7},
{16,109,69,95,75,124,85,42},
{242,138,132,139,139,238,146,187},
{140,140,146,144,157,150,140,185},
{101,31,103,52,104,106,18,85},
{189,183,165,185,186,174,190,213},
{30,98,63,101,96,110,111,81},
{163,163,247,191,188,189,188,138},
{167,180,185,178,179,175,172,151},
{186,174,190,180,185,168,174,149},
{132,142,202,220,194,215,218,173},
{248,248,224,231,189,181,226,144},
{123,101,97,110,103,97,101,75},
{132,254,128,153,224,157,226,205},
{56,49,41,43,36,50,41,24},
{32,51,54,54,121,41,38,0},
{197,217,165,178,179,180,177,248},
{244,246,235,232,225,226,250,197},
{28,3,1,4,28,26,23,49},
{153,210,202,154,129,142,135,169},
{140,152,148,152,153,211,144,248},
{91,81,68,40,3,31,0,104},
{27,2,0,7,24,11,16,51},
{195,194,204,178,130,223,191,234},
{131,135,140,157,214,157,214,170},
{153,154,130,133,132,159,154,177},
{224,246,131,147,181,184,184,215},
{129,155,159,148,133,206,131,177},
{19,19,14,4,9,2,24,37},
{255,238,237,147,237,234,151,160},
{193,221,196,201,208,214,219,245},
{32,38,43,60,117,109,57,9},
{250,167,253,244,249,251,225,202},
{115,13,125,119,116,120,103,67},
{170,182,172,210,193,227,160,138},
{6,90,92,84,86,94,65,106},
{66,67,94,68,67,94,89,106},
{64,67,68,96,66,65,60,9},
{142,240,247,235,239,228,237,191},
{85,75,87,39,73,22,74,117},
{206,219,162,164,218,223,175,145},
{188,185,160,173,166,189,164,138},
{112,34,114,105,109,111,115,88},
{160,165,218,212,220,221,219,233},
{193,131,141,128,197,185,168,225},
{194,189,188,195,192,192,204,243},
{184,158,196,194,198,198,215,241},
{4,9,2,26,7,28,7,40},
{201,198,214,44,33,42,50,253},
{61,35,34,37,45,107,99,9},
{219,211,192,144,137,194,138,181},
{47,37,5,35,40,32,126,74},
{132,194,222,196,186,175,168,225},
{222,212,217,202,215,220,213,247},
{195,203,179,162,222,160,185,234},
{116,50,46,52,74,89,123,17},
{66,80,93,78,7,183,178,123},
{142,190,156,229,156,159,228,209},
{142,132,137,130,154,148,148,167},
{110,73,77,66,83,28,4,95},
{104,107,99,123,100,102,126,81},
{55,37,57,69,82,44,82,23},
{184,178,204,165,164,167,216,145},
{202,202,206,248,212,212,210,184},
{117,9,59,105,104,107,20,85},
{24,27,19,107,4,121,120,49},
{188,167,163,176,185,166,162,141},
{164,165,248,249,253,248,224,200},
{242,245,238,228,233,251,242,197},
{53,42,47,12,1,10,17,29},
{224,168,233,237,254,162,212,133},
{161,254,244,229,187,164,185,143},
{161,203,237,247,241,231,233,129},
{146,129,163,224,225,227,156,205},
{47,63,13,57,58,61,57,74},
{207,192,141,249,238,231,224,163},
{130,153,157,132,131,158,153,170},
{16,89,20,27,8,5,14,32},
{196,202,135,247,197,155,228,165},
{252,254,225,249,249,230,252,202},
{125,114,98,99,109,43,123,81},
{163,224,225,226,227,184,229,207},
{184,178,204,219,164,223,251,145},
{135,192,137,150,155,148,138,183},
{40,45,42,43,84,94,86,97},
{33,127,35,99,102,100,105,77},
{51,62,37,33,46,39,56,10},
{139,131,144,192,182,163,164,229},
{137,130,152,153,149,131,158,169},
{99,105,99,46,99,127,114,11},
{25,21,20,13,102,68,69,32},
{33,37,42,58,56,59,34,8},
{227,230,253,228,226,239,248,202},
{133,155,156,154,221,223,215,241},
{233,237,226,235,252,247,237,192},
{24,19,2,12,68,72,15,41},
{75,53,22,0,38,19,5,113},
{51,52,44,50,44,42,39,1},
{63,59,58,57,37,62,48,10},
{132,130,143,128,201,212,133,173},
{72,87,78,68,73,66,94,101},
{153,144,147,141,242,204,213,160},
{27,24,24,5,85,7,24,42},
{146,130,128,141,134,157,135,170},
{184,182,173,244,156,179,169,215},
{188,177,162,235,166,244,186,144},
{202,180,165,220,167,223,191,234},
{85,10,10,117,4,10,14,57},
{90,37,32,40,33,58,119,21},
{152,145,154,132,149,132,130,168},
{42,84,69,66,71,64,33,10},
{117,97,96,106,46,34,41,71},
{33,126,125,99,96,98,46,77},
{132,251,255,251,247,254,130,203},
{192,233,238,235,236,149,157,159},
{40,14,83,85,44,95,83,97},
{193,189,170,173,170,214,139,225},
{136,149,144,143,150,236,225,187},
{50,2,94,65,56,67,68,109},
{166,163,164,221,213,223,220,233},
{24,7,30,20,25,10,67,53},
{172,171,175,144,143,196,209,157},
{69,74,67,95,93,94,66,105},
{146,141,137,134,143,144,156,163},
{98,105,107,125,58,48,33,80},
{24,3,27,30,5,28,26,48},
{26,2,2,5,6,25,25,42},
{176,52,55,58,55,42,80,255},
{44,61,99,19,4,1,6,73},
{12,15,8,36,124,115,127,69},
{1,5,10,3,25,28,5,40},
{56,50,58,35,64,110,125,10},
{57,126,0,12,40,83,44,93},
{254,228,248,228,226,239,248,202},
{24,26,25,4,3,30,25,42},
{32,177,176,238,202,180,180,127},
{0,31,28,7,24,30,19,45},
{192,199,218,197,193,206,220,233},
{95,84,69,90,87,80,73,115},
{175,245,140,143,142,252,253,195},
{209,173,159,197,197,185,198,241},
{25,11,14,4,17,30,14,57},
{164,227,184,225,238,164,249,202},
{116,117,83,42,36,41,45,24},
{101,119,119,127,101,106,122,69},
{184,168,190,178,190,167,255,217},
{10,116,64,98,66,102,121,42},
{152,216,215,207,196,205,206,224},
{24,4,1,63,41,45,88,106},
{205,235,146,235,156,158,148,161},
{146,139,146,143,139,136,153,163},
{202,203,195,215,220,213,204,248},
{123,56,126,124,119,116,122,16},
{59,43,120,101,107,97,48,10},
{212,142,146,144,153,154,129,173},
{2,0,65,63,4,6,90,109},
{45,94,112,116,127,90,116,23},
{72,73,10,2,28,79,25,106},
{77,2,0,19,16,30,83,109},
{4,7,15,111,126,125,124,45},
{116,107,114,112,125,118,110,89},
{16,15,22,108,97,106,119,61},
{0,3,4,7,2,15,112,48},
{163,167,172,165,189,182,187,138},
{251,250,255,254,246,246,254,202},
{89,82,92,95,91,70,48,105},
{132,134,135,240,237,226,235,189},
{41,59,47,37,47,52,110,72},
{81,73,7,12,5,31,27,41},
{25,26,26,99,25,27,31,41},
{68,95,91,88,81,72,75,117},
{65,92,90,68,66,79,88,106},
{17,3,31,91,65,93,33,120},
{173,230,249,152,141,130,139,157},
{101,26,29,30,31,27,30,42},
{163,173,187,185,190,188,251,205},
{109,126,55,49,50,126,115,77},
{168,161,168,170,160,181,180,193},
{234,227,255,245,248,224,226,202},
{62,20,76,74,77,72,65,119},
{35,38,61,36,34,47,56,10},
{98,122,116,122,103,98,97,74},
{120,115,98,96,109,102,121,73},
{190,160,189,188,189,166,188,138},
{44,40,40,9,13,2,11,29},
{242,194,158,129,128,253,133,173},
{36,34,35,58,115,100,120,17},
{233,235,239,239,237,243,176,216},
{195,199,204,197,223,222,219,234},
{216,221,220,195,185,138,145,234},
{120,110,125,120,107,124,100,10},
{3,4,5,2,127,119,97,74},
{93,71,76,95,95,94,92,106},
{67,80,73,65,95,84,68,111},
{122,120,117,126,127,105,108,83},
{138,131,132,156,153,156,153,170},
{64,74,52,93,1,33,95,105},
{22,68,102,26,100,25,20,39},
{113,112,86,87,12,12,13,56},
{93,33,79,176,200,205,204,125},
{63,32,34,58,56,53,62,16},
{57,41,44,35,36,52,124,15},
{44,60,34,104,116,106,20,69},
{118,46,37,39,59,6,32,63},
{228,233,226,252,254,244,225,200},
{44,32,51,54,45,52,50,24},
{26,71,29,98,26,30,1,42},
{154,211,155,203,130,143,129,170},
{191,173,161,168,180,175,180,151},
{10,22,12,114,97,96,0,42},
{1,0,10,116,28,28,31,40},
{230,237,224,250,230,255,229,133},
{244,188,253,241,226,190,200,145},
{251,243,253,254,250,231,171,202},
{15,8,9,6,17,9,44,59},
{242,139,243,254,241,241,244,195},
{167,174,186,169,168,179,183,149},
{9,3,17,5,6,18,2,97},
{60,57,70,64,72,73,79,117},
{181,168,179,183,188,173,230,152},
{72,86,91,76,5,26,74,121},
{215,50,49,49,46,50,51,255},
{166,251,252,252,129,254,226,202},
{98,123,127,116,125,103,100,81},
{116,114,127,72,81,73,83,93},
{92,95,94,87,117,47,34,21},
{19,2,0,13,25,26,25,42},
{49,120,114,49,97,110,103,73},
{100,105,98,99,121,117,103,72},
{117,126,99,104,114,107,109,85},
{196,241,227,255,187,161,189,151},
{7,27,26,20,106,90,120,49},
{141,130,139,150,157,139,146,161},
{254,229,178,174,180,202,223,144},
{248,248,249,231,252,255,254,201},
{248,242,191,187,182,183,187,209},
{4,27,2,0,13,6,28,41},
{158,152,131,250,202,200,197,171},
{144,136,130,143,145,139,141,184},
{30,13,12,40,116,118,8,65},
{140,217,158,148,220,142,195,248},
{61,59,35,39,44,37,59,8},
{17,29,82,21,1,27,21,112},
{235,242,235,239,228,237,247,192},
{63,34,37,45,81,63,95,10},
{55,48,46,40,43,51,37,23},
{225,234,250,239,244,243,238,193},
{90,69,68,92,69,91,89,106},
{185,226,254,228,237,238,243,193},
{80,78,23,104,30,46,114,61},
{158,159,131,149,135,134,144,170},
{33,32,37,7,92,1,88,104},
{37,40,45,33,110,16,60,74},
{104,115,122,115,107,114,111,64},
{152,130,143,130,133,138,206,173},
{173,171,180,251,175,253,187,216},
{187,162,160,173,190,247,166,138},
{99,38,88,100,70,67,58,5},
{161,255,134,224,225,229,224,205},
{242,172,176,174,167,184,163,139},
{247,141,190,189,175,228,150,217},
{197,219,196,197,200,219,218,237},
{169,172,169,173,164,179,206,152},
{85,11,87,80,8,12,15,57},
{98,125,126,101,97,110,127,73},
{217,150,224,137,142,139,140,189},
{159,142,186,142,144,210,223,249},
{17,11,11,15,20,19,14,57},
{41,48,54,52,44,43,54,1},
{80,93,70,75,68,95,91,104},
{66,70,91,15,93,71,69,113},
{105,105,125,42,55,5,15,91},
{65,14,89,16,29,22,23,57},
{160,242,255,200,211,210,210,221},
{142,148,142,132,137,130,158,165},
{96,50,63,8,16,18,8,29},
{6,21,107,21,109,23,16,89},
{196,204,215,138,233,195,193,161},
{149,154,147,142,143,142,144,185},
{35,34,44,82,63,70,89,10},
{255,221,193,210,155,208,197,223},
{140,136,137,132,147,237,214,185},
{60,58,55,33,42,54,59,21},
{195,128,138,135,217,173,186,237},
{234,148,160,130,254,163,188,202},
{135,140,133,152,150,130,156,171},
{111,17,42,62,32,102,122,65},
{144,202,214,204,197,222,196,233},
{127,96,102,107,100,124,122,72},
{140,144,149,149,212,212,222,248},
{234,242,255,200,208,211,209,221},
{48,35,103,36,38,41,42,69},
{233,226,234,234,250,134,191,208},
{49,59,41,61,62,42,58,89},
{5,37,90,37,89,93,92,105},
{222,192,218,216,213,222,223,241},
{142,194,204,129,129,140,145,234},
{32,62,64,111,77,18,19,29},
{180,183,191,255,145,235,207,157},
{54,34,111,107,102,103,107,1},
{104,78,19,21,22,22,20,33},
{58,40,86,69,103,60,61,7},
{80,86,91,84,68,79,80,121},
{148,153,154,140,196,200,143,169},
{59,62,58,36,35,62,57,10},
{59,109,58,127,115,61,109,24},
{179,181,163,173,167,160,232,192},
{13,16,69,91,71,55,5,99},
{236,241,255,245,188,238,231,152},
{201,202,192,141,241,224,255,170},
{15,18,11,15,4,13,22,32},
{198,199,229,156,151,157,134,170},
{10,119,14,126,112,122,122,69},
{50,52,42,89,37,106,104,1},
{10,86,32,201,206,203,204,125},
{46,52,61,32,58,42,48,19},
{4,2,15,24,25,0,1,45},
{77,66,75,85,80,84,74,97},
{232,235,232,230,171,211,196,135},
{165,163,189,250,240,225,191,145},
{82,87,74,25,73,70,79,97},
{29,26,4,27,4,2,15,41},
{42,47,41,54,100,8,16,27},
{20,74,23,24,96,31,30,37},
{41,38,44,41,63,100,18,71},
{210,222,206,197,216,195,199,229},
{35,56,98,126,100,117,62,64},
{215,186,138,156,148,130,156,237},
{135,205,197,217,206,140,242,167},
{7,26,26,20,7,3,16,42},
{53,79,72,57,70,62,61,5},
{2,3,31,31,7,2,1,42},
{252,226,239,226,232,175,255,205},
{8,115,12,117,112,118,119,65},
{167,234,246,236,146,129,163,201},
{189,160,187,191,180,189,164,144},
{191,161,222,163,161,161,161,143},
{162,163,189,185,183,166,189,138},
{109,95,77,37,47,54,99,61},
{238,230,253,164,229,233,250,135},
{170,175,170,183,178,145,136,155},
{10,9,20,15,11,8,1,35},
{194,196,196,195,197,206,205,243},
{248,247,239,237,241,169,243,205},
{154,155,158,149,154,153,158,170},
{231,225,250,227,254,244,249,211},
{69,72,89,66,70,70,95,112},
{235,148,186,186,177,144,190,209},
{128,253,130,134,128,130,134,177},
{185,191,173,163,173,170,254,202},
{62,51,38,58,58,39,35,9},
{208,206,176,185,192,194,194,237},
{220,210,222,219,206,131,159,234},
{46,48,54,59,45,44,38,24},
{176,149,136,223,143,132,141,159},
{68,59,13,31,11,1,4,106},
{167,228,230,233,234,224,173,135},
{88,95,91,68,67,94,89,106},
{161,191,163,219,180,182,183,129},
{171,129,129,132,223,181,156,237},
{50,43,49,4,34,13,15,93},
{180,168,169,234,226,252,175,137},
{142,242,138,244,140,137,246,193},
{172,166,216,228,192,195,194,133},
{96,101,98,99,28,22,30,41},
{230,239,242,233,232,245,241,215},
{28,17,109,122,4,122,121,48},
{229,245,254,228,233,226,227,197},
{185,183,169,171,189,175,187,216},
{81,85,90,83,73,79,83,120},
{24,0,12,4,24,29,29,109},
{192,218,223,194,193,220,199,232},
{237,247,249,239,245,242,240,152},
{157,158,188,187,193,193,199,241},
{48,51,52,40,102,120,43,5},
{96,68,79,73,85,14,18,41},
{54,26,4,66,94,68,58,95},
{144,234,148,149,236,145,238,217},
{244,248,191,255,145,147,207,157},
{154,159,130,130,135,155,159,173},
{69,88,69,89,71,64,94,42},
{87,77,74,72,15,119,69,35},
{210,217,222,218,192,187,149,234},
{243,255,248,255,227,250,228,202},
{77,71,81,79,72,70,9,35},
{251,251,252,251,252,248,230,202},
{204,48,40,46,35,44,54,255},
{12,0,8,102,18,127,87,56},
{165,250,130,253,254,253,252,201},
{222,217,217,200,142,240,249,170},
{4,75,0,2,13,14,28,106},
{191,136,144,147,147,137,150,159},
{41,45,34,43,53,54,54,0},
{255,243,228,146,254,134,224,202},
{163,147,151,157,128,133,215,241},
{123,57,43,49,45,81,70,9},
{199,196,222,213,200,211,215,245},
{97,96,70,71,24,30,30,40},
{203,204,194,202,221,195,223,249},
{228,248,248,236,224,236,245,138},
{180,170,212,188,196,199,227,137},
{51,40,45,55,50,17,8,27},
{133,152,199,44,33,42,50,253},
{231,213,138,244,141,242,241,184},
{187,188,166,189,160,187,191,141},
{136,144,148,147,139,144,143,160},
{120,107,19,2,1,35,97,74},
{95,94,34,92,120,90,39,16},
{211,205,194,188,136,212,175,224},
{220,224,244,246,157,158,132,177},
{11,113,111,44,38,51,109,63},
{3,2,30,20,25,18,19,53},
{39,58,37,33,46,39,56,10},
{213,222,198,193,203,213,207,245},
{60,39,38,61,57,54,63,17},
{255,255,248,226,224,190,211,138},
{136,138,147,151,156,149,140,184},
{198,220,209,218,192,197,205,239},
{89,86,95,73,78,79,80,117},
{254,242,247,189,250,240,225,144},
{12,9,22,27,99,116,113,56},
{156,151,150,155,133,132,154,173},
{166,189,166,161,176,179,187,149},
{147,150,157,155,142,198,214,170},
{65,90,88,68,66,79,66,106},
{132,137,132,147,137,149,255,176},
{186,251,190,165,188,179,165,145},
{97,127,60,54,35,125,126,80},
{67,78,0,82,95,176,249,123},
{252,246,254,227,229,250,168,205},
{141,191,173,133,143,150,195,221},
{208,211,210,213,203,136,130,225},
{212,197,155,235,252,249,254,177},
{155,130,143,152,128,130,131,173},
{70,71,31,24,28,22,30,42},
{57,58,24,52,53,19,20,85},
{109,99,119,124,2,23,111,89},
{187,195,212,209,214,239,144,155},
{98,46,35,52,41,38,47,1},
{226,192,156,225,159,129,128,171},
{160,177,239,151,128,133,130,197},
{221,195,196,194,141,147,143,169},
{136,139,138,132,250,202,150,161},
{143,143,141,243,233,235,227,189},
{139,32,60,34,92,77,74,255},
{85,85,88,93,81,30,96,57},
{179,185,179,254,179,143,130,219},
{188,177,186,187,166,165,166,144},
{98,66,67,8,8,11,6,45},
{111,116,1,21,51,58,58,89},
{156,130,209,129,142,158,134,170},
{216,198,219,219,197,193,206,232},
{179,181,202,183,181,189,189,131},
{194,216,213,192,223,222,217,234},
{237,230,248,251,233,230,250,205},
{42,8,9,0,11,31,1,104},
{181,168,243,153,176,148,137,219},
{165,173,227,183,248,181,233,193},
{115,106,35,52,40,37,27,67},
{86,83,42,45,41,40,55,25},
{81,6,26,8,118,27,26,37},
{250,255,248,137,129,139,136,181},
{21,2,3,2,1,6,97,74},
{7,66,66,76,4,8,79,105},
{124,96,33,53,38,122,123,77},
{252,239,234,249,224,230,235,197},
{104,121,113,106,105,116,111,64},
{125,118,110,82,83,79,86,93},
{153,147,154,139,251,234,233,160},
{244,249,234,163,235,184,247,216},
{180,183,176,190,191,190,171,133},
{222,194,193,220,199,198,217,234},
{153,153,146,128,149,156,135,168},
{42,62,46,36,41,34,56,5},
{149,148,235,213,194,198,193,173},
{32,57,39,36,46,49,53,19},
{230,194,189,188,189,188,168,138},
{177,171,163,164,180,179,174,153},
{220,130,220,193,192,196,219,237},
{94,11,17,13,113,96,0,42},
{150,175,189,173,233,247,235,197},
{130,244,229,226,231,224,129,170},
{227,231,236,229,255,248,224,202},
{149,154,147,133,142,136,144,185},
{129,140,158,130,155,129,148,234},
{171,167,236,146,254,128,225,202},
{241,163,190,191,165,183,165,138},
{193,211,195,187,212,169,139,225},
{254,255,243,128,210,159,129,157},
{100,105,98,115,124,117,97,72},
{210,152,154,157,129,142,157,169},
{141,185,148,144,146,140,204,249},
{225,229,234,227,228,251,253,200},
{170,172,173,175,174,150,145,155},
{40,117,118,119,44,44,47,24},
{168,162,230,234,225,166,226,129},
{125,98,110,98,45,81,64,9},
{233,234,183,236,177,237,235,217},
{51,54,49,57,57,47,100,10},
{217,134,221,223,219,214,193,233},
{184,185,185,173,206,221,162,141},
{251,226,224,237,230,250,233,202},
{68,73,66,83,92,70,88,104},
{48,48,46,48,44,47,39,1},
{134,139,132,149,150,130,129,170},
{238,147,236,235,148,233,158,161},
{43,102,52,104,44,36,47,69},
{41,47,49,46,46,52,50,24},
{143,144,157,150,136,240,234,187},
{172,178,187,188,167,191,186,145},
{187,178,178,160,249,231,251,213},
{188,164,180,164,162,175,184,138},
{174,173,172,213,172,175,211,225},
{98,29,98,31,26,0,1,43},
{106,118,108,18,127,35,25,74},
{40,41,83,84,41,45,41,24},
{216,220,204,220,202,222,210,171},
{222,217,192,195,219,193,223,240},
{64,58,68,69,60,65,62,9},
{4,74,50,29,29,26,16,111},
{128,133,142,129,128,150,222,177},
{63,52,61,39,34,53,46,19},
{56,35,42,56,37,44,33,16},
{53,58,54,52,43,46,48,25},
{29,18,3,26,5,78,2,49},
{90,64,66,76,92,90,87,113},
{140,129,146,219,157,199,138,160},
{64,70,75,68,92,95,87,105},
{176,147,139,140,150,140,146,224},
{48,65,62,67,31,69,64,111},
{205,194,203,204,208,223,206,225},
{177,227,254,244,253,226,229,202},
{41,32,43,63,33,58,62,74},
{51,39,48,33,43,37,34,65},
{242,239,235,232,225,252,243,197},
{106,118,123,116,117,103,106,89},
{252,250,247,233,232,232,247,213},
{168,182,187,136,144,190,186,205},
{108,115,117,118,108,106,103,65},
{132,136,133,151,160,171,183,189},
{8,85,115,8,14,13,15,56},
{129,154,149,136,133,142,158,161},
{70,75,68,69,90,94,89,106},
{59,34,32,45,38,60,32,10},
{49,109,78,87,80,65,103,31},
{198,219,219,197,193,206,199,233},
{112,11,116,13,8,14,15,57},
{90,66,90,90,93,71,69,113},
{200,154,202,215,208,200,211,224},
{164,168,169,227,160,170,167,202},
{208,130,210,207,204,205,211,248},
{43,57,24,37,39,44,59,74},
{182,219,251,248,247,250,236,152},
{130,148,156,144,141,213,203,240},
{66,64,77,70,94,70,66,107},
{87,75,37,3,29,27,17,106},
{80,93,79,4,25,23,29,109},
{122,120,117,126,97,104,118,83},
{93,94,94,63,64,64,70,109},
{93,94,69,72,76,83,86,117},
{213,196,194,205,208,218,164,245},
{238,209,207,140,134,147,205,223},
{253,227,227,245,237,243,247,213},
{129,128,201,130,159,148,234,175},
{166,185,162,160,173,166,167,137},
{125,113,98,62,39,96,40,19},
{74,94,78,68,73,66,67,101},
{240,232,151,167,186,163,191,197},
{136,138,154,152,149,158,132,177},
{238,247,254,225,229,234,227,197},
{126,102,105,126,115,124,125,79},
{1,5,10,6,28,85,29,40},
{36,58,99,121,101,110,112,65},
{142,144,150,143,139,136,129,163},
{210,207,203,200,193,219,216,229},
{13,98,74,72,83,8,20,35},
{73,81,85,93,74,95,78,97},
{241,162,233,230,239,255,248,195},
{67,76,92,84,76,93,64,99},
{60,58,55,71,41,85,43,21},
{225,255,251,248,241,242,234,213},
{16,99,111,116,116,126,0,89},
{221,196,190,159,136,156,166,233},
{0,3,79,68,85,30,94,97},
{142,161,161,190,180,177,167,205},
{249,246,255,233,232,247,232,213},
{161,254,254,225,224,227,253,205},
{171,183,179,128,145,218,150,157},
{245,237,230,205,210,203,202,221},
{79,109,50,51,53,74,55,0},
{165,175,172,148,137,217,147,157},
{84,25,101,87,80,81,15,56},
{213,138,138,141,140,143,145,185},
{240,238,144,153,152,226,156,205},
{83,83,95,90,78,82,80,106},
{240,243,138,137,141,139,135,185},
{185,182,191,169,173,171,182,149},
{41,42,32,109,17,6,60,74},
{142,157,191,155,229,159,152,209},
{254,251,242,160,216,243,243,151},
{26,71,29,65,66,26,2,42},
{56,46,56,56,60,33,112,74},
{195,199,204,197,219,222,219,234},
{128,254,237,207,200,148,233,160},
{145,157,210,172,197,153,199,240},
{95,64,85,77,11,1,20,106},
{86,69,66,69,97,98,63,9},
{22,17,13,20,13,9,6,32},
{103,120,101,109,17,6,97,74},
{184,189,190,252,224,254,128,217},
{5,7,7,113,11,14,2,53},
{130,255,255,231,230,242,178,205},
{137,245,154,227,157,194,230,169},
{134,139,132,156,153,132,134,170},
{23,19,30,31,19,160,222,123},
{99,99,102,41,121,118,102,81},
{229,234,227,253,255,249,250,201},
{212,195,215,221,156,156,150,176},
{151,212,222,203,149,142,147,185},
{219,192,205,198,222,198,201,235},
{241,246,238,245,241,239,238,193},
{85,30,3,16,25,2,24,45},
{207,253,254,220,219,220,167,144},
{162,182,205,255,227,232,189,151},
{164,243,163,176,185,163,161,141},
{233,244,136,181,167,187,255,217},
{74,86,76,50,39,95,63,106},
{91,69,70,126,106,108,7,41},
{212,214,212,193,197,202,195,229},
{98,115,126,96,125,123,121,74},
{158,139,154,157,153,150,159,177},
{140,143,135,247,197,227,199,165},
{112,118,118,109,105,102,111,65},
{194,144,196,197,223,222,197,234},
{229,154,153,157,158,129,214,170},
{168,214,187,196,195,225,193,136},
{3,11,73,67,74,6,16,42},
{184,169,247,191,168,173,170,221},
{195,179,186,190,188,161,196,138},
{6,11,4,5,31,28,25,42},
{16,86,40,55,48,53,75,117},
{244,234,231,224,248,243,254,197},
{157,158,154,152,133,200,218,169},
{172,171,182,161,160,163,171,133},
{101,126,100,96,120,124,123,77},
{176,206,219,220,164,218,250,144},
{189,188,163,176,160,171,170,141},
{203,140,132,158,205,135,210,233},
{41,50,63,18,16,16,15,29},
{25,17,109,2,125,89,7,48},
{146,144,148,143,139,136,129,163},
{6,19,20,21,18,111,103,89},
{136,137,149,138,140,148,146,184},
{234,146,145,144,157,132,248,165},
{49,73,75,75,78,69,94,120},
{23,28,21,13,11,107,112,59},
{111,119,107,106,109,101,39,64},
{198,182,249,213,207,193,215,157},
{121,114,106,104,100,115,110,89},
{165,167,167,209,171,174,162,149},
{85,66,67,68,65,62,40,10},
{97,29,26,101,26,103,98,81},
{90,96,124,127,99,27,10,63},
{198,203,220,149,222,195,208,234},
{73,95,73,95,14,64,66,42},
{192,216,219,217,212,194,214,232},
{201,233,238,196,197,159,157,165},
{133,159,202,148,153,146,136,181},
{63,56,59,31,71,77,64,112},
{175,184,241,186,167,172,165,135},
{198,159,152,148,152,129,228,170},
{245,250,234,237,241,254,247,217},
{185,153,158,239,236,244,139,213},
{65,89,92,68,19,67,80,106},
{162,185,184,191,167,162,161,138},
{163,191,183,199,208,246,171,149},
{144,194,207,192,137,197,150,237},
{236,212,201,153,211,156,212,223},
{212,145,237,250,133,250,135,176},
{160,190,175,216,144,130,252,157},
{56,120,108,112,110,16,25,74},
{164,184,188,172,188,170,190,202},
{242,250,255,249,230,180,248,202},
{170,163,189,186,165,186,162,138},
{40,48,54,50,41,48,49,0},
{225,226,249,253,245,231,226,201},
{28,24,25,20,3,122,74,41},
{115,115,121,120,96,56,49,74},
{94,126,43,33,45,56,94,17},
{13,1,18,78,79,88,66,99},
{252,236,242,184,164,186,196,149},
{136,214,139,140,140,143,137,185},
{111,98,111,108,113,126,0,89},
{140,141,139,232,186,246,240,189},
{181,183,182,193,190,184,179,133},
{236,233,235,254,226,192,149,219},
{42,9,13,2,11,22,28,31},
{246,157,205,194,203,204,215,223},
{195,187,224,189,199,189,163,138},
{147,143,139,136,129,159,146,165},
{76,104,99,109,113,42,54,5},
{152,155,156,129,142,157,129,170},
{105,107,18,109,101,108,103,89},
{21,7,6,16,110,123,3,45},
{93,73,83,93,75,41,46,59},
{104,112,94,90,83,91,91,48},
{231,227,242,184,245,245,248,149},
{113,104,110,100,112,102,104,89},
{111,66,98,126,122,110,126,10},
{241,141,191,157,228,231,158,209},
{104,98,118,100,116,114,127,89},
{27,72,73,75,52,77,79,119},
{23,20,12,23,12,15,7,33},
{113,126,114,72,80,73,81,93},
{20,30,90,46,37,98,42,61},
{141,145,251,221,199,193,215,176},
{35,52,125,50,100,36,41,3},
{120,103,108,127,123,126,124,74},
{207,213,206,49,50,43,47,253},
{162,185,167,191,190,166,237,138},
{72,53,76,78,77,78,95,121},
{119,96,101,98,99,28,22,40},
{188,224,226,234,236,228,231,208},
{67,88,93,91,66,65,68,107},
{182,171,182,187,160,163,171,133},
{94,66,65,92,71,67,80,106},
{40,45,42,43,84,94,86,97},
{205,201,211,210,220,162,146,248},
{72,86,79,82,80,93,86,120},
{20,73,74,74,51,76,76,120},
{101,5,119,6,20,12,0,93},
{116,101,59,75,92,89,94,17},
{31,102,86,76,65,110,118,49},
{228,200,211,255,253,242,248,144},
{201,131,211,32,41,52,48,253},
{70,24,96,75,75,72,66,33},
{113,110,99,117,119,118,110,65},
{8,78,48,28,62,61,67,109},
{50,56,58,61,55,46,117,85},
{15,45,42,47,86,33,88,99},
{142,138,158,110,98,103,45,253},
{160,169,183,182,171,176,175,128},
{220,194,188,173,213,169,174,225},
{186,167,172,189,162,175,160,138},
{184,179,166,180,181,167,163,137},
{145,152,133,156,133,129,142,168},
{65,74,91,82,80,73,82,97},
{24,26,29,24,19,112,127,42},
{89,95,77,67,77,74,30,42},
{228,133,173,160,171,239,237,202},
{150,147,235,233,229,230,238,217},
{125,118,110,82,78,86,74,93},
{49,40,127,47,36,53,126,0},
{120,95,105,117,122,47,45,10},
{146,162,254,224,158,227,156,205},
{183,179,169,219,224,240,238,133},
{152,133,128,139,155,129,159,176},
{52,52,50,60,56,36,101,5},
{13,19,31,3,26,28,2,37},
{197,186,190,184,186,190,190,138},
{143,235,241,235,239,228,237,191},
{120,98,55,44,32,40,103,65},
{134,219,128,164,222,223,201,234},
{112,39,62,104,101,110,118,65},
{180,183,191,255,232,146,207,157},
{46,111,16,16,22,16,20,31},
{143,147,152,174,129,131,159,234},
{200,206,195,204,212,209,210,225},
{241,245,250,243,238,235,243,216},
{157,147,147,131,205,195,134,160},
{182,179,178,144,206,198,201,249},
{74,107,123,83,121,123,127,13},
{90,79,70,68,25,2,29,45},
{192,207,225,203,201,194,135,161},
{213,243,242,208,209,135,141,185},
{165,223,218,213,218,193,181,234},
{187,162,172,210,191,192,223,138},
{110,117,34,62,36,90,79,0},
{19,15,11,8,1,2,26,37},
{127,40,96,97,127,116,125,79},
{232,216,200,222,210,201,158,184},
{77,29,82,82,83,20,28,109},
{215,218,192,205,205,155,208,234},
{238,242,241,225,229,234,227,197},
{220,193,145,195,222,223,219,232},
{155,147,135,140,159,157,154,169},
{14,40,3,1,1,29,67,106},
{166,164,233,149,130,160,132,199},
{212,242,243,149,151,147,147,157},
{162,185,180,180,163,188,168,138},
{119,112,106,127,120,99,103,69},
{196,222,202,218,216,213,222,240},
{249,229,156,162,189,166,164,202},
{204,180,179,177,187,163,171,133},
{64,18,31,104,105,115,119,61},
{87,79,82,82,76,74,71,97},
{89,23,31,31,113,13,114,61},
{106,126,117,50,76,37,90,15},
{222,133,235,194,218,199,209,170},
{43,83,113,47,46,17,77,27},
{89,80,91,84,78,77,84,121},
{114,127,84,76,98,102,119,10},
{12,118,114,126,120,127,107,69},
{191,180,167,164,174,180,185,147},
{188,182,166,188,177,171,167,141},
{216,145,142,131,140,148,144,160},
{178,166,176,184,163,248,228,211},
{97,124,123,117,98,125,102,73},
{192,197,186,195,185,184,183,137},
{75,67,80,0,118,99,100,37},
{18,24,27,20,104,85,69,43},
{67,71,76,92,95,86,92,106},
{34,63,60,56,35,62,37,10},
{0,25,24,7,3,16,9,43},
{165,163,161,160,186,193,243,144},
{105,118,123,106,106,35,115,89},
{248,234,226,254,254,238,226,138},
{25,18,13,11,8,17,12,57},
{254,228,233,205,246,218,196,155},
{207,177,146,140,170,159,137,245},
{57,118,0,41,46,43,44,93},
{188,189,186,162,177,175,174,141},
{148,158,150,155,157,130,208,165},
{2,3,30,24,7,2,1,42},
{3,71,67,78,79,67,16,42},
{6,36,92,89,95,93,65,106},
{134,214,206,49,53,41,59,253},
{205,193,222,213,200,211,215,245},
{73,3,13,76,50,39,32,105},
{65,67,92,91,70,81,85,115},
{138,139,240,246,240,254,231,195},
{166,242,254,244,248,225,158,202},
{228,247,241,199,129,195,205,157},
{205,249,212,208,210,204,140,185},
{140,148,235,211,206,215,203,185},
{9,23,16,238,161,191,163,125},
{77,73,78,83,72,87,83,121},
{20,18,31,114,117,117,111,61},
{57,59,33,56,54,38,57,10},
{161,175,161,166,234,171,163,192},
{157,128,133,154,152,149,158,176},
{21,15,82,0,16,26,100,53},
{113,38,58,40,86,58,59,5},
{158,135,131,145,144,154,228,181},
{130,131,157,154,157,134,157,170},
{175,164,173,181,177,187,164,131},
{84,72,66,60,45,44,41,96},
{161,179,182,182,169,166,175,129},
{17,109,122,123,124,121,6,49},
{84,79,82,80,93,86,77,121},
{99,102,125,100,51,99,112,74},
{37,91,37,93,39,32,65,106},
{33,44,62,34,59,33,52,74},
{147,149,150,146,144,159,137,163},
{234,233,242,240,253,246,238,217},
{41,44,96,106,20,5,4,71},
{196,207,217,199,219,163,204,247},
{126,31,51,62,49,117,120,80},
{9,11,3,123,106,105,104,33},
{9,8,22,108,97,114,59,61},
{144,225,207,205,198,205,157,161},
{143,143,150,195,217,197,185,224},
{109,83,82,75,74,68,58,95},
{201,150,151,153,230,155,153,165},
{12,96,124,98,28,13,117,63},
{184,190,179,188,167,189,165,145},
{128,157,146,155,135,131,153,176},
{208,203,211,214,205,212,215,248},
{120,127,102,124,113,122,103,77},
{133,132,160,252,254,128,224,202},
{163,166,189,164,162,175,184,138},
{50,39,3,64,65,66,67,109},
{10,80,81,13,10,114,120,59},
{134,159,252,210,217,208,150,176},
{3,39,126,122,118,121,121,74},
{83,46,16,243,232,246,234,125},
{160,166,171,164,191,188,189,137},
{25,30,91,81,77,96,40,59},
{233,230,239,249,252,252,224,197},
{66,85,79,67,82,80,93,119},
{83,74,31,125,97,29,12,61},
{138,220,147,224,241,186,245,189},
{213,156,158,156,145,154,133,173},
{139,140,155,208,210,221,222,185},
{205,49,48,43,47,36,45,255},
{24,24,1,28,29,24,25,42},
{153,153,212,220,215,148,199,175},
{242,245,241,227,249,229,153,192},
{110,103,109,45,106,96,113,0},
{81,82,15,8,9,86,86,97},
{96,55,103,108,120,127,102,73},
{157,155,148,152,128,255,209,170},
{191,162,160,173,190,247,161,138},
{229,230,254,228,230,251,254,205},
{113,127,123,96,101,121,101,81},
{65,69,89,86,95,78,75,115},
{236,242,140,157,156,186,230,209},
{123,126,112,13,37,63,43,72},
{244,255,255,248,230,243,226,197},
{90,94,84,71,66,65,88,107},
{65,69,68,77,67,88,39,113},
{231,245,233,149,167,131,130,199},
{14,29,26,29,57,58,103,81},
{110,19,17,17,17,23,9,33},
{75,73,72,81,78,77,86,121},
{201,201,202,203,144,145,146,248},
{73,74,64,13,113,30,127,42},
{57,60,32,59,52,6,33,77},
{141,241,224,255,221,131,130,173},
{3,1,9,8,27,72,85,55},
{156,152,153,133,135,143,239,170},
{34,37,90,38,38,116,46,19},
{167,178,184,164,162,175,184,138},
{112,86,87,80,12,14,6,57},
{24,27,24,22,91,35,76,119},
{33,37,44,63,59,56,49,19},
{205,195,210,129,209,222,215,249},
{182,228,229,184,185,189,184,135},
{241,254,247,214,212,201,210,221},
{137,130,153,148,130,153,134,169},
{211,192,205,215,138,200,221,235},
{248,232,238,227,236,247,247,192},
{131,135,140,133,159,151,133,170},
{55,41,47,61,51,61,58,89},
{133,183,171,160,245,235,247,209},
{80,79,72,169,168,162,220,125},
{109,115,111,15,96,98,99,77},
{65,66,70,69,65,88,36,113},
{102,107,100,126,118,127,127,74},
{45,101,54,116,121,114,106,85},
{230,223,205,221,153,135,155,181},
{115,125,99,117,103,50,124,74},
{207,206,204,194,210,174,151,248},
{217,223,205,195,205,202,158,170},
{157,135,171,161,174,164,166,197},
{185,182,191,172,171,183,170,149},
{176,174,247,229,249,242,236,213},
{144,145,139,142,142,148,147,184},
{43,54,100,122,119,105,97,83},
{80,87,87,71,91,67,22,101},
{58,58,36,61,61,39,35,9},
{73,75,74,77,83,68,87,120},
{0,24,27,25,5,0,31,40},
{130,151,179,209,141,210,172,221},
{37,46,44,35,53,94,124,23},
{109,113,110,80,72,78,67,93},
{54,9,1,125,108,21,20,31},
{44,50,107,113,109,102,125,73},
{16,22,27,20,15,7,9,57},
{94,95,67,90,71,67,80,106},
{47,32,56,59,63,37,32,7},
{157,150,188,146,182,154,150,241},
{177,247,229,251,231,151,128,195},
{185,189,178,187,166,162,163,144},
{248,254,243,252,228,230,230,209},
{163,167,172,165,188,185,187,138},
{183,177,177,168,180,170,194,133},
{140,168,128,140,157,156,216,234},
{157,132,132,137,144,151,138,181},
{6,123,39,125,120,124,125,73},
{49,32,38,43,60,117,60,8},
{233,234,238,243,167,245,239,216},
{114,111,111,73,77,66,75,93},
{188,162,221,239,253,245,255,139},
{231,209,205,194,239,249,213,179},
{108,106,103,96,112,123,102,69},
{130,152,134,156,145,154,132,173},
{56,59,58,61,35,96,106,9},
{35,91,35,36,95,32,65,106},
{55,50,44,42,39,32,59,3},
{90,69,68,78,48,65,29,107},
{16,89,20,19,8,5,14,32},
{21,22,22,103,69,27,19,37},
{176,168,174,172,177,168,171,152},
{241,240,174,244,242,252,245,192},
{101,123,127,116,125,126,99,81},
{241,166,186,168,253,248,254,133},
{147,146,143,132,141,142,149,161},
{101,106,20,3,125,7,127,73},
{132,129,129,208,174,195,186,237},
{60,61,69,65,64,74,65,115},
{226,230,224,226,230,246,183,211},
{209,155,149,212,170,154,198,241},
{24,2,6,17,21,26,19,53},
{62,35,37,58,104,60,36,15},
{118,6,73,69,95,81,71,45},
{239,241,242,242,230,224,139,157},
{54,35,50,48,61,54,45,25},
{8,12,8,17,8,10,22,57},
{89,67,69,65,92,91,70,113},
{39,34,55,108,113,127,117,21},
{242,247,246,230,250,232,150,195},
{66,67,79,4,122,74,110,33},
{186,165,161,174,167,184,163,139},
{157,159,131,206,194,201,142,168},
{186,160,163,171,248,229,235,136},
{66,90,89,91,67,90,65,106},
{44,51,42,40,37,46,47,1},
{213,218,211,197,205,206,208,249},
{69,68,76,106,74,67,73,32},
{21,6,90,67,88,85,78,112},
{108,100,103,104,121,5,107,85},
{112,122,114,119,113,110,60,65},
{43,55,51,0,9,23,18,29},
{87,92,85,79,77,178,172,123},
{43,51,60,52,40,49,32,3},
{130,158,138,154,152,149,158,176},
{177,179,174,179,180,161,160,131},
{4,9,2,26,31,6,31,40},
{57,69,82,45,45,46,47,25},
{120,5,122,126,120,122,126,73},
{65,78,71,88,64,69,67,109},
{45,46,53,56,60,35,38,5},
{95,89,95,94,64,60,25,106},
{35,39,44,37,61,61,59,10},
{117,122,115,109,109,104,114,89},
{45,54,43,47,36,45,49,0},
{93,83,87,168,176,180,176,125},
{252,135,134,247,141,130,138,181},
{198,146,148,152,155,129,199,170},
{103,127,123,120,113,114,104,85},
{186,187,195,188,190,183,160,138},
{98,9,18,91,22,29,10,32},
{159,146,147,159,212,170,191,240},
{228,239,243,160,160,170,212,133},
{143,142,139,240,238,243,243,189},
{181,180,173,182,173,169,166,128},
{222,192,222,221,199,195,208,234},
{64,86,41,27,9,25,19,119},
{219,245,233,230,192,253,239,143},
{80,7,87,92,77,6,30,121},
{237,178,238,140,210,213,213,221},
{110,25,25,27,27,29,65,39},
{80,86,91,84,79,76,79,121},
{170,182,172,210,191,198,161,138},
{250,166,208,252,222,219,162,141},
{228,184,184,191,167,161,183,202},
{88,90,91,71,88,95,70,105},
{174,179,170,183,179,128,144,155},
{201,198,207,222,218,218,196,229},
{198,195,186,195,188,187,191,137},
{16,41,40,14,80,92,83,95},
{101,98,99,28,22,30,3,42},
{52,16,12,244,224,236,224,125},
{224,178,191,136,149,145,136,157},
{178,177,186,168,176,176,175,128},
{187,187,224,188,183,184,164,138},
{142,246,241,240,236,253,236,191},
{17,3,23,29,23,12,86,112},
{130,152,157,134,151,134,205,170},
{253,246,247,210,213,215,202,221},
{33,46,63,104,40,33,63,13},
{35,44,55,53,48,39,58,3},
{168,174,175,142,199,208,204,157},
{212,217,210,211,203,203,215,248},
{10,74,66,73,14,7,111,42},
{168,175,178,173,169,166,175,129},
{203,199,140,242,194,195,128,170},
{147,157,154,46,111,103,116,253},
{139,133,143,136,192,129,149,234},
{33,36,34,35,58,115,100,16},
{173,181,248,240,251,128,211,155},
{252,248,225,254,245,228,238,200},
{68,66,79,88,64,69,67,109},
{173,167,169,174,135,168,183,200},
{106,118,116,109,105,102,111,65},
{217,151,159,172,174,161,162,189},
{24,2,1,28,7,3,16,42},
{241,186,244,241,233,230,239,193},
{194,198,222,211,220,192,199,240},
{57,33,61,57,61,50,34,13},
{66,70,88,73,73,83,87,117},
{215,139,209,141,241,159,220,170},
{222,223,200,236,218,196,197,171},
{212,209,209,232,181,238,227,189},
{215,203,209,222,192,198,203,229},
{21,123,125,2,126,126,96,74},
{59,66,69,66,65,99,33,10},
{59,60,34,32,45,38,62,9},
{26,24,5,118,100,64,75,41},
{167,171,166,160,187,208,248,145},
{255,250,226,143,175,172,187,202},
{245,211,171,171,170,168,167,153},
{227,248,255,226,253,252,246,208},
{67,73,91,94,69,92,90,112},
{136,224,196,216,216,204,192,168},
{150,141,148,146,159,232,242,187},
{190,252,243,240,255,191,168,219},
{173,243,175,243,252,240,240,193},
{152,158,147,132,205,133,128,177},
{245,254,230,232,238,241,234,213},
{191,163,162,169,191,187,185,137},
{209,142,160,149,160,128,215,249},
{61,38,63,34,32,45,38,8},
{252,227,250,253,245,137,231,209},
{179,183,178,169,182,175,171,129},
{86,4,38,6,36,91,95,103},
{94,75,76,77,74,55,63,1},
{106,63,36,40,32,111,15,74},
{224,242,132,147,177,238,238,217},
{65,95,67,16,23,19,2,97},
{250,251,217,131,142,140,143,179},
{44,38,45,12,1,10,11,29},
{144,230,243,244,245,242,143,184},
{20,9,7,13,68,9,9,96},
{72,83,81,78,24,21,30,48},
{52,41,121,43,51,52,43,0},
{20,105,19,30,17,30,5,37},
{47,103,108,101,120,124,96,74},
{18,108,49,108,110,89,81,91},
{242,235,239,228,242,245,235,193},
{199,211,217,204,153,135,155,181},
{252,228,240,252,240,241,187,143},
{109,112,127,99,120,127,127,69},
{185,197,171,173,210,174,174,153},
{200,203,190,196,216,198,184,225},
{42,51,54,45,52,55,63,25},
{184,182,251,131,237,238,150,217},
{154,201,130,159,152,157,177,232},
{197,207,214,131,153,133,249,160},
{170,175,214,167,216,223,219,229},
{117,71,99,65,103,102,92,42},
{166,167,253,161,129,248,230,202},
{143,189,227,154,184,156,230,208},
{4,6,6,8,8,86,15,53},
{29,18,2,4,2,26,23,49},
{124,124,99,102,125,100,98,72},
{213,207,215,209,204,202,199,225},
{5,89,83,90,88,64,63,105},
{59,60,38,57,36,34,47,9},
{73,73,72,77,72,75,94,120},
{82,89,84,66,90,70,92,106},
{188,174,154,168,169,172,182,217},
{62,101,34,40,57,103,96,74},
{21,6,79,9,93,22,27,53},
{112,105,96,126,35,36,61,7},
{184,186,162,160,173,166,189,137},
{4,7,1,8,1,13,21,53},
{161,171,165,167,172,182,170,145},
{74,7,72,18,19,77,75,57},
{212,198,198,198,219,150,196,177},
{146,135,255,159,152,227,156,205},
{106,118,108,18,1,35,96,74},
{79,78,64,71,72,74,93,119},
{57,119,127,63,13,45,83,93},
{145,150,151,142,151,146,143,160},
{56,39,60,62,38,60,49,11},
{131,251,236,202,151,231,197,163},
{120,124,118,126,5,55,43,77},
{165,128,146,154,134,134,150,241},
{51,43,43,40,53,96,50,24},
{216,215,222,206,220,237,202,185},
{226,255,249,253,225,249,249,202},
{82,80,46,61,67,61,69,111},
{241,232,234,245,240,239,246,217},
{27,18,1,31,7,82,28,42},
{99,108,124,118,106,122,122,67},
{186,191,162,192,225,250,227,138},
{184,185,186,164,163,190,185,138},
{241,141,156,157,229,231,158,209},
{200,203,206,209,201,201,214,249},
{104,104,110,104,108,112,49,89},
{80,80,86,79,87,83,78,97},
{232,158,139,140,141,138,247,192},
{172,175,174,142,207,199,212,157},
{103,96,112,114,127,99,121,71},
{49,54,51,52,77,69,79,120},
{92,89,65,89,85,68,66,104},
{153,157,156,149,155,128,251,169},
{247,245,241,232,235,241,234,215},
{248,248,251,250,252,132,252,200},
{212,213,207,193,201,181,218,229},
{93,33,78,236,206,179,179,125},
{88,92,90,67,32,14,29,106},
{0,24,25,28,5,0,31,40},
{39,9,35,33,42,111,15,74},
{245,129,144,140,141,210,210,221},
{207,200,201,202,150,153,144,163},
{123,101,34,40,57,103,96,74},
{67,59,42,41,86,4,5,99},
{209,210,141,245,249,243,237,189},
{43,4,35,51,61,39,37,79},
{153,133,154,156,132,130,143,169},
{237,242,255,208,205,194,203,221},
{176,183,170,181,177,190,183,153},
{117,71,28,65,97,96,92,42},
{187,172,229,173,179,128,137,155},
{21,6,26,27,37,63,59,115},
{224,196,216,216,204,192,204,169},
{208,192,192,193,216,213,222,240},
{132,134,151,221,215,222,155,181},
{133,250,249,248,253,254,248,202},
{160,166,171,164,187,184,164,137},
{26,29,21,29,0,127,81,42},
{59,36,53,36,34,47,56,10},
{117,62,116,41,101,106,99,69},
{179,165,187,188,186,245,137,208},
{94,83,67,95,71,67,80,106},
{58,68,60,57,70,55,77,115},
{186,196,189,225,191,192,161,138},
{178,248,180,176,184,168,243,213},
{86,16,77,16,18,29,21,31},
{112,10,122,98,127,100,127,80},
{4,30,16,96,113,58,117,61},
{211,199,215,209,215,200,135,161},
{166,188,177,186,161,162,164,143},
{127,124,101,97,110,103,97,74},
{62,62,60,38,49,115,125,13},
{157,195,159,192,205,199,199,241},
{11,117,78,82,76,10,22,37},
{31,61,98,28,102,109,111,80},
{106,127,120,113,118,11,3,53},
{159,189,199,194,193,201,215,243},
{114,11,10,42,8,121,0,67},
{43,7,1,20,55,27,1,109},
{52,62,122,78,69,11,3,29},
{179,169,181,201,216,244,169,147},
{104,110,99,108,118,114,119,65},
{122,111,110,25,24,101,31,37},
{50,58,53,45,103,105,48,10},
{165,218,212,220,221,219,216,234},
{239,164,217,201,207,198,229,157},
{244,243,247,248,231,172,185,197},
{133,195,201,204,128,138,244,165},
{124,52,102,43,100,54,55,19},
{139,140,137,174,129,131,159,234},
{246,240,229,251,231,151,128,195},
{174,170,183,219,144,154,149,157},
{120,102,24,1,6,3,4,69},
{121,114,101,97,110,126,98,74},
{50,98,120,123,117,97,118,73},
{242,240,253,236,235,217,205,219},
{59,62,52,34,56,38,60,10},
{161,160,165,186,183,176,168,147},
{9,67,95,84,93,71,92,113},
{149,145,146,141,244,202,213,160},
{96,97,98,122,117,100,99,72},
{223,208,205,211,214,205,212,247},
{182,183,183,168,180,170,212,133},
{245,239,238,209,209,205,213,221},
{44,45,43,47,52,123,107,24},
{64,88,95,5,13,90,71,41},
{27,31,30,4,3,30,25,42},
{102,100,111,108,98,47,79,10},
{41,44,51,42,40,37,46,0},
{205,146,205,55,55,49,45,253},
{161,163,164,177,185,197,212,149},
{241,250,251,229,224,231,254,209},
{176,169,230,228,239,236,226,136},
{14,7,120,114,122,127,121,71},
{35,35,32,61,56,39,62,17},
{152,134,248,231,230,229,199,165},
{54,48,91,92,65,79,71,113},
{85,70,15,65,24,86,91,117},
{201,220,135,230,206,202,217,167},
{45,46,114,40,10,113,113,65},
{97,124,123,99,120,100,126,81},
{182,244,138,230,230,233,181,211},
{206,197,216,195,199,204,220,231},
{77,70,71,69,65,91,94,109},
{228,233,229,170,212,189,188,135},
{148,136,241,199,197,223,198,165},
{213,245,215,140,242,143,138,185},
{219,218,219,192,223,214,217,234},
{236,171,211,194,190,192,160,138},
{161,254,134,159,189,155,154,205},
{183,168,225,171,248,176,189,151},
{80,111,16,18,106,72,73,31},
{13,20,16,31,4,30,30,37},
{177,178,179,232,233,234,183,129},
{157,150,142,240,234,243,234,189},
{43,22,8,15,18,13,9,31},
{72,22,52,16,77,78,73,121},
{157,142,147,224,241,186,243,189},
{131,250,131,252,162,254,228,202},
{121,125,114,123,124,100,110,80},
{172,130,130,137,168,134,130,234},
{79,93,83,93,90,110,47,59},
{223,201,219,218,212,144,152,240},
{34,76,65,74,85,81,81,95},
{193,197,202,195,212,217,222,232},
{65,62,67,71,65,68,88,112},
{74,89,39,81,41,83,84,21},
{24,97,99,109,103,120,13,81},
{64,33,41,35,32,32,61,15},
{124,49,77,127,91,90,38,16},
{45,62,119,35,37,62,51,13},
{136,139,136,224,252,226,138,189},
{157,151,148,156,129,209,131,165},
{186,164,184,164,243,163,176,138},
{57,35,36,45,62,37,39,17},
{118,13,63,35,40,125,99,88},
{200,149,185,138,185,155,206,224},
{220,195,218,216,213,196,197,241},
{227,154,157,158,157,151,137,170},
{227,254,253,253,226,231,226,203},
{245,199,156,193,194,224,255,170},
{247,243,246,225,228,251,226,197},
{129,133,138,155,212,200,157,168},
{7,14,25,98,112,84,95,53},
{195,199,204,220,215,216,220,234},
{78,82,95,168,178,181,181,125},
{189,226,156,229,224,225,226,209},
{17,107,108,17,21,17,17,33},
{240,240,237,189,239,224,251,195},
{167,170,171,167,236,146,162,200},
{42,26,62,49,72,51,66,117},
{220,248,220,223,174,160,161,147},
{222,197,220,223,215,167,200,243},
{241,133,183,236,177,145,144,217},
{148,128,140,128,129,203,136,224},
{44,57,35,32,28,8,18,74},
{78,104,67,65,65,93,3,42},
{235,147,130,162,128,224,158,203},
{17,30,14,116,119,107,30,61},
{133,135,248,212,136,243,138,181},
{153,150,159,144,143,139,146,181},
{150,159,152,134,139,157,153,167},
{3,11,30,3,28,26,23,49},
{233,149,130,253,161,135,254,201},
{23,21,11,72,66,95,1,35},
{1,30,19,28,29,4,30,49},
{186,167,172,165,186,164,164,138},
{68,67,94,89,88,82,31,109},
{34,91,90,39,46,33,33,19},
{48,53,49,55,43,82,98,1},
{229,181,253,231,253,242,227,205},
{251,230,254,224,250,248,245,207},
{152,132,154,133,130,157,153,175},
{132,203,179,129,223,166,156,234},
{12,10,7,0,27,25,24,37},
{196,226,194,203,193,129,222,170},
{192,184,158,159,198,198,198,240},
{133,130,244,251,255,246,254,202},
{138,149,145,158,143,184,167,187},
{175,164,173,183,183,177,176,131},
{121,126,100,120,100,103,111,73},
{245,251,241,128,254,237,147,157},
{46,52,74,95,88,81,86,19},
{87,90,91,87,28,98,15,56},
{144,206,207,150,151,151,146,161},
{81,81,85,94,73,30,3,101},
{95,20,1,27,24,36,48,113},
{3,31,31,5,29,1,0,43},
{216,144,156,219,146,146,138,248},
{232,238,227,236,240,244,247,193},
{132,130,143,152,128,134,139,173},
{142,210,203,210,213,206,212,249},
{228,158,158,137,131,138,139,173},
{28,22,29,30,114,93,65,45},
{225,229,234,227,253,248,255,200},
{64,74,66,71,65,94,12,113},
{201,212,206,208,221,211,215,249},
{239,245,239,245,244,247,255,217},
{104,117,116,126,0,81,80,91},
{158,148,153,146,143,143,150,183},
{36,107,19,4,7,6,31,74},
{220,194,203,204,215,207,202,225},
{99,125,102,105,112,118,123,85},
{189,178,187,188,164,175,190,145},
{134,251,252,254,249,252,239,201},
{136,144,146,150,141,136,151,160},
{88,94,83,68,13,71,67,113},
{52,46,35,44,52,52,48,1},
{222,222,222,195,142,220,144,170},
{82,71,63,95,88,35,92,13},
{252,249,249,184,164,186,196,149},
{61,114,117,100,105,122,51,69},
{75,71,12,114,103,67,92,42},
{127,63,40,45,42,43,84,95},
{131,142,131,150,252,219,200,181},
{147,200,147,149,145,144,135,163},
{116,111,107,104,97,123,122,69},
{34,32,59,112,108,114,12,77},
{152,142,130,153,206,210,208,234},
{187,151,145,100,71,107,113,253},
{70,65,93,66,68,92,11,112},
{152,157,131,144,131,129,138,173},
{13,23,22,96,30,13,114,61},
{30,21,18,19,87,69,89,115},
{77,81,59,29,7,1,23,112},
{53,63,32,38,43,36,37,7},
{70,75,68,95,69,89,64,106},
{235,146,162,176,189,146,138,197},
{190,167,186,184,181,190,166,145},
{1,26,0,28,4,0,7,41},
{44,8,20,28,8,4,8,101},
{74,86,78,82,80,93,86,120},
{29,18,30,28,12,3,26,49},
{73,89,65,71,92,90,87,113},
{109,111,103,23,6,123,39,69},
{9,47,46,4,88,90,7,101},
{184,161,185,162,165,188,186,144},
{96,98,99,100,57,58,59,81},
{60,57,37,120,100,122,4,85},
{217,223,193,158,148,133,219,237},
{105,127,59,33,32,62,64,25},
{32,32,62,125,119,126,59,21},
{10,95,68,72,64,15,66,42},
{204,210,172,187,153,198,199,241},
{36,127,21,60,32,61,55,80},
{84,41,84,95,81,91,75,101},
{190,229,128,168,168,187,240,202},
{102,121,124,121,125,114,123,77},
{205,146,147,149,234,151,149,161},
{35,14,14,12,22,86,70,96},
{235,181,179,186,160,164,172,197},
{153,229,139,243,209,142,240,185},
{228,255,251,248,241,236,237,213},
{168,162,220,181,233,207,235,129},
{32,40,41,47,52,102,54,24},
{1,7,7,54,16,17,22,113},
{44,44,63,108,18,126,126,73},
{246,139,142,140,141,144,217,185},
{32,39,58,37,112,34,47,9},
{140,134,142,243,245,234,184,189},
{84,38,42,18,22,2,124,29},
{251,242,183,199,245,171,170,149},
{252,226,224,237,230,249,226,202},
{237,238,239,140,141,142,211,221},
{4,75,31,77,11,1,20,106},
{189,193,208,204,145,146,146,157},
{217,252,238,254,226,226,242,141},
{148,147,142,233,237,226,242,189},
{161,177,170,173,169,183,179,153},
{226,236,146,255,134,188,189,203},
{175,152,143,242,194,214,192,159},
{60,58,55,48,49,45,41,21},
{243,144,144,147,147,147,149,159},
{222,202,218,216,213,219,223,241},
{119,9,117,116,4,12,7,56},
{172,164,175,135,168,183,138,201},
{73,74,66,76,78,73,81,121},
{223,162,159,149,140,147,133,241},
{14,18,114,75,75,44,40,59},
{249,252,250,247,157,170,164,202},
{6,11,4,5,28,26,4,42},
{89,70,67,95,67,78,94,113},
{213,210,202,196,140,128,199,225},
{207,212,203,207,196,205,215,224},
{32,49,46,35,44,54,50,0},
{84,85,74,72,69,78,81,97},
{8,9,11,116,13,15,11,56},
{192,192,218,205,206,211,215,245},
{208,210,214,198,135,143,156,229},
{81,77,67,79,82,71,86,121},
{20,94,83,92,71,66,88,113},
{177,178,174,164,180,179,174,153},
{220,221,192,220,221,217,221,235},
{8,30,20,1,84,6,11,37},
{27,25,28,4,2,15,0,42},
{6,91,92,90,89,86,70,106},
{58,35,39,44,37,57,61,9},
{168,179,178,188,194,175,208,153},
{182,177,169,222,236,230,228,133},
{83,84,79,87,82,177,168,123},
{241,175,243,144,205,206,236,157},
{194,217,219,194,215,198,220,234},
{163,186,190,162,160,173,166,136},
{152,134,157,155,135,131,144,170},
{77,49,32,28,29,59,67,109},
{5,1,2,29,82,71,89,48},
{248,227,235,147,252,129,128,201},
{186,176,178,133,143,150,195,221},
{134,152,205,210,222,210,157,183},
{45,34,43,53,53,48,63,1},
{193,206,221,192,197,222,211,237},
{52,50,63,8,9,19,27,29},
{92,89,68,62,31,8,28,104},
{234,218,134,137,136,245,141,181},
{52,32,105,18,60,56,51,81},
{232,153,153,154,157,158,154,167},
{33,42,50,55,46,50,53,1},
{59,59,58,36,63,68,118,13},
{133,250,249,250,251,250,240,202},
{171,175,175,173,179,240,250,153},
{25,101,87,13,116,82,118,57},
{1,89,92,68,70,92,49,109},
{209,206,156,192,193,216,217,229},
{232,238,227,236,247,240,242,193},
{42,45,37,89,72,71,101,3},
{217,214,223,208,206,207,210,245},
{224,152,157,226,228,231,224,208},
{203,227,197,211,199,209,225,175},
{43,63,53,40,125,99,127,89},
{88,92,69,64,95,70,92,106},
{203,200,193,216,211,193,220,231},
{217,210,220,223,219,198,176,233},
{46,37,56,35,118,32,45,7},
{234,239,150,196,154,158,152,165},
{8,118,41,101,121,52,50,85},
{130,138,154,152,149,129,132,177},
{250,170,182,172,210,191,191,137},
{89,90,94,67,23,69,93,104},
{40,40,52,79,121,101,106,24},
{37,56,35,39,44,37,38,8},
{221,197,188,130,157,134,132,234},
{84,75,82,80,93,86,78,121},
{113,56,70,118,42,45,44,23},
{74,72,69,78,86,90,94,99},
{7,22,54,107,108,108,17,88},
{41,38,54,61,37,42,35,5},
{232,161,191,186,240,253,246,216},
{205,192,214,198,251,213,212,160},
{140,131,173,159,157,150,211,237},
{45,53,53,109,125,49,45,89},
{217,142,137,137,152,222,154,249},
{158,153,157,146,155,133,135,175},
{69,78,85,67,91,67,71,101},
{249,178,175,164,173,176,168,129},
{69,95,91,72,90,67,67,109},
{13,121,110,103,96,101,26,37},
{220,215,198,220,209,218,192,237},
{60,56,35,39,44,37,38,8},
{229,199,227,228,194,195,133,170},
{140,241,137,248,247,251,254,189},
{114,60,49,58,32,33,37,15},
{222,223,192,217,220,217,221,235},
{57,63,33,126,116,101,59,13},
{201,206,200,200,220,192,222,248},
{65,66,67,0,120,7,0,45},
{88,89,93,68,86,80,20,107},
{117,113,42,45,37,89,54,1},
{148,140,234,201,196,193,194,161},
{143,246,198,220,209,134,154,161},
{201,198,207,192,216,223,223,229},
{176,182,168,183,177,184,160,131},
{103,122,124,100,98,111,120,74},
{88,58,21,23,19,15,45,120},
{229,251,255,244,229,174,180,209},
{162,163,190,189,189,166,189,138},
{21,122,124,125,126,35,60,74},
{176,177,172,170,181,176,175,152},
{232,243,247,252,245,237,244,217},
{176,162,130,137,139,151,208,234},
{171,238,179,228,233,161,226,197},
{106,113,110,100,105,98,122,69},
{103,122,101,97,110,127,40,74},
{67,29,27,2,24,28,20,109},
{154,247,171,135,249,133,254,197},
{54,55,59,120,6,107,106,85},
{232,241,186,242,232,229,235,192},
{12,19,12,105,104,98,28,61},
{192,202,222,146,250,219,203,185},
{1,45,102,107,19,33,1,72},
{186,243,188,161,174,167,163,138},
{37,59,39,87,70,102,59,5},
{118,116,104,112,96,102,107,69},
{123,120,113,114,105,111,111,87},
{134,162,221,221,222,222,193,234},
{62,42,34,46,43,97,62,74},
{208,171,170,172,210,242,208,153},
{165,223,162,171,172,172,181,149},
{9,16,17,20,8,18,16,33},
{115,116,100,99,126,121,125,75},
{180,181,178,207,199,49,50,251},
{202,198,204,192,217,187,145,243},
{91,16,5,23,20,40,60,117},
{53,116,41,114,127,11,72,91},
{133,151,129,147,151,156,149,183},
{198,194,214,214,218,223,149,181},
{240,246,251,244,236,233,236,217},
{214,204,183,129,157,146,199,225},
{222,195,216,218,210,197,193,231},
{117,71,99,65,30,102,1,42},
{225,226,191,184,185,230,230,209},
{65,30,102,2,2,4,10,45},
{49,49,53,51,43,48,47,0},
{79,77,77,81,23,5,27,32},
{110,47,87,90,85,93,88,95},
{228,244,159,188,176,171,251,205},
{152,231,229,228,237,248,131,209},
{71,101,63,59,63,62,32,8},
{202,159,132,136,128,207,175,234},
{11,13,116,7,11,113,117,59},
{108,111,103,23,121,123,122,69},
{250,226,251,254,229,225,238,200},
{13,30,87,86,87,30,19,45},
{219,193,223,156,150,131,221,239},
{209,216,198,155,156,133,157,176},
{123,120,120,101,53,127,40,74},
{73,31,76,9,1,79,3,106},
{191,174,171,143,173,212,215,224},
{140,128,143,152,132,154,207,181},
{160,222,203,204,205,202,183,128},
{238,178,171,176,189,182,174,153},
{211,172,240,240,250,240,235,191},
{120,122,98,101,109,17,127,73},
{39,44,37,63,58,59,41,11},
{148,201,202,202,179,204,204,248},
{144,153,131,132,140,152,142,176},
{184,164,161,159,137,141,248,202},
{229,228,235,224,251,144,184,209},
{206,137,139,138,132,193,201,160},
{101,123,103,23,6,122,122,69},
{93,18,108,125,5,121,126,49},
{169,166,183,240,186,185,167,133},
{254,228,233,226,250,253,255,199},
{153,150,134,140,128,150,155,181},
{252,252,249,224,137,191,191,203},
{187,161,189,193,208,204,145,155},
{17,19,11,69,75,14,112,41},
{96,102,107,124,53,127,120,73},
{35,61,35,49,48,58,68,21},
{92,71,67,80,89,90,65,109},
{197,149,154,147,141,137,135,184},
{102,124,119,121,125,114,123,77},
{38,64,62,59,66,59,68,111},
{252,226,138,170,182,178,166,193},
{21,23,23,97,27,30,18,37},
{83,9,30,233,245,170,171,125},
{16,23,10,21,64,18,31,57},
{222,216,156,148,159,213,221,247},
{85,70,26,2,24,21,27,48},
{12,69,74,67,93,90,86,104},
{177,169,174,179,170,183,179,153},
{152,129,131,145,196,150,155,181},
{95,93,69,68,75,93,69,106},
{160,184,186,186,186,162,186,136},
{105,127,101,98,96,39,100,10},
{3,122,3,124,123,127,96,74},
{189,191,185,162,237,171,161,201},
{76,100,98,121,46,50,48,10},
{156,154,151,142,143,199,151,181},
{26,31,2,100,67,78,87,42},
{232,238,227,236,252,244,236,193},
{4,14,70,86,17,109,124,45},
{63,29,1,125,19,72,106,31},
{161,237,237,245,244,254,187,217},
{28,25,101,97,109,110,117,85},
{202,222,194,195,195,134,134,169},
{160,164,163,160,163,187,223,144},
{24,22,83,10,72,86,40,113},
{158,155,155,137,145,143,147,173},
{106,20,5,125,1,6,97,74},
{3,2,12,114,97,31,121,42},
{112,108,114,123,101,126,100,80},
{187,237,160,173,166,190,162,138},
{187,255,251,248,162,250,139,213},
{194,192,205,198,199,193,192,235},
{95,32,42,34,39,33,62,16},
{168,181,177,190,183,149,146,155},
{214,204,210,208,221,214,205,249},
{100,99,21,23,30,7,17,43},
{203,159,215,211,210,196,201,227},
{125,125,101,97,110,103,120,74},
{60,49,102,97,97,112,63,16},
{0,25,82,27,0,13,6,40},
{69,70,71,99,28,23,27,41},
{253,227,224,165,171,183,230,192},
{238,175,168,210,214,220,221,223},
{1,5,10,3,25,24,28,40},
{44,19,25,13,17,13,9,31},
{207,133,248,194,219,204,216,170},
{122,126,99,55,101,120,127,73},
{254,251,167,228,230,233,234,133},
{236,225,234,251,239,241,242,192},
{103,29,29,27,24,3,122,40},
{12,20,31,63,18,18,16,121},
{141,144,150,155,148,140,141,184},
{5,5,76,70,78,48,64,106},
{221,194,195,200,151,200,222,181},
{252,218,142,138,141,143,146,181},
{23,28,21,22,14,115,112,59},
{134,162,220,164,130,166,199,234},
{146,144,248,220,192,192,212,175},
{78,86,78,68,73,66,90,101},
{3,29,6,26,17,53,24,113},
{88,95,66,93,89,86,95,113},
{12,244,243,235,237,227,171,127},
{123,114,97,122,103,102,112,74},
{175,167,160,176,237,160,178,193},
{169,171,247,211,172,168,166,153},
{230,231,188,188,191,190,161,138},
{71,89,95,77,67,77,74,41},
{157,146,155,134,133,132,156,177},
{144,129,223,208,209,200,210,245},
{254,225,239,241,245,250,243,213},
{165,190,165,161,174,167,162,138},
{154,157,152,135,140,133,154,168},
{238,236,237,240,185,146,142,219},
{158,133,156,150,232,136,240,179},
{181,190,165,172,169,181,163,149},
{32,41,53,58,47,55,48,0},
{41,53,49,62,55,8,16,27},
{125,35,36,37,60,38,61,10},
{144,137,148,141,137,134,143,161},
{148,151,136,149,148,150,142,161},
{92,79,75,72,65,94,93,101},
{126,113,124,104,110,106,116,87},
{127,118,51,120,122,117,118,17},
{167,133,165,135,220,129,218,232},
{48,56,39,44,63,62,60,9},
{48,59,58,121,41,38,47,1},
{73,78,75,76,53,61,55,0},
{100,104,120,100,97,97,56,10},
{196,223,194,192,205,198,222,233},
{223,214,198,220,209,194,139,237},
{11,8,1,27,19,7,30,39},
{25,28,3,26,24,21,30,48},
{142,203,179,220,161,222,192,234},
{216,198,221,222,221,198,220,234},
{51,0,9,19,18,19,21,31},
{41,43,63,29,1,107,77,29},
{61,50,59,60,39,63,58,17},
{233,191,181,177,191,164,200,133},
{230,235,228,254,246,246,253,202},
{29,7,126,78,84,89,14,40},
{128,134,139,132,153,153,159,169},
{0,30,19,28,7,3,5,49},
{130,156,207,175,184,158,186,237},
{26,31,25,6,84,3,1,43},
{65,72,68,95,84,71,71,112},
{158,148,153,146,138,136,132,183},
{12,112,108,118,116,109,105,63},
{69,57,46,89,32,90,36,101},
{0,6,11,29,26,24,82,41},
{113,118,113,110,115,124,111,64},
{249,246,231,160,237,237,247,213},
{73,78,2,67,75,88,24,42},
{97,69,104,100,102,120,56,5},
{221,220,199,204,197,221,222,233},
{28,24,29,0,122,67,84,43},
{134,157,128,155,206,152,149,175},
{241,241,141,242,139,241,243,192},
{188,186,183,176,171,175,173,149},
{52,78,79,185,177,177,180,125},
{97,30,102,102,100,101,120,80},
{0,2,2,1,7,0,3,49},
{203,231,230,198,226,148,157,167},
{207,202,210,220,202,223,206,225},
{248,251,244,240,233,190,163,197},
{204,228,226,249,160,200,255,138},
{35,91,93,36,86,88,64,106},
{85,87,81,74,5,121,75,33},
{229,238,246,251,226,253,226,197},
{94,45,36,98,28,117,12,63},
{2,6,10,19,75,81,77,103},
{149,132,160,253,254,254,159,202},
{53,106,107,109,18,111,109,89},
{123,119,122,123,119,60,66,23},
{112,121,97,100,102,120,103,80},
{41,9,118,126,112,115,107,69},
{177,176,205,178,205,188,177,128},
{100,97,102,127,0,10,2,45},
{8,96,68,88,88,76,64,40},
{117,111,103,23,6,123,2,69},
{220,195,194,223,194,194,199,239},
{84,71,79,20,30,82,31,109},
{46,17,16,109,21,28,19,31},
{19,7,31,24,6,28,17,43},
{115,114,106,105,116,111,107,65},
{41,50,47,36,45,46,54,1},
{0,10,116,101,65,66,67,41},
{234,250,253,249,226,239,248,202},
{239,145,170,190,160,230,250,193},
{128,157,156,153,157,146,155,173},
{209,218,193,197,198,197,216,241},
{246,227,189,190,167,179,169,147},
{233,232,231,241,241,243,239,192},
{170,212,188,189,190,190,160,138},
{204,207,176,73,72,77,51,253},
{61,60,51,35,57,39,35,9},
{161,165,190,167,164,170,176,147},
{78,94,32,236,237,238,204,125},
{62,66,125,97,96,90,100,16},
{179,170,168,178,176,189,182,152},
{129,218,198,220,213,199,208,249},
{109,98,113,118,125,111,110,65},
{26,26,29,100,97,67,2,42},
{216,200,194,207,208,221,214,248},
{166,250,253,244,255,225,131,202},
{5,26,23,8,65,14,88,53},
{186,149,151,147,143,205,223,249},
{67,95,69,66,64,15,13,42},
{39,58,36,33,61,104,58,16},
{135,154,128,139,157,153,150,176},
{189,167,162,161,184,190,179,141},
{165,174,177,188,166,184,162,133},
{50,63,15,34,34,32,34,74},
{51,42,51,48,61,44,42,0},
{83,68,13,64,19,84,89,115},
{9,19,23,21,21,9,17,33},
{0,6,11,29,20,26,82,41},
{184,186,188,167,184,186,166,137},
{229,234,227,253,254,229,253,201},
{81,1,78,7,91,88,4,113},
{176,184,177,187,181,165,187,128},
{37,56,62,51,60,36,34,16},
{234,232,229,189,231,152,166,195},
{232,226,234,239,233,246,164,217},
{190,186,162,227,235,248,184,138},
{153,229,139,208,140,143,211,185},
{138,244,157,193,231,195,220,170},
{58,60,56,34,56,38,60,10},
{227,243,237,243,247,252,245,215},
{145,215,221,208,149,218,216,177},
{134,130,139,131,131,138,158,234},
{95,66,64,77,70,93,72,106},
{208,246,170,211,172,170,170,153},
{81,74,87,92,85,75,84,121},
{161,147,155,157,137,149,137,245},
{73,80,85,77,72,87,78,97},
{216,220,222,255,213,221,203,168},
{237,245,244,227,253,227,231,197},
{28,30,26,2,67,75,88,41},
{213,194,224,196,199,190,252,138},
{174,142,211,212,212,169,214,225},
{228,233,226,227,254,255,252,200},
{192,219,223,212,221,222,193,241},
{220,223,222,222,159,151,132,237},
{121,95,86,86,76,21,11,48},
{58,68,69,60,65,62,37,10},
{92,95,65,92,92,70,92,106},
{151,143,130,155,193,158,153,229},
{84,83,78,169,173,162,179,125},
{119,82,82,79,82,85,76,95},
{127,114,127,98,11,33,33,73},
{175,168,142,143,209,211,215,224},
{219,207,248,201,223,216,202,169},
{4,8,24,4,1,1,80,106},
{187,196,186,181,184,182,173,138},
{48,54,59,44,101,120,39,25},
{168,179,183,161,165,170,187,133},
{244,233,185,243,188,244,160,192},
{251,244,245,171,171,165,165,151},
{37,61,38,43,44,51,55,21},
{50,36,52,36,34,47,56,10},
{36,107,19,2,1,0,60,74},
{145,159,145,150,218,155,147,240},
{37,46,54,60,49,63,36,5},
{255,232,244,241,207,217,221,153},
{169,174,175,143,149,139,138,157},
{88,17,11,75,51,93,94,104},
{52,46,50,48,78,35,90,13},
{112,115,112,105,114,97,101,67},
{251,130,133,253,129,247,229,202},
{140,149,144,143,150,236,225,187},
{32,93,92,91,36,95,94,17},
{219,212,207,213,202,55,40,251},
{234,233,244,239,235,232,225,195},
{64,8,4,67,59,9,87,96},
{129,133,138,131,157,158,155,168},
{129,142,135,129,131,138,130,173},
{30,0,26,24,21,30,5,49},
{156,150,158,131,133,154,200,173},
{216,196,207,209,208,218,164,245},
{35,63,59,56,49,50,41,21},
{213,207,199,48,44,58,58,253},
{191,183,185,190,210,250,242,141},
{29,22,7,116,108,112,116,61},
{141,209,215,215,212,207,199,225},
{27,2,0,13,6,7,3,42},
{174,170,190,142,130,135,205,221},
{157,146,155,156,135,130,133,177},
{46,114,107,112,125,118,110,89},
{25,5,1,14,7,1,5,43},
{6,16,93,93,80,85,89,47},
{108,99,117,125,127,99,98,69},
{223,40,48,51,46,55,44,255},
{39,89,35,95,90,88,90,104},
{51,60,56,60,32,95,113,10},
{196,216,153,157,142,210,211,245},
{153,154,129,132,141,159,154,177},
{117,26,99,28,30,30,3,42},
{74,67,68,92,89,70,93,106},
{185,181,250,132,147,237,145,216},
{167,186,165,161,174,162,184,138},
{56,48,45,71,109,103,117,1},
{137,144,150,155,141,136,143,184},
{5,8,13,1,78,9,5,106},
{252,254,230,252,241,250,251,205},
{203,225,152,155,152,159,149,167},
{109,36,118,38,98,102,109,3},
{168,214,186,196,189,225,191,136},
{253,244,255,250,225,138,152,203},
{132,137,130,154,156,155,133,168},
{170,173,165,217,182,228,185,131},
{37,42,35,61,62,54,36,9},
{218,196,219,218,221,196,194,232},
{246,232,239,242,237,233,230,192},
{6,54,106,109,108,17,105,89},
{11,3,16,64,65,66,89,101},
{176,174,208,217,222,219,220,141},
{192,210,210,218,199,138,216,165},
{133,130,131,252,246,254,227,202},
{185,163,160,165,188,187,166,145},
{248,249,255,228,182,254,183,201},
{206,187,181,181,188,168,216,129},
{110,18,106,20,108,105,22,33},
{119,101,121,5,20,108,20,87},
{227,251,243,184,186,181,182,209},
{82,98,62,33,88,35,36,13},
{165,164,163,220,167,166,196,234},
{210,208,221,214,205,56,57,251},
{49,48,58,68,83,84,114,24},
{140,143,144,141,141,142,150,185},
{215,207,202,217,192,198,203,229},
{140,151,147,224,233,240,250,189},
{20,18,31,104,120,122,104,61},
{163,172,180,191,190,165,176,131},
{177,191,171,224,226,237,238,137},
{28,30,8,27,0,6,11,37},
{92,93,2,2,7,0,1,48},
{214,132,218,222,216,221,195,231},
{12,29,26,31,24,105,97,83},
{40,43,42,36,90,73,72,1},
{209,222,205,51,50,46,35,253},
{231,234,229,237,232,229,226,209},
{24,17,14,14,23,11,9,56},
{123,3,4,127,0,97,100,75},
{199,204,197,198,216,197,216,235},
{55,103,108,101,127,127,103,74},
{126,114,105,62,34,0,126,27},
{169,179,183,188,181,173,175,153},
{56,52,115,11,57,103,102,81},
{1,29,20,4,2,15,24,42},
{52,104,19,104,107,110,108,88},
{89,86,79,90,84,76,74,96},
{118,121,126,124,125,120,100,71},
{171,182,187,172,229,248,252,153},
{190,171,172,173,170,215,223,225},
{85,72,77,169,172,179,170,125},
{223,217,218,222,195,151,197,231},
{177,190,183,146,148,145,142,157},
{86,77,80,65,64,74,52,101},
{26,6,5,29,25,22,31,49},
{192,179,179,180,189,162,175,137},
{166,166,188,199,241,237,226,144},
{44,61,99,124,97,110,103,73},
{160,169,179,183,188,170,178,128},
{176,179,170,249,169,166,175,129},
{220,218,215,208,209,203,195,245},
{84,94,86,91,93,66,16,101},
{195,198,221,196,194,207,216,234},
{57,114,61,56,33,46,63,9},
{208,193,159,136,149,154,147,181},
{164,169,186,243,234,233,162,136},
{24,10,22,12,100,64,92,41},
{4,7,15,95,67,18,108,45},
{31,104,112,113,123,114,106,63},
{88,81,78,77,68,82,71,120},
{184,165,171,190,166,166,191,144},
{200,157,130,142,130,205,130,232},
{2,0,3,20,25,110,76,53},
{21,15,9,121,108,112,117,61},
{37,47,54,12,1,10,18,29},
{115,100,45,99,52,113,112,83},
{7,77,69,89,78,69,75,39},
{3,0,31,6,5,28,26,48},
{100,120,120,108,96,108,117,10},
{185,187,188,160,191,188,169,138},
{27,2,31,29,5,1,14,40},
{249,226,225,252,231,230,240,202},
{92,86,94,67,69,90,8,109},
{136,129,130,154,154,155,135,168},
{122,111,75,97,102,26,71,37},
{209,211,214,215,212,220,183,225},
{161,169,230,228,239,236,226,136},
{64,70,75,68,88,90,68,105},
{68,89,9,91,77,64,70,112},
{193,189,193,192,196,199,217,241},
{106,99,126,125,126,120,127,74},
{37,54,77,127,99,104,61,23},
{124,101,118,105,120,126,115,77},
{143,141,145,154,133,153,135,175},
{152,226,191,184,228,186,152,209},
{8,19,102,28,81,81,92,57},
{2,23,6,28,17,26,0,45},
{72,78,67,76,87,82,87,97},
{69,12,114,97,102,127,120,43},
{74,52,0,92,94,32,65,106},
{5,14,15,26,27,3,6,37},
{60,54,114,118,125,51,59,21},
{155,155,133,129,142,135,152,170},
{76,112,100,102,13,14,22,33},
{125,7,0,97,30,102,101,77},
{52,16,12,244,224,236,224,125},
{204,199,215,197,217,165,151,245},
{207,197,141,199,205,199,213,161},
{221,194,197,211,200,201,194,245},
{116,114,127,72,83,82,82,93},
{71,88,85,70,15,78,78,115},
{180,144,235,234,239,238,230,216},
{219,208,218,197,175,171,156,232},
{223,221,195,222,199,195,208,234},
{52,77,50,74,73,184,181,123},
{77,66,83,28,81,81,75,97},
{133,135,155,196,216,198,207,225},
{176,161,165,170,163,189,184,135},
{44,64,4,12,7,77,77,95},
{186,167,167,189,160,189,185,143},
{148,145,145,129,132,155,130,165},
{114,97,127,99,27,10,9,64},
{7,31,30,4,2,15,24,42},
{61,114,53,33,59,53,35,81},
{90,34,90,92,91,89,74,106},
{108,110,106,114,51,59,40,89},
{116,38,111,100,117,62,114,65},
{178,169,182,140,129,138,145,157},
{36,72,80,86,81,80,74,95},
{8,15,30,15,9,94,16,121},
{59,34,32,45,54,58,60,10},
{207,139,145,141,134,135,129,170},
{76,86,40,55,48,75,50,117},
{124,0,3,14,3,22,108,51},
{130,154,156,158,131,156,129,170},
{212,207,154,196,201,194,218,229},
{85,73,53,91,0,34,95,104},
{194,217,199,217,221,198,220,234},
{166,188,209,251,231,242,242,145},
{236,234,231,224,253,252,224,197},
{250,249,250,249,248,245,150,202},
{194,213,202,201,210,208,221,247},
{104,112,118,123,116,108,106,88},
{12,40,35,45,49,106,118,69},
{181,182,171,150,136,143,146,157},
{164,163,190,185,189,178,163,141},
{121,105,114,124,108,106,103,65},
{77,49,94,57,29,67,31,109},
{225,241,244,235,242,240,253,215},
{189,155,154,184,185,239,229,209},
{240,242,140,245,138,242,242,193},
{152,146,236,251,132,135,219,177},
{177,131,159,156,186,131,145,229},
{163,183,189,160,245,235,247,209},
{92,71,67,80,89,90,68,109},
{213,211,210,196,151,131,147,225},
{240,136,243,243,252,248,153,192},
{154,191,190,187,172,147,142,219},
{37,41,55,127,104,109,106,29},
{100,97,30,8,0,1,7,45},
{140,128,199,183,133,219,218,229},
{35,46,33,33,36,41,43,21},
{36,34,47,32,105,39,114,13},
{47,37,40,109,17,35,97,74},
{182,172,229,166,173,140,129,155},
{178,161,223,193,193,187,193,237},
{72,22,52,53,17,79,48,121},
{73,80,86,91,84,85,76,120},
{59,97,97,111,110,114,42,87},
{178,172,234,246,236,146,129,200},
{18,6,30,31,7,3,16,42},
{20,31,21,16,17,16,109,37},
{165,218,128,220,161,160,193,234},
{205,198,220,201,193,223,194,237},
{169,181,171,172,170,229,251,192},
{132,137,130,157,153,134,159,168},
{152,152,229,154,158,152,154,168},
{244,209,198,214,236,200,215,161},
{93,83,95,70,32,7,10,101},
{68,95,91,88,65,72,87,117},
{125,99,127,63,40,43,44,93},
{69,99,26,101,100,30,29,41},
{181,186,179,170,169,177,171,153},
{107,99,112,32,57,38,43,5},
{242,233,234,245,241,254,239,217},
{183,190,251,176,178,189,190,217},
{80,64,70,75,68,92,88,104},
{118,101,27,64,100,31,30,41},
{229,154,148,156,157,155,152,170},
{177,237,231,214,212,204,183,221},
{212,220,215,223,199,213,212,227},
{209,173,188,152,196,191,155,241},
{165,167,216,169,171,175,175,149},
{163,230,253,228,235,253,229,202},
{5,122,116,124,125,123,120,74},
{27,20,73,75,74,77,76,119},
{93,7,5,5,5,12,112,49},
{209,221,146,236,132,132,249,176},
{4,18,14,20,124,88,68,49},
{70,91,91,69,65,78,71,105},
{171,245,243,250,224,228,236,133},
{183,177,167,200,234,239,230,135},
{96,97,33,96,37,96,127,72},
{229,250,252,228,226,239,224,202},
{200,215,206,205,219,223,221,229},
{9,5,0,2,29,105,126,49},
{223,201,200,211,214,205,212,247},
{117,98,99,100,97,30,8,42},
{34,55,48,201,206,179,187,125},
{174,179,170,171,178,176,189,151},
{211,220,195,197,220,205,206,243},
{195,197,195,192,215,169,148,245},
{62,50,43,115,105,117,126,80},
{229,154,153,148,157,158,158,170},
{22,11,16,26,0,6,11,37},
{226,231,224,129,137,131,128,173},
{133,153,133,129,142,135,130,170},
{149,154,147,148,140,143,140,185},
{25,101,116,115,12,119,118,57},
{211,171,197,185,155,177,201,243},
{168,168,174,168,172,176,241,153},
{142,154,138,130,203,180,154,237},
{26,25,11,88,69,75,65,41},
{3,22,20,20,11,8,27,35},
{180,168,173,173,228,154,143,192},
{160,134,219,221,164,215,219,233},
{70,11,115,29,31,96,121,42},
{60,48,39,105,103,110,43,5},
{92,38,34,32,33,43,53,21},
{19,107,89,7,6,9,118,51},
{4,14,66,16,89,22,72,96},
{64,83,87,92,85,79,77,121},
{56,59,53,61,33,62,32,10},
{111,109,107,77,85,82,74,93},
{241,248,230,235,252,181,172,200},
{158,134,129,157,134,157,153,175},
{36,63,108,112,110,16,96,74},
{77,66,83,72,69,78,86,97},
{58,81,82,73,87,76,75,120},
{100,103,98,120,53,53,56,85},
{243,255,238,228,233,226,250,197},
{49,77,92,93,90,95,38,17},
{233,164,162,160,237,162,160,201},
{38,43,62,44,36,63,59,17},
{252,236,254,195,213,199,209,157},
{42,33,113,15,34,32,33,73},
{123,122,124,125,121,126,1,75},
{231,141,164,184,165,175,162,201},
{101,98,28,31,24,29,6,42},
{168,214,197,196,224,188,190,136},
{8,14,3,12,13,21,18,33},
{26,31,24,105,97,107,104,85},
{158,217,217,164,179,178,177,248},
{156,194,215,220,207,202,204,249},
{195,199,204,216,222,195,208,234},
{128,156,158,153,157,146,131,173},
{21,26,19,15,9,17,13,57},
{109,38,109,76,65,74,82,93},
{125,123,103,126,124,102,124,74},
{127,52,33,59,56,4,16,81},
{4,90,2,12,0,20,104,53},
{165,185,168,168,188,156,185,202},
{251,175,253,254,230,224,225,211},
{53,62,63,41,46,51,54,21},
{163,166,189,164,162,175,161,138},
{232,231,152,227,157,149,157,167},
{57,43,47,36,53,126,101,1},
{154,228,224,224,230,237,227,211},
{124,125,34,127,120,38,46,16},
{218,207,222,133,213,218,211,245},
{102,107,100,126,123,123,127,74},
{20,30,0,6,11,28,85,39},
{135,204,217,195,192,252,232,169},
{122,121,124,98,120,102,121,74},
{6,125,79,83,88,13,19,40},
{10,103,59,105,104,54,55,85},
{137,134,159,154,133,138,131,165},
{82,77,84,77,73,70,79,97},
{126,77,99,77,79,64,5,31},
{202,212,203,207,204,212,210,248},
{216,223,194,171,129,129,132,234},
{56,41,54,59,46,43,55,24},
{91,90,35,89,86,94,67,106},
{121,98,126,100,12,40,52,65},
{203,155,225,204,202,203,195,160},
{134,139,132,133,159,159,137,170},
{4,7,3,17,100,26,87,53},
{91,65,65,91,64,81,80,115},
{51,47,46,45,59,63,61,5},
{169,170,160,237,145,128,225,202},
{141,130,139,157,145,139,150,161},
{169,171,212,168,168,174,170,153},
{36,16,76,55,19,201,177,123},
{231,252,248,228,226,239,248,202},
{191,165,168,142,161,163,191,202},
{121,125,121,97,118,121,125,75},
{217,210,194,200,214,207,201,249},
{181,178,181,184,189,164,209,133},
{41,121,43,44,54,50,46,1},
{212,205,207,213,209,222,215,249},
{136,156,227,213,209,210,222,177},
{223,193,219,217,221,210,172,237},
{98,121,126,46,50,48,78,11},
{44,46,124,58,56,56,39,5},
{35,50,77,127,109,69,79,27},
{57,62,32,38,56,62,51,13},
{136,152,136,158,146,158,135,248},
{35,45,108,18,34,126,97,74},
{176,205,181,188,179,191,186,129},
{134,139,132,133,159,156,153,170},
{106,20,3,4,127,35,97,74},
{98,104,123,127,116,125,101,80},
{149,154,139,196,132,135,147,185},
{112,98,66,73,75,87,16,42},
{12,21,11,117,104,107,99,61},
{164,162,175,184,160,165,164,141},
{32,28,65,66,66,59,68,111},
{68,61,66,58,57,40,37,11},
{208,206,176,191,193,187,195,237},
{85,90,66,73,81,94,87,121},
{193,192,203,192,195,216,164,241},
{70,92,81,90,65,66,69,111},
{120,104,116,113,113,8,85,27},
{29,74,87,37,47,98,47,61},
{38,54,42,56,49,42,48,21},
{67,65,66,88,85,94,70,113},
{55,43,69,99,125,123,113,10},
{184,198,246,212,240,173,215,152},
{81,80,90,30,18,25,94,120},
{49,118,59,55,58,59,55,85},
{57,56,33,57,58,38,60,10},
{8,14,3,12,20,31,16,33},
{218,195,217,217,221,210,219,237},
{90,91,93,34,95,93,69,106},
{151,154,154,146,155,140,193,167},
{168,149,135,155,223,61,33,251},
{145,142,139,138,144,143,134,185},
{189,170,166,137,136,130,252,157},
{223,253,250,143,129,137,128,179},
{8,9,86,87,80,13,15,56},
{53,99,105,108,109,126,98,89},
{63,37,59,63,52,61,39,16},
{202,192,222,203,143,220,222,171},
{166,171,164,188,182,160,166,138},
{183,144,188,182,162,232,244,195},
{41,43,47,32,109,25,14,65},
{4,4,74,60,43,42,87,96},
{104,118,8,23,22,21,55,85},
{27,26,101,100,97,96,92,42},
{48,63,65,59,67,61,58,111},
{18,48,109,104,111,84,81,91},
{165,242,245,253,236,170,231,133},
{181,165,183,165,184,190,179,141},
{234,227,249,230,253,230,252,202},
{248,248,254,248,252,224,161,201},
{92,95,95,71,65,68,68,109},
{172,161,186,166,188,212,240,152},
{40,33,34,57,57,59,39,8},
{62,34,38,50,58,54,51,80},
{19,17,27,4,104,68,76,39},
{71,169,173,162,179,252,179,127},
{239,229,172,210,190,227,161,138},
{149,143,143,243,234,241,244,189},
{93,13,95,229,239,230,170,125},
{243,235,227,242,240,253,246,216},
{45,41,68,69,88,95,95,106},
{114,112,125,118,119,87,82,91},
{5,22,74,75,84,78,86,96},
{132,133,158,148,153,138,195,181},
{13,30,87,0,31,26,3,45},
{250,130,131,252,129,251,230,202},
{3,57,64,30,70,64,76,111},
{4,69,73,90,6,7,0,42},
{170,231,227,238,239,227,176,138},
{154,155,165,191,187,210,203,245},
{245,254,230,224,246,227,242,213},
{124,113,122,103,100,99,123,80},
{241,166,186,168,214,195,196,133},
{199,217,218,234,254,248,147,181},
{251,242,229,225,238,231,225,202},
{90,106,126,104,96,123,48,10},
{103,99,110,111,99,48,78,11},
{89,82,83,77,68,79,86,121},
{19,16,30,83,43,60,71,112},
{206,202,215,123,41,51,58,253},
{165,164,163,164,223,222,201,234},
{156,150,130,200,212,202,180,229},
{67,89,69,57,46,88,38,99},
{66,71,106,64,9,6,120,33},
{28,27,6,17,21,26,19,53},
{1,25,6,29,28,22,94,49},
{118,104,114,112,125,118,108,89},
{198,254,234,236,135,152,128,171},
{145,146,176,48,49,50,50,253},
{35,39,44,61,118,106,60,10},
{184,188,165,160,191,166,237,138},
{248,226,224,237,254,183,177,202},
{123,121,121,100,98,111,120,74},
{66,64,7,68,29,18,88,45},
{159,148,157,135,129,136,137,179},
{40,47,50,45,41,38,47,1},
{162,221,216,192,196,207,172,237},
{253,193,220,217,197,219,220,173},
{227,231,236,229,247,228,225,202},
{205,198,223,219,192,219,211,237},
{37,54,127,49,57,38,43,5},
{141,241,158,255,248,251,131,173},
{163,164,165,162,223,215,193,234},
{199,194,192,203,222,197,192,239},
{220,219,201,134,244,208,201,185},
{125,91,34,45,39,32,55,17},
{38,58,49,21,56,52,54,83},
{82,87,79,68,77,78,85,97},
{149,143,141,241,232,239,242,189},
{69,88,17,10,22,23,41,117},
{166,188,177,162,235,162,172,143},
{66,89,70,89,88,82,44,109},
{84,3,75,67,59,85,86,96},
{57,62,60,115,105,117,9,80},
{222,203,239,180,181,182,183,129},
{224,155,199,229,156,231,230,169},
{144,154,228,141,209,143,240,185},
{189,186,190,163,180,167,163,137},
{29,3,31,9,47,49,55,61},
{246,235,237,217,209,218,202,221},
{67,75,88,24,110,123,124,45},
{170,186,166,188,194,215,175,153},
{94,35,90,91,36,38,38,17},
{222,194,192,205,198,222,199,234},
{214,214,218,223,149,210,216,183},
{224,248,248,249,253,242,251,205},
{138,244,229,157,225,230,129,170},
{233,243,247,242,232,242,247,193},
{199,204,220,223,146,220,209,235},
{185,190,188,243,139,228,231,208},
{47,88,67,68,15,4,13,31},
{50,2,94,63,62,67,74,109},
{113,110,60,122,125,125,103,69},
{37,58,111,109,113,13,28,77},
{213,203,215,167,176,181,178,245},
{173,166,190,163,164,164,188,141},
{16,86,74,88,38,53,23,117},
{168,164,162,190,188,166,186,136},
{209,129,211,205,204,200,206,249},
{50,38,48,56,35,120,100,83},
{6,4,15,12,2,79,47,106},
{193,223,218,201,208,214,219,245},
{116,80,8,14,12,115,111,59},
{119,113,117,103,127,99,103,69},
{18,88,13,68,71,79,47,106},
{187,178,165,160,191,166,188,138},
{203,207,210,208,221,214,198,249},
{207,217,219,211,198,222,213,231},
{30,2,19,27,5,1,14,40},
{114,111,107,117,113,126,119,89},
{24,27,25,5,1,14,7,41},
{1,0,4,1,4,27,120,48},
{208,223,214,148,136,150,232,177},
{67,91,64,92,70,92,81,107},
{72,78,70,4,81,84,82,33},
{70,75,68,88,94,93,70,106},
{204,203,205,50,57,44,83,253},
{78,55,51,51,51,38,58,1},
{175,179,173,148,136,142,131,157},
{140,147,138,136,133,142,150,161},
{204,215,211,32,41,51,54,253},
{248,190,192,144,144,147,207,157},
{104,98,28,40,12,15,14,65},
{233,232,235,234,242,179,187,216},
{102,107,100,101,120,123,121,74},
{88,92,68,90,68,66,79,105},
{20,23,13,83,68,79,83,33},
{183,231,236,252,247,253,249,202},
{165,162,221,162,223,218,192,234},
{224,215,245,164,165,229,164,137},
{194,202,168,220,147,131,153,241},
{90,67,71,76,93,22,12,105},
{10,15,18,21,17,30,125,57},
{248,241,242,233,236,244,243,216},
{56,49,40,42,55,43,46,24},
{188,163,186,180,202,217,216,145},
{174,150,130,132,239,224,251,195},
{224,254,128,140,208,210,172,221},
{7,0,94,91,93,73,95,107},
{114,111,63,52,61,35,34,17},
{42,103,99,110,111,99,48,10},
{12,14,13,104,85,91,66,53},
{234,237,252,132,132,134,254,177},
{180,249,133,234,147,237,145,216},
{21,15,10,113,106,113,115,61},
{60,13,40,58,50,46,46,88},
{44,42,52,45,45,55,51,25},
{24,7,4,24,5,4,5,48},
{234,249,248,247,213,214,215,181},
{32,33,56,34,33,60,39,8},
{219,196,219,217,197,196,199,232},
{242,247,240,137,173,243,240,189},
{20,17,11,10,4,122,22,32},
{160,166,171,164,188,190,189,137},
{227,240,227,227,255,244,253,207},
{65,10,23,76,89,86,95,113},
{214,145,237,130,133,217,255,176},
{215,168,162,170,175,169,182,152},
{28,27,57,31,111,104,96,83},
{69,15,76,70,83,13,121,32},
{116,120,99,51,53,61,65,24},
{0,125,7,2,13,2,25,49},
{57,50,51,46,52,51,46,25},
{213,169,184,177,201,203,180,245},
{57,69,82,85,45,81,46,25},
{210,158,157,129,142,135,129,170},
{206,73,57,53,51,48,44,255},
{148,151,139,243,157,159,224,169},
{184,179,177,220,225,239,246,137},
{216,193,217,194,221,217,214,240},
{56,51,60,58,32,92,121,10},
{209,194,139,146,197,218,215,241},
{84,87,40,94,81,92,82,101},
{142,141,141,148,239,217,197,183},
{97,110,103,97,101,97,97,77},
{171,168,185,163,171,211,188,135},
{124,98,59,33,61,54,46,25},
{200,129,195,215,220,205,134,248},
{66,30,104,113,118,115,116,53},
{96,102,107,100,127,118,125,73},
{213,222,195,201,200,213,200,245},
{139,128,136,198,135,143,156,229},
{189,184,186,185,163,200,224,137},
{192,203,193,196,159,230,220,173},
{146,147,159,212,170,198,155,241},
{14,4,9,26,83,24,21,39},
{152,147,156,154,128,255,209,170},
{171,168,184,168,188,239,177,202},
{148,144,151,247,236,240,234,189},
{102,107,100,123,125,127,127,74},
{158,141,133,159,155,152,145,179},
{251,255,255,253,227,160,170,201},
{193,194,222,197,199,198,222,241},
{85,72,78,67,76,84,84,96},
{134,133,158,147,132,205,128,176},
{124,109,51,52,53,44,54,25},
{23,11,79,77,81,66,11,109},
{185,205,218,219,220,217,166,145},
{34,92,86,68,69,92,32,109},
{49,73,66,66,74,72,80,120},
{43,40,59,62,57,37,36,7},
{115,125,116,109,58,39,53,74},
{105,102,111,122,126,115,102,69},
{61,32,61,57,61,38,60,10},
{244,142,240,137,240,141,242,189},
{159,130,128,141,134,158,129,170},
{235,237,242,160,244,232,233,216},
{103,125,103,125,121,118,127,81},
{205,213,209,222,215,50,49,251},
{81,86,77,41,10,19,20,97},
{223,206,238,179,180,180,201,128},
{37,56,35,39,44,37,63,8},
{31,114,113,122,111,100,116,63},
{221,195,219,192,216,222,211,237},
{85,85,78,68,73,90,19,101},
{90,55,105,106,107,118,108,63},
{146,133,252,204,220,202,222,170},
{72,72,66,80,93,76,76,121},
{119,106,12,37,40,38,105,67},
{59,112,101,119,116,72,92,21},
{17,7,68,78,91,5,30,40},
{202,219,194,221,150,218,208,234},
{227,231,236,253,182,253,228,202},
{212,215,139,217,160,217,220,229},
{57,69,103,67,60,98,56,9},
{153,150,159,138,143,145,138,181},
{70,91,95,84,93,65,78,113},
{42,47,41,54,100,8,17,27},
{204,216,192,196,195,222,213,231},
{51,104,50,62,49,63,41,3},
{25,70,71,73,54,75,73,117},
{134,139,132,149,152,128,130,170},
{198,228,192,228,231,195,220,170},
{187,179,189,190,186,167,235,138},
{199,153,155,141,154,128,199,233},
{22,13,90,70,92,34,55,120},
{180,165,162,222,160,156,184,235},
{223,222,192,205,214,217,220,234},
{158,242,138,244,169,246,142,193},
{21,18,8,17,12,6,120,33},
{227,158,160,163,184,166,186,205},
{107,117,116,126,0,12,13,91},
{138,158,195,138,152,128,140,233},
{65,73,91,90,93,85,41,112},
{153,130,143,135,129,158,147,173},
{89,110,126,123,103,108,117,10},
{45,51,51,39,59,35,39,5},
{185,177,254,252,247,244,250,144},
{244,242,242,225,228,251,226,197},
{222,223,213,219,192,173,145,234},
{32,114,59,56,58,33,46,8},
{149,156,136,154,175,136,156,248},
{89,37,74,53,17,78,54,121},
{159,148,157,158,142,136,144,179},
{93,71,76,50,39,3,28,106},
{228,238,163,191,178,179,191,205},
{232,225,251,255,225,251,231,200},
{93,22,10,21,93,82,91,109},
{58,58,35,39,44,61,118,8},
{53,41,46,13,19,17,10,29},
{173,190,183,167,177,163,171,133},
{45,38,39,33,40,39,58,13},
{52,42,53,48,45,41,38,0},
{159,214,219,212,206,202,212,249},
{202,216,213,206,199,133,213,243},
{61,34,37,58,61,60,54,16},
{171,168,185,164,163,184,189,135},
{193,221,211,199,216,217,198,233},
{114,112,107,111,100,109,119,64},
{166,153,177,190,170,191,175,213},
{213,199,220,196,207,248,223,167},
{18,31,0,6,11,27,21,39},
{41,45,62,98,123,52,125,71},
{17,31,9,114,96,68,79,37},
{234,227,253,255,249,253,255,202},
{88,91,64,91,88,71,67,105},
{53,62,38,51,40,51,55,21},
{180,191,181,168,243,146,186,217},
{251,251,254,228,227,254,249,202},
{130,146,158,134,150,152,153,170},
{106,99,120,122,120,98,98,74},
{121,99,106,99,101,121,102,81},
{102,99,100,29,21,31,28,41},
{137,245,228,156,157,158,158,169},
{56,67,58,59,58,58,63,9},
{153,154,184,148,149,179,180,245},
{195,199,204,223,222,223,141,234},
{233,243,251,245,236,235,246,193},
{155,152,145,137,138,140,144,183},
{163,230,226,228,227,250,150,207},
{201,221,197,221,217,214,223,241},
{9,25,25,11,71,47,56,107},
{153,129,197,219,199,192,216,227},
{223,198,222,222,199,198,208,234},
{112,109,105,102,111,96,113,67},
{0,25,1,26,5,13,113,40},
{213,214,205,52,49,45,53,253},
{255,159,189,155,226,184,224,207},
{81,73,87,77,69,57,86,97},
{154,130,129,156,135,131,144,170},
{10,4,34,23,1,2,28,111},
{26,9,8,120,6,38,4,69},
{17,37,15,1,5,14,67,101},
{1,6,4,75,81,77,70,104},
{181,171,183,176,168,172,180,149},
{156,129,209,146,155,129,142,168},
{104,104,115,118,109,116,114,88},
{82,68,91,68,66,79,88,106},
{52,43,50,48,61,54,38,25},
{141,130,139,149,150,148,138,161},
{133,152,133,153,135,128,158,234},
{15,15,22,109,112,107,111,61},
{116,126,0,12,80,45,44,93},
{165,170,186,190,189,162,175,137},
{9,70,66,88,85,94,64,113},
{223,198,217,223,199,195,208,234},
{206,193,201,181,219,128,162,231},
{67,94,90,68,115,87,84,45},
{171,170,173,179,171,183,179,153},
{108,104,101,109,105,96,104,0},
{199,218,218,212,170,199,190,241},
{127,12,14,1,2,8,69,95},
{128,137,146,136,148,140,138,160},
{233,163,165,236,146,255,128,201},
{195,199,204,197,223,222,201,234},
{123,96,102,107,100,124,127,72},
{167,188,209,251,231,242,242,145},
{74,33,57,62,32,45,38,8},
{167,176,203,202,204,178,146,248},
{190,165,188,186,183,168,225,147},
{14,66,10,2,69,57,40,97},
{137,214,215,140,140,241,240,185},
{144,145,147,132,204,200,135,161},
{142,137,148,133,148,146,159,185},
{38,43,62,60,62,35,48,10},
{190,158,159,187,204,207,207,241},
{27,84,31,31,3,16,25,43},
{192,192,212,182,147,136,141,248},
{114,115,116,113,14,120,112,59},
{76,83,74,72,69,78,84,97},
{99,99,124,96,107,115,119,85},
{106,99,100,124,122,122,121,74},
{227,201,203,207,192,141,249,160},
{241,226,232,245,240,239,246,217},
{122,74,22,24,69,26,71,37},
{230,252,241,250,226,229,236,207},
{27,24,29,4,2,15,24,42},
{73,70,87,68,73,66,93,101},
{137,147,144,156,149,137,145,161},
{20,74,110,68,69,99,26,37},
{137,137,159,159,142,141,175,189},
{81,89,37,74,51,77,18,120},
{159,173,139,140,141,244,143,192},
{60,26,79,75,64,77,91,117},
{201,199,205,132,250,233,232,161},
{30,80,93,86,87,180,179,123},
{106,118,108,18,7,127,31,74},
{96,127,114,96,116,123,103,72},
{140,138,135,128,152,154,158,165},
{30,6,29,28,7,3,16,42},
{129,214,147,151,217,137,198,245},
{140,142,129,130,136,197,185,224},
{129,223,222,200,196,197,192,237},
{76,27,22,4,9,9,95,37},
{159,148,133,206,131,220,149,179},
{190,242,255,200,208,212,206,221},
{217,161,163,218,172,162,166,144},
{160,164,164,171,183,206,254,149},
{61,73,94,87,80,85,42,21},
{194,216,221,198,217,214,217,234},
{67,23,69,92,95,66,90,107},
{240,246,251,244,235,238,242,217},
{0,8,19,72,84,74,52,101},
{175,216,202,234,225,227,255,129},
{11,29,16,13,22,24,0,35},
{98,20,5,2,7,0,97,74},
{77,121,84,80,82,76,12,57},
{28,29,11,229,243,184,197,125},
{133,134,134,136,136,138,139,181},
{100,56,69,59,53,59,61,8},
{121,123,123,96,126,123,103,72},
{141,130,139,149,150,151,140,161},
{184,186,238,187,248,242,190,152},
{127,122,98,25,43,55,36,74},
{185,163,160,163,188,187,166,145},
{30,101,25,7,27,99,13,55},
{11,120,114,122,24,108,35,63},
{42,22,14,26,10,8,5,31},
{102,101,26,101,100,26,23,41},
{160,186,204,221,165,217,216,145},
{24,79,31,20,5,78,85,49},
{93,69,37,3,30,26,4,106},
{172,173,170,215,223,217,218,227},
{236,225,233,227,135,245,184,216},
{145,146,140,156,140,138,135,161},
{221,152,158,108,114,103,42,253},
{225,172,162,176,189,182,172,153},
{63,46,14,44,84,42,47,96},
{245,239,235,232,225,254,248,197},
{84,64,27,107,124,6,120,49},
{160,188,199,241,237,226,212,145},
{249,227,229,224,254,231,229,209},
{187,184,242,179,247,243,254,151},
{226,251,225,244,210,253,255,141},
{231,197,181,186,190,169,191,139},
{152,140,144,147,151,156,240,183},
{189,167,196,234,225,232,174,136},
{59,59,58,60,61,57,48,10},
{126,98,100,102,98,122,59,79},
{165,217,200,199,185,197,231,133},
{124,117,99,91,125,100,96,15},
{170,167,182,140,129,138,145,157},
{145,150,235,227,237,238,234,216},
{54,47,40,55,51,0,9,27},
{82,87,29,90,80,65,31,49},
{158,132,250,151,151,152,153,163},
{16,16,22,31,84,34,55,120},
{169,244,176,226,239,248,224,203},
{230,196,188,225,226,198,217,138},
{249,242,233,238,246,232,246,217},
{189,246,190,188,177,162,186,141},
{207,211,205,50,40,46,35,253},
{14,22,10,8,5,14,22,33},
{195,212,200,197,251,237,233,165},
{45,34,43,53,51,53,44,1},
{142,139,140,245,253,247,244,193},
{228,251,230,234,224,243,247,213},
{148,141,149,152,157,131,135,165},
{176,185,160,161,161,190,162,144},
{130,135,205,138,128,145,207,225},
{137,147,151,156,149,140,134,185},
{90,67,90,88,85,94,70,113},
{0,124,123,116,123,110,114,73},
{105,119,118,108,116,126,111,73},
{216,208,207,215,211,204,202,224},
{179,175,209,171,210,212,221,223},
{232,240,245,241,239,241,243,192},
{164,187,191,180,189,164,166,145},
{224,234,226,231,225,254,172,209},
{253,233,230,242,238,244,156,207},
{6,19,2,5,13,113,31,41},
{113,107,111,100,109,114,114,65},
{130,135,205,138,128,145,207,225},
{111,120,102,107,120,101,102,79},
{223,54,56,46,35,61,53,255},
{230,232,231,243,233,245,137,208},
{116,121,114,106,109,107,107,88},
{252,216,221,218,165,220,167,144},
{175,157,158,195,152,197,193,240},
{17,78,18,72,21,74,75,33},
{95,223,177,179,179,181,233,127},
{103,122,101,97,110,125,98,74},
{48,109,75,51,52,60,54,0},
{94,77,111,52,53,55,72,1},
{226,192,156,194,150,136,132,171},
{158,177,173,142,132,144,177,221},
{229,230,253,224,228,251,254,205},
{99,26,29,98,22,23,7,42},
{128,138,244,157,193,225,230,169},
{158,242,242,168,138,246,243,193},
{54,45,34,51,124,102,100,0},
{109,119,126,125,100,114,115,69},
{105,121,78,123,109,86,68,27},
{10,3,29,20,27,4,1,42},
{55,124,105,115,112,76,88,25},
{227,240,249,224,226,229,248,207},
{90,120,121,112,123,111,113,24},
{113,117,118,112,116,30,25,64},
{79,72,77,50,60,52,53,0},
{112,121,96,120,123,103,99,73},
{202,180,163,162,161,223,191,234},
{128,137,145,154,157,138,149,160},
{51,0,9,21,16,9,20,31},
{185,162,160,173,190,247,162,138},
{251,230,228,225,254,245,232,211},
{122,4,5,124,1,126,101,74},
{155,150,145,136,244,193,211,163},
{236,184,194,170,227,173,192,151},
{66,88,88,69,65,78,71,105},
{220,208,133,131,174,172,173,189},
{120,103,44,57,35,32,28,72},
{156,153,153,208,166,181,151,245},
{106,99,125,102,127,102,126,74},
{136,137,148,221,206,210,211,184},
{65,78,71,65,67,89,71,109},
{189,173,191,191,160,166,171,133},
{196,206,176,192,192,194,188,237},
{34,19,38,2,85,86,20,121},
{232,235,234,242,179,187,168,217},
{249,167,160,161,172,180,245,149},
{173,179,183,188,181,169,173,153},
{62,36,33,35,61,89,122,15},
{177,171,171,177,175,183,179,153},
{68,72,64,77,106,66,74,37},
{233,149,167,252,132,129,163,201},
{35,59,58,52,74,95,38,17},
{14,23,13,0,38,9,11,97},
{81,45,58,68,58,63,70,113},
{179,162,161,188,167,166,176,138},
{188,183,186,191,164,187,191,141},
{66,71,81,67,85,8,72,35},
{11,25,9,3,26,79,77,106},
{154,159,152,152,130,249,198,168},
{116,42,112,123,125,125,101,69},
{154,231,152,232,232,235,146,213},
{224,241,173,141,242,244,138,191},
{227,155,192,228,225,153,129,170},
{200,207,210,205,201,198,207,225},
{104,104,110,104,108,112,49,89},
{138,150,140,242,231,159,220,170},
{199,215,241,196,196,218,131,157},
{132,133,223,217,220,198,222,170},
{26,83,27,20,2,15,24,42},
{44,38,60,43,41,51,55,21},
{237,241,141,226,157,229,159,208},
{19,29,5,1,14,7,4,42},
{168,178,183,183,171,183,175,128},
{232,166,231,239,252,164,189,135},
{240,224,235,242,241,236,247,216},
{178,187,162,207,239,236,251,138},
{41,85,66,60,66,71,62,9},
{73,78,2,67,75,88,24,42},
{33,46,63,104,115,37,110,13},
{124,104,109,117,126,123,55,25},
{148,142,146,141,145,237,252,173},
{157,146,155,131,130,153,128,177},
{3,3,20,82,44,68,25,111},
{25,5,120,72,86,91,16,42},
{224,255,230,252,241,250,226,205},
{129,156,210,220,145,145,156,249},
{223,95,48,77,51,104,76,255},
{101,59,59,67,61,54,56,9},
{138,154,157,149,130,143,129,170},
{108,124,110,115,101,119,97,13},
{176,186,196,213,173,242,243,153},
{14,105,108,115,106,104,101,63},
{136,204,196,207,140,200,192,168},
{236,243,231,217,200,203,195,221},
{235,130,155,212,203,200,131,169},
{78,182,176,171,175,164,173,127},
{77,109,108,16,18,22,19,33},
{97,123,124,126,102,121,124,73},
{238,238,236,246,191,192,238,129},
{173,208,224,254,243,219,224,131},
{110,123,37,81,70,95,88,11},
{172,163,178,193,189,242,240,153},
{57,56,67,66,59,65,78,112},
{162,184,190,181,163,182,160,138},
{226,228,253,230,253,252,255,208},
{137,132,138,147,137,149,255,176},
{233,234,234,147,236,236,234,217},
{10,8,5,11,15,25,2,35},
{157,155,150,233,203,220,196,170},
{97,101,106,99,126,124,101,72},
{119,8,117,116,115,12,119,56},
{51,49,55,7,45,47,43,65},
{145,130,203,213,129,154,151,177},
{129,222,130,132,134,143,133,177},
{117,117,115,109,42,32,49,64},
{163,221,230,234,244,178,174,141},
{155,199,229,193,194,230,129,170},
{165,186,186,164,188,160,163,141},
{177,181,186,179,173,164,181,152},
{233,208,206,208,202,200,197,223},
{34,60,122,102,124,117,108,88},
{37,34,57,75,112,96,126,21},
{100,105,98,99,125,125,120,72},
{92,33,45,98,28,11,117,63},
{6,16,110,94,2,4,122,47},
{0,17,90,22,16,9,6,32},
{72,73,78,85,81,94,87,121},
{59,24,42,40,36,59,60,73},
{129,138,154,137,148,143,218,161},
{221,214,198,53,42,49,49,253},
{227,226,236,146,255,128,159,202},
{5,18,31,104,112,114,117,61},
{165,182,188,185,188,163,186,141},
{54,125,114,123,102,103,100,80},
{206,238,202,205,189,176,180,129},
{43,39,108,43,59,33,51,74},
{192,200,194,202,221,195,223,249},
{64,86,90,74,57,69,10,96},
{249,224,250,228,231,230,240,202},
{122,85,87,83,79,13,31,57},
{225,255,227,155,245,247,142,193},
{237,254,245,227,241,250,226,197},
{187,186,189,194,184,183,166,138},
{123,107,101,127,125,111,125,9},
{0,2,26,24,21,30,6,49},
{132,137,154,211,207,129,142,168},
{87,76,83,87,92,85,73,120},
{57,4,25,3,10,38,20,106},
{197,217,159,141,147,143,239,170},
{231,162,162,172,210,199,190,137},
{113,13,26,100,26,31,102,81},
{138,144,151,138,149,148,151,184},
{140,174,211,143,211,214,210,224},
{62,36,91,109,127,107,97,9},
{1,1,29,6,29,28,22,48},
{122,103,98,97,120,123,115,77},
{173,209,192,160,216,162,218,141},
{172,174,214,145,144,147,147,157},
{181,191,188,190,211,243,240,141},
{10,8,16,4,5,23,19,57},
{138,239,244,235,239,228,244,191},
{60,50,49,48,59,47,100,10},
{201,206,203,204,181,189,183,128},
{194,216,212,213,193,221,217,234},
{23,19,30,5,31,27,2,37},
{247,200,216,203,206,213,204,223},
{20,17,7,92,19,3,25,113},
{3,11,115,100,66,67,0,42},
{145,144,135,146,155,132,142,168},
{169,178,168,180,172,170,167,129},
{44,33,42,59,54,42,52,0},
{80,50,29,31,27,7,37,112},
{196,140,205,193,210,142,248,161},
{78,77,86,91,84,78,78,120},
{226,251,255,244,253,228,230,209},
{162,191,246,137,171,188,164,202},
{56,57,38,34,61,56,39,16},
{151,245,240,233,242,243,247,191},
{141,241,159,128,129,131,131,173},
{212,217,210,201,204,200,211,248},
{213,231,245,237,231,254,171,133},
{64,73,74,81,84,76,75,96},
{168,245,246,247,172,172,175,152},
{101,111,117,55,71,97,102,10},
{14,88,68,90,36,16,17,119},
{170,226,234,173,209,227,223,138},
{35,61,62,6,18,20,127,81},
{251,229,234,250,255,252,226,200},
{209,207,211,154,156,154,215,241},
{53,73,88,87,40,118,119,21},
{109,96,100,104,115,123,41,3},
{3,2,12,68,72,15,111,42},
{57,50,40,46,54,39,44,25},
{157,174,137,157,147,141,143,249},
{181,169,166,144,142,147,147,157},
{19,20,4,13,22,109,112,59},
{42,53,46,36,41,34,56,5},
{68,17,15,19,107,122,6,48},
{157,146,155,130,131,134,152,177},
{154,228,229,156,225,158,133,170},
{129,194,128,130,141,142,156,234},
{141,130,139,140,151,150,150,161},
{3,6,29,4,2,15,24,42},
{3,7,0,15,1,14,2,106},
{249,131,130,133,253,254,249,201},
{153,155,153,154,158,142,146,169},
{69,77,87,32,50,18,25,119},
{106,118,108,18,127,6,96,74},
{236,146,223,219,214,215,219,177},
{17,49,79,201,176,178,187,125},
{101,120,101,121,103,96,126,10},
{120,102,119,48,125,106,20,69},
{111,16,107,18,21,106,30,32},
{244,137,204,211,202,193,205,223},
{134,135,139,200,182,134,219,229},
{217,210,211,203,196,215,210,249},
{142,148,239,217,197,202,252,185},
{113,114,86,105,16,16,17,29},
{241,254,247,210,212,215,211,221},
{178,191,236,240,238,144,153,202},
{65,73,67,64,64,93,13,112},
{164,164,179,169,181,226,229,145},
{12,14,118,113,112,115,115,61},
{209,218,219,197,193,198,222,241},
{57,38,61,59,39,35,48,10},
{101,31,26,21,26,1,118,42},
{239,243,247,252,245,230,232,217},
{167,142,150,139,133,136,164,224},
{20,16,23,1,5,10,3,37},
{229,198,252,196,249,247,244,145},
{199,218,197,193,206,199,216,234},
{184,160,163,177,181,186,179,149},
{250,238,164,210,199,191,223,138},
{146,132,140,151,196,216,198,224},
{169,213,170,173,174,175,171,153},
{234,243,238,228,233,226,255,197},
{123,125,125,126,23,61,61,77},
{175,193,195,186,197,186,154,240},
{11,2,13,25,3,24,0,104},
{219,214,222,156,128,158,217,185},
{163,224,189,190,156,231,231,207},
{143,152,130,154,130,133,141,167},
{65,71,70,67,91,77,95,112},
{81,15,11,116,114,114,24,61},
{150,136,199,205,192,133,212,160},
{92,67,22,64,77,70,88,105},
{190,163,247,165,191,187,168,138},
{254,244,249,242,243,238,244,215},
{106,108,108,78,50,11,25,93},
{98,113,118,113,8,115,10,61},
{86,16,110,18,79,19,29,31},
{32,62,86,78,82,86,66,29},
{98,96,121,8,56,40,62,85},
{143,146,139,151,141,138,136,224},
{72,73,74,85,80,79,86,121},
{163,165,168,139,167,189,163,202},
{123,101,103,103,122,109,97,83},
{16,91,92,71,76,69,70,104},
{192,211,209,218,200,197,214,224},
{137,150,196,232,233,243,250,189},
{160,164,190,180,185,178,169,149},
{250,239,232,225,230,155,147,165},
{68,98,91,73,81,21,11,48},
{34,109,121,99,109,123,121,10},
{77,78,81,65,68,91,66,101},
{103,108,107,105,111,124,96,87},
{204,215,211,32,49,122,58,253},
{147,141,137,142,144,242,232,187},
{206,208,131,205,152,151,139,161},
{121,103,123,3,20,17,22,89},
{46,54,46,36,41,34,56,5},
{233,230,239,252,250,255,230,197},
{209,177,195,138,152,128,140,233},
{199,203,218,216,213,222,196,241},
{36,56,56,44,32,44,53,74},
{53,84,116,97,103,102,122,15},
{123,114,55,125,119,126,50,21},
{223,206,203,202,203,233,182,128},
{73,87,56,26,31,22,25,120},
{112,102,126,98,96,109,102,72},
{97,62,63,33,94,35,33,13},
{210,211,172,174,172,146,149,155},
{8,52,32,42,65,66,95,101},
{99,54,96,109,102,127,123,74},
{55,35,41,73,59,114,96,15},
{185,182,167,224,160,163,183,149},
{55,8,19,18,26,15,20,31},
{244,240,246,225,229,234,227,197},
{230,228,254,190,174,178,176,138},
{89,32,94,88,95,90,78,104},
{85,66,60,66,71,62,95,10},
{167,217,135,206,195,204,215,223},
{37,90,35,89,88,87,68,106},
{215,221,233,213,218,214,203,185},
{159,136,218,218,212,144,152,240},
{162,167,131,193,157,194,195,237},
{115,13,58,1,21,7,7,93},
{213,197,221,198,216,222,211,237},
{177,155,153,116,33,93,74,253},
{211,156,208,209,203,200,193,227},
{62,113,32,54,32,32,36,80},
{150,149,137,238,200,198,199,165},
{52,52,50,60,56,36,101,5},
{53,79,50,59,60,60,37,5},
{38,43,36,56,55,58,63,10},
{122,97,116,103,102,112,14,75},
{5,10,27,5,13,113,30,41},
{170,212,195,189,199,191,217,138},
{97,110,126,97,103,126,115,77},
{236,238,240,163,185,165,217,128},
{249,251,245,227,148,134,190,202},
{56,57,35,42,37,60,59,16},
{67,69,69,63,69,76,64,115},
{157,142,131,145,148,139,146,181},
{62,67,68,70,70,88,35,113},
{145,181,235,183,229,229,235,216},
{252,241,250,226,236,227,249,208},
{30,3,9,3,78,9,31,106},
{33,52,43,34,53,52,62,24},
{0,5,9,70,56,39,88,99},
{1,14,7,3,7,2,28,45},
{132,208,216,210,218,195,173,232},
{188,191,161,254,244,229,187,141},
{80,42,82,44,41,44,47,25},
{120,47,127,116,101,46,101,81},
{148,233,147,158,145,158,133,165},
{189,163,164,162,237,145,255,201},
{74,80,83,87,92,6,45,120},
{40,52,48,33,37,42,35,5},
{73,66,92,92,93,65,91,105},
{245,199,157,156,159,224,134,170},
{24,31,2,29,25,22,31,49},
{66,87,86,17,16,109,23,29},
{222,162,162,164,220,164,163,145},
{74,95,94,41,40,85,40,21},
{227,226,192,193,151,157,137,170},
{229,233,236,214,201,189,172,221},
{141,141,128,133,137,198,184,225},
{33,93,50,52,76,73,72,1},
{99,112,121,96,96,98,120,79},
{67,71,76,69,93,95,91,106},
{183,160,163,162,128,162,161,232},
{69,57,86,88,89,90,7,101},
{93,64,74,90,88,85,94,112},
{254,251,231,252,249,230,252,202},
{56,54,32,39,56,62,51,13},
{112,108,114,26,58,38,34,80},
{253,219,239,239,232,242,240,152},
{237,197,237,207,225,239,252,137},
{36,56,56,44,32,44,53,74},
{6,11,4,24,23,2,1,42},
{178,183,191,180,189,165,239,128},
{69,74,67,94,95,67,89,105},
{213,222,194,192,210,200,210,245},
{152,130,209,129,142,135,152,170},
{169,246,175,164,238,175,235,129},
{92,80,76,48,32,48,38,61},
{238,213,211,212,215,196,216,223},
{200,206,195,204,205,211,209,225},
{121,122,39,32,33,126,126,73},
{126,127,65,83,87,62,39,17},
{144,158,139,145,141,231,193,169},
{183,166,165,218,220,164,130,232},
{76,53,53,62,53,63,60,3},
{14,21,12,10,7,24,81,35},
{81,24,21,6,79,1,13,51},
{154,146,156,158,153,129,230,170},
{51,52,52,73,54,58,60,3},
{0,27,78,24,21,30,15,49},
{188,190,166,188,177,186,170,141},
{121,122,98,102,102,127,122,81},
{241,245,250,235,164,233,233,216},
{228,198,230,196,187,191,187,136},
{20,15,11,8,1,2,25,37},
{183,201,181,178,205,202,198,248},
{199,218,195,203,179,164,167,232},
{70,80,29,29,16,21,25,111},
{13,23,19,96,105,117,117,61},
{252,255,235,245,238,242,249,151},
{69,99,98,29,65,30,67,41},
{85,70,15,78,28,86,91,117},
{24,31,2,29,25,22,7,49},
{143,130,131,131,159,148,133,175},
{31,3,7,12,5,26,22,41},
{73,78,2,67,75,88,24,42},
{170,182,172,210,226,227,160,138},
{8,21,20,30,14,4,9,35},
{176,179,161,213,243,232,240,153},
{92,90,91,66,55,39,1,105},
{175,181,176,175,182,140,129,155},
{196,201,218,147,222,140,194,232},
{3,7,8,69,49,38,63,106},
{53,73,107,65,56,102,62,5},
{172,242,175,150,152,146,131,157},
{199,194,217,220,194,219,198,233},
{8,23,14,4,9,2,26,37},
{225,230,198,158,149,153,152,168},
{117,117,58,100,105,122,51,69},
{184,175,204,226,233,224,166,128},
{60,60,59,32,62,42,58,13},
{234,227,249,230,255,248,249,202},
{157,146,155,156,135,159,154,177},
{134,129,154,142,137,147,151,181},
{149,218,136,193,223,220,153,249},
{194,187,193,192,207,204,215,243},
{241,254,247,209,215,212,200,221},
{248,253,231,244,246,230,252,202},
{123,121,121,90,118,96,116,11},
{186,197,189,191,192,252,253,139},
{61,34,32,45,38,57,36,10},
{254,251,253,255,229,251,255,205},
{110,103,24,18,26,31,25,39},
{198,203,196,220,220,216,194,234},
{247,164,128,133,253,253,245,199},
{89,82,74,75,69,81,77,121},
{22,15,14,1,5,10,104,37},
{178,164,172,183,228,248,230,192},
{187,194,186,180,190,190,176,138},
{59,50,37,45,98,96,115,10},
{65,74,83,79,85,79,75,97},
{239,228,154,143,247,135,128,195},
{13,16,11,15,4,13,20,32},
{214,207,214,32,94,51,74,253},
{153,198,159,148,222,159,219,177},
{133,249,238,153,230,155,199,165},
{41,44,51,42,45,44,38,0},
{233,234,224,173,209,192,252,138},
{181,164,128,164,161,131,192,234},
{74,83,73,76,106,69,71,37},
{114,125,105,115,104,112,123,25},
{225,238,255,168,181,228,255,205},
{42,44,52,55,63,127,110,27},
{106,104,101,110,118,112,112,67},
{233,175,165,168,228,238,163,201},
{244,208,171,163,168,174,176,152},
{209,209,211,195,187,212,214,224},
{58,33,36,61,57,54,63,17},
{216,199,222,212,217,210,207,245},
{124,5,122,2,1,0,13,51},
{232,237,236,232,237,240,138,217},
{163,171,211,188,226,190,223,138},
{95,70,91,95,84,69,14,112},
{209,227,255,252,169,183,171,133},
{64,92,66,60,43,9,86,96},
{5,8,6,125,124,118,114,61},
{189,182,166,139,144,147,138,157},
{9,12,16,235,228,172,215,125},
{66,67,94,88,95,70,93,106},
{121,118,127,105,108,104,116,85},
{243,254,236,255,254,227,226,197},
{172,161,162,174,185,167,187,149},
{156,145,130,159,148,157,158,176},
{226,255,251,248,241,226,234,213},
{162,184,187,189,164,167,175,137},
{183,162,169,171,189,250,240,143},
{255,243,225,255,252,250,249,202},
{215,220,213,201,201,45,50,251},
{138,131,132,156,151,154,153,170},
{206,200,214,45,48,43,47,253},
{120,121,99,107,102,124,123,80},
{177,181,186,179,170,182,172,152},
{93,86,87,178,180,171,174,125},
{161,170,176,180,180,171,182,129},
{154,135,140,157,214,204,156,170},
{2,116,99,29,31,31,121,42},
{21,11,12,10,53,20,14,97},
{160,254,220,165,165,217,163,145},
{183,175,171,168,185,242,234,133},
{153,141,142,154,138,130,209,235},
{133,194,134,138,129,198,142,225},
{130,238,150,140,209,211,208,221},
{86,78,90,74,72,69,86,96},
{195,142,240,220,128,222,250,173},
{1,125,108,109,73,111,22,33},
{199,223,205,193,222,212,217,243},
{89,86,95,74,77,79,84,117},
{0,30,96,113,112,46,10,61},
{15,4,13,23,20,25,4,35},
{59,56,56,37,117,39,35,10},
{234,235,240,238,233,247,246,217},
{201,202,202,210,208,221,214,248},
{228,233,231,228,208,224,254,141},
{191,167,187,191,180,189,190,144},
{116,104,23,41,59,47,37,69},
{165,191,160,173,188,186,183,145},
{65,14,112,1,126,125,95,45},
{156,133,239,194,220,193,213,170},
{239,237,241,141,154,228,185,207},
{134,219,220,220,161,222,194,234},
{39,125,124,127,0,102,105,75},
{125,118,110,82,87,73,86,93},
{99,84,83,71,81,81,26,48},
{230,235,228,255,254,226,227,202},
{215,229,195,196,197,188,199,136},
{196,208,214,210,204,207,194,225},
{93,64,88,91,71,67,80,106},
{116,115,113,118,105,29,58,67},
{75,118,111,117,120,84,122,24},
{228,249,243,254,214,250,250,144},
{104,22,38,122,125,124,1,72},
{248,255,242,224,237,255,252,201},
{187,188,177,186,170,160,165,143},
{159,240,237,226,235,252,238,191},
{7,120,127,123,124,99,40,72},
{216,217,212,144,194,207,216,234},
{239,252,164,189,162,175,184,138},
{120,127,98,125,121,118,127,81},
{227,225,224,252,227,252,250,208},
{154,135,140,133,134,157,153,170},
{98,127,122,122,99,125,97,74},
{187,190,169,190,186,230,240,202},
{153,150,159,137,141,141,150,181},
{118,118,110,100,105,98,127,69},
{190,167,179,165,161,174,191,137},
{57,59,34,65,107,105,100,10},
{54,100,64,102,103,69,60,7},
{156,134,148,132,130,143,152,170},
{4,7,2,15,11,10,23,53},
{93,69,95,89,93,82,91,109},
{202,201,235,185,185,190,188,133},
{42,32,35,54,123,119,122,19},
{223,210,194,204,178,130,222,233},
{37,37,32,54,74,117,110,21},
{95,32,93,39,34,45,34,16},
{7,57,43,63,53,40,125,87},
{134,128,158,147,132,205,133,176},
{219,218,221,195,128,138,135,234},
{192,192,189,194,198,192,194,240},
{111,124,36,82,71,64,89,10},
{124,120,122,125,110,114,112,74},
{253,163,246,192,190,173,172,221},
{113,63,51,32,45,38,62,9},
{89,92,67,90,88,85,91,112},
{8,118,99,71,28,29,30,40},
{20,22,8,29,17,15,11,33},
{200,210,164,204,204,207,147,249},
{24,96,70,27,29,100,23,40},
{60,34,92,77,74,79,72,1},
{75,80,85,94,72,94,64,99},
{234,227,255,251,227,254,228,202},
{64,73,116,82,105,81,79,57},
{140,214,202,216,201,212,207,245},
{111,112,125,118,119,82,80,91},
{141,241,224,128,248,130,223,173},
{215,57,50,47,50,54,44,255},
{169,149,158,150,171,101,121,251},
{17,90,92,94,66,79,65,106},
{128,226,232,230,231,244,188,207},
{192,190,195,159,197,186,199,240},
{95,8,68,68,95,84,93,111},
{195,208,217,192,195,197,222,239},
{169,166,175,186,187,179,166,133},
{67,91,94,69,92,90,87,113},
{210,130,154,156,148,131,157,169},
{112,107,99,27,10,119,43,65},
{4,102,67,88,93,74,114,42},
{100,66,67,0,0,1,6,45},
{250,162,255,254,248,235,166,137},
{53,58,43,48,61,54,47,25},
{99,49,43,44,41,47,49,24},
{35,39,40,101,17,6,31,74},
{247,248,231,172,185,163,160,199},
{224,248,214,210,219,211,211,184},
{52,44,116,101,108,114,47,1},
{161,221,179,180,180,182,235,129},
{57,64,66,64,67,85,2,112},
{249,246,255,240,232,236,226,213},
{24,29,18,30,2,25,6,41},
{121,114,104,100,105,113,107,89},
{105,115,123,57,51,58,118,89},
{40,101,101,104,109,97,46,8},
{177,190,183,145,149,143,149,157},
{176,206,221,162,221,165,167,144},
{116,81,72,78,67,76,81,95},
{146,144,157,150,137,246,234,187},
{117,75,93,89,52,53,43,24},
{216,199,204,197,223,220,221,234},
{170,160,177,168,165,180,178,152},
{218,219,221,162,223,221,197,234},
{212,214,215,195,222,222,194,229},
{176,205,239,180,181,207,200,129},
{217,133,219,162,223,218,221,232},
{138,244,227,157,231,159,249,170},
{57,56,67,58,61,25,64,112},
{226,250,244,252,231,226,225,202},
{132,139,165,135,133,142,203,229},
{89,107,119,100,82,125,127,13},
{204,207,214,44,33,50,123,253},
{106,21,106,23,18,24,25,35},
{32,104,100,35,91,53,73,0},
{213,194,195,196,193,190,168,138},
{33,126,126,31,103,96,100,77},
{87,40,83,42,45,82,38,24},
{5,69,2,8,25,71,64,106},
{1,121,5,2,125,2,127,72},
{254,171,211,189,191,192,161,138},
{236,237,235,200,154,210,155,221},
{61,99,100,125,101,127,121,74},
{97,98,98,27,100,100,98,81},
{167,186,165,164,167,175,207,138},
{159,128,130,154,152,149,158,176},
{112,118,123,116,111,110,104,89},
{43,103,55,60,44,40,38,25},
{182,169,178,176,189,182,167,153},
{199,183,133,134,219,128,221,231},
{84,177,178,180,170,168,165,127},
{255,252,229,225,238,231,226,202},
{13,16,18,19,13,9,6,32},
{225,230,155,147,157,158,154,168},
{209,207,211,220,221,196,222,241},
{219,241,241,212,143,229,204,157},
{59,58,69,60,57,56,36,10},
{153,153,133,129,142,135,134,170},
{189,171,244,147,169,176,191,216},
{130,141,142,156,209,173,188,237},
{114,117,81,82,11,115,113,59},
{166,177,228,179,187,195,172,151},
{183,160,179,183,188,181,175,152},
{68,73,66,90,93,93,69,104},
{90,91,93,34,95,93,69,106},
{84,75,82,80,93,86,70,121},
{216,244,245,171,169,175,164,151},
{189,188,165,194,236,227,234,137},
{177,176,150,200,196,203,203,248},
{216,214,198,221,192,219,223,237},
{239,170,170,164,233,233,228,129},
{185,169,191,200,218,250,241,143},
{72,67,87,73,82,70,77,35},
{218,135,128,129,222,222,193,234},
{226,224,175,207,216,219,162,141},
{194,153,154,199,239,220,235,176},
{18,16,95,189,161,221,204,125},
{41,34,56,60,59,33,61,9},
{244,247,171,248,128,251,250,197},
{105,119,112,78,1,125,106,29},
{61,38,43,36,60,61,63,9},
{245,191,234,233,245,250,248,213},
{52,49,70,182,176,187,173,125},
{52,57,42,99,42,46,50,24},
{139,167,165,170,160,162,181,202},
{216,222,211,220,204,196,218,241},
{230,196,197,225,226,186,166,138},
{89,85,26,93,73,83,93,56},
{181,169,183,190,174,164,169,131},
{249,133,148,176,237,238,238,217},
{144,217,192,154,136,133,142,160},
{158,133,248,200,214,219,232,170},
{62,42,119,6,20,12,0,93},
{104,119,112,10,116,117,13,55},
{41,100,98,96,45,98,96,9},
{1,31,25,80,93,86,77,121},
{18,30,23,7,24,26,2,37},
{213,203,200,141,131,159,206,232},
{162,185,167,188,186,166,188,138},
{62,121,5,55,109,108,111,88},
{26,100,26,31,102,23,104,83},
{161,187,185,186,164,163,190,137},
{70,104,103,110,44,48,46,8},
{149,222,151,132,137,135,131,165},
{108,125,35,61,33,46,34,9},
{18,89,13,65,78,71,70,106},
{114,116,117,118,43,36,37,67},
{89,74,65,93,88,71,94,113},
{134,139,156,131,134,158,132,170},
{199,57,40,47,50,45,41,255},
{181,174,178,176,206,254,163,141},
{96,123,127,116,125,111,111,81},
{248,254,243,252,225,224,224,209},
{1,17,16,26,82,90,29,55},
{192,204,219,136,149,155,145,249},
{240,245,138,132,140,141,139,185},
{17,30,14,4,9,2,26,37},
{51,36,54,42,54,12,1,27},
{82,31,30,1,14,7,9,42},
{95,73,72,75,80,73,84,119},
{82,77,71,73,78,103,72,39},
{102,17,53,19,107,109,109,87},
{101,99,121,98,102,124,127,80},
{126,98,110,122,102,127,127,11},
{40,4,2,1,12,26,6,105},
{15,13,23,105,97,36,44,61},
{88,88,90,68,68,78,48,105},
{113,107,111,100,109,119,116,65},
{149,194,151,140,128,136,199,225},
{155,133,141,199,201,144,238,171},
{205,194,211,156,131,223,203,225},
{216,203,141,131,138,207,175,234},
{16,31,19,22,17,26,14,40},
{133,138,131,158,156,154,130,169},
{202,133,138,131,152,156,152,168},
{142,233,237,226,235,245,243,191},
{95,90,91,67,85,71,67,105},
{104,60,35,46,39,55,40,19},
{176,185,164,167,191,160,160,144},
{60,31,51,41,47,41,29,88},
{3,15,9,14,21,104,88,55},
{133,147,142,242,232,238,227,189},
{220,218,215,200,129,202,215,245},
{243,240,232,245,246,239,235,193},
{142,133,194,134,138,129,198,224},
{129,141,194,188,136,172,175,224},
{20,25,10,23,28,21,15,56},
{4,8,31,7,2,28,75,48},
{185,186,187,224,225,226,191,137},
{231,145,145,142,131,140,148,159},
{8,115,11,80,9,10,6,57},
{60,57,38,43,58,52,34,8},
{206,210,217,234,205,161,175,187},
{133,150,223,145,159,134,139,165},
{130,238,179,209,208,173,210,221},
{167,204,228,226,249,174,178,137},
{81,89,91,76,80,78,48,105},
{150,157,205,187,150,148,149,245},
{236,254,226,192,190,173,172,221},
{3,16,25,3,7,12,24,47},
{63,52,61,62,38,32,44,19},
{220,219,249,250,251,244,168,147},
{227,231,236,229,255,249,225,202},
{160,79,109,50,51,53,74,255},
{169,249,171,181,182,173,180,129},
{93,84,91,87,82,77,67,107},
{2,6,29,68,39,9,11,103},
{141,136,130,139,147,228,246,185},
{224,230,254,227,229,255,229,205},
{62,59,58,69,64,70,66,113},
{33,41,85,68,69,68,63,8},
{98,126,123,123,97,123,121,74},
{245,238,243,192,201,202,218,221},
{182,153,153,150,156,153,143,245},
{72,71,86,172,161,170,177,125},
{131,153,133,249,203,231,197,163},
{192,223,198,220,209,199,195,237},
{250,245,252,252,247,234,155,203},
{136,141,240,252,244,242,253,193},
{244,239,242,245,245,239,235,193},
{236,243,234,232,229,238,244,193},
{137,134,132,220,137,206,196,165},
{235,184,165,173,250,231,245,138},
{211,212,206,215,210,49,40,251},
{220,220,199,220,221,198,220,234},
{236,252,238,243,229,247,225,141},
{234,147,146,178,239,209,174,219},
{249,246,231,244,249,234,247,213},
{34,60,124,112,108,114,12,77},
{171,172,179,248,237,207,204,155},
{68,67,67,64,86,67,82,117},
{220,222,233,201,202,207,193,169},
{184,176,187,201,201,153,209,221},
{232,237,239,247,235,237,246,217},
{98,113,14,15,14,13,114,61},
{84,92,71,26,121,83,81,49},
{169,236,146,135,163,188,189,203},
{200,216,202,207,217,203,221,169},
{17,30,23,104,112,114,116,61},
{225,157,175,139,138,247,246,193},
{62,54,38,61,32,59,58,13},
{12,233,245,235,236,234,165,127},
{9,19,16,29,12,11,22,33},
{35,36,93,93,92,89,68,106},
{108,111,113,109,109,116,114,88},
{218,162,161,160,173,180,221,149},
{133,250,254,248,250,254,254,202},
{230,240,236,241,235,226,211,129},
{135,133,154,137,137,147,151,181},
{1,7,31,2,4,1,31,48},
{24,23,11,8,29,10,79,37},
{13,23,12,28,0,6,11,37},
{226,252,230,252,241,250,251,205},
{84,69,94,65,69,91,95,109},
{144,143,150,224,188,235,227,189},
{29,14,71,37,36,110,99,61},
{35,63,37,63,59,56,49,19},
{9,71,69,93,92,86,30,113},
{234,236,233,241,236,235,239,217},
{202,206,204,213,181,147,142,248},
{66,16,68,94,92,93,93,106},
{168,171,170,164,247,227,243,129},
{90,36,37,92,33,94,69,106},
{100,110,102,107,109,114,32,85},
{59,34,32,45,38,59,33,10},
{67,59,67,68,63,64,33,10},
{144,142,240,220,128,251,223,173},
{36,98,28,13,12,9,119,65},
{156,130,128,141,158,215,214,170},
{158,230,229,236,225,248,159,209},
{230,235,228,252,249,250,253,202},
{168,176,179,161,165,170,163,133},
{247,235,170,172,162,188,181,202},
{97,103,46,40,86,58,103,5},
{150,128,156,129,155,146,180,241},
{62,49,73,53,74,77,78,119},
{22,29,90,36,51,17,18,120},
{255,178,204,248,164,217,216,145},
{30,81,79,83,43,58,26,112},
{242,226,224,237,230,231,226,202},
{251,132,131,130,255,134,153,202},
{176,176,179,173,169,166,183,129},
{193,219,218,197,192,223,198,233},
{92,82,78,69,88,67,71,101},
{33,102,24,120,6,123,39,69},
{141,198,219,241,237,226,235,189},
{92,82,31,31,8,11,47,61},
{180,185,178,175,183,168,173,152},
{211,193,196,219,194,192,205,231},
{192,199,199,219,198,201,207,243},
{228,229,252,225,239,243,247,213},
{124,116,123,125,57,39,59,21},
{130,152,155,154,148,208,216,176},
{44,46,52,20,25,11,15,29},
{1,27,55,53,58,48,50,89},
{7,11,16,19,27,99,81,55},
{63,43,33,36,113,111,115,77},
{213,194,189,189,190,191,217,138},
{165,217,200,193,229,230,231,133},
{63,37,40,14,33,35,63,74},
{152,158,152,156,128,193,213,170},
{61,47,39,52,57,50,51,21},
{147,224,233,234,247,245,236,191},
{203,197,195,196,202,252,196,170},
{123,98,96,109,102,120,98,74},
{249,235,227,155,169,143,142,193},
{93,86,75,72,65,66,90,101},
{28,17,26,1,3,3,27,48},
{153,150,156,158,145,155,130,240},
{100,101,102,103,61,60,55,8},
{28,78,78,72,54,91,34,101},
{133,145,155,130,128,141,158,168},
{210,130,131,157,153,152,134,169},
{198,139,243,226,194,159,129,170},
{0,3,20,11,20,18,31,57},
{188,162,160,173,166,167,162,138},
{89,71,91,18,20,18,95,121},
{20,23,22,96,45,45,32,61},
{93,91,91,66,55,39,1,105},
{230,235,228,229,252,249,249,202},
{6,97,24,98,102,98,109,79},
{189,174,178,179,141,167,163,219},
{201,138,213,152,149,158,142,177},
{168,171,168,175,180,178,191,153},
{93,65,65,83,78,78,82,117},
{25,20,21,20,105,89,95,43},
{119,124,54,119,51,15,2,91},
{53,47,39,87,101,59,68,5},
{214,206,202,215,211,32,41,251},
{186,163,211,188,191,227,217,138},
{86,102,58,60,66,98,99,9},
{28,2,19,92,22,6,120,33},
{41,40,34,92,53,52,55,0},
{37,38,61,57,60,35,58,13},
{209,241,240,143,142,174,240,189},
{61,65,46,111,110,107,19,29},
{208,218,164,181,180,177,207,249},
{171,137,142,140,195,187,170,223},
{4,31,27,24,17,12,8,53},
{75,85,87,73,91,79,69,37},
{235,255,230,225,254,244,249,211},
{64,70,75,93,90,94,67,105},
{196,206,222,255,207,203,217,170},
{64,67,93,26,16,1,95,113},
{207,204,199,41,44,51,42,253},
{155,152,150,219,163,180,206,248},
{172,169,214,208,216,217,223,229},
{196,193,190,168,160,161,167,141},
{57,61,59,38,56,58,39,8},
{100,101,69,103,69,68,55,8},
{138,154,156,153,135,242,144,170},
{203,129,202,135,214,153,150,176},
{167,189,165,189,185,182,161,145},
{223,180,156,154,129,214,202,241},
{185,181,171,174,181,172,251,128},
{8,23,121,84,78,83,91,56},
{70,58,68,69,60,98,60,9},
{25,22,104,9,118,11,10,53},
{161,247,253,224,225,242,167,205},
{175,190,189,159,197,196,154,240},
{215,220,205,134,158,99,45,251},
{169,170,170,169,164,169,183,153},
{113,117,122,115,104,107,117,88},
{5,31,31,0,26,3,1,45},
{94,84,69,27,4,25,22,48},
{232,201,223,212,218,163,181,187},
{159,129,159,230,214,204,193,175},
{21,25,11,15,4,13,14,32},
{66,64,77,70,93,67,73,107},
{47,60,100,18,7,0,25,74},
{180,181,177,179,164,184,166,128},
{106,104,101,118,107,104,121,67},
{243,192,201,211,212,212,200,223},
{105,100,120,103,96,127,123,81},
{147,145,145,135,157,131,214,165},
{95,28,65,71,70,64,77,111},
{144,151,140,151,140,138,135,161},
{220,198,223,218,199,195,208,234},
{66,52,37,93,2,95,28,106},
{176,164,162,174,176,179,190,149},
{75,74,84,181,168,174,163,125},
{252,249,135,212,213,214,138,181},
{76,79,19,236,178,183,177,125},
{56,68,74,68,68,88,36,113},
{198,203,196,222,217,215,221,234},
{8,25,82,73,27,1,14,40},
{95,95,93,67,0,10,7,106},
{80,46,61,67,69,69,63,112},
{133,133,136,141,129,206,176,233},
{125,114,123,97,96,102,120,81},
{225,228,226,227,250,179,164,208},
{180,182,173,212,234,245,238,129},
{11,8,2,65,17,30,15,57},
{6,46,44,55,106,2,41,64},
{213,139,139,139,141,132,251,185},
{163,177,181,186,171,228,174,151},
{14,21,66,94,68,58,41,96},
{229,239,230,170,164,233,233,128},
{49,45,114,107,114,117,118,88},
{45,34,49,49,48,47,39,1},
{96,62,102,96,108,120,7,81},
{193,219,210,222,194,214,198,233},
{135,169,131,129,138,207,175,234},
{1,24,30,19,4,25,22,48},
{234,243,242,252,130,239,144,217},
{243,237,226,235,245,247,240,192},
{48,54,40,55,55,59,32,3},
{38,4,32,4,7,35,60,74},
{181,186,179,173,168,174,180,153},
{4,34,35,105,99,107,101,77},
{193,218,221,217,199,195,208,234},
{78,82,86,79,75,72,89,99},
{203,41,45,34,51,124,52,255},
{119,34,44,82,98,99,89,10},
{38,43,36,61,37,63,57,10},
{100,17,5,35,42,42,40,74},
{217,218,135,175,156,171,137,241},
{169,170,247,240,241,174,174,153},
{120,126,116,124,96,27,53,74},
{227,155,227,157,194,152,136,170},
{17,34,17,51,102,103,59,74},
{161,133,190,162,188,250,230,213},
{80,75,78,85,76,74,71,97},
{34,57,63,38,60,61,37,10},
{30,30,5,4,14,112,121,42},
{229,186,231,188,186,187,186,137},
{99,26,21,31,24,15,92,42},
{19,14,3,12,20,16,30,33},
{113,97,107,101,126,40,52,3},
{108,113,127,117,60,66,81,24},
{93,26,85,83,73,30,96,57},
{181,191,182,243,177,187,178,208},
{124,47,99,112,121,98,120,77},
{120,99,54,96,109,102,125,73},
{141,134,135,132,136,155,158,173},
{92,71,67,80,89,67,69,109},
{195,238,240,237,225,247,212,128},
{249,246,255,239,234,241,234,213},
{14,42,48,16,73,75,67,93},
{161,240,189,189,176,181,185,207},
{208,206,166,158,130,134,146,237},
{234,227,254,252,253,226,231,202},
{59,69,126,98,124,58,38,21},
{68,2,30,4,13,23,20,33},
{178,238,239,224,251,227,230,197},
{45,34,51,124,49,42,39,1},
{36,40,53,109,115,111,120,74},
{116,119,115,100,105,123,123,69},
{240,142,155,191,157,156,230,208},
{108,107,109,82,89,76,37,93},
{69,70,71,29,28,23,30,41},
{92,93,92,66,95,95,89,106},
{93,71,70,76,74,85,66,117},
{33,126,127,102,96,97,109,77},
{154,155,155,158,128,136,152,171},
{37,55,54,36,41,34,35,5},
{160,169,180,177,176,170,181,128},
{175,233,145,147,234,156,146,159},
{197,200,208,215,202,213,209,247},
{185,166,166,191,164,160,164,145},
{19,7,2,15,69,3,9,97},
{9,23,16,238,161,191,163,125},
{136,218,138,146,146,145,141,160},
{94,84,89,74,3,79,27,119},
{228,243,226,229,237,162,160,201},
{8,16,20,22,11,22,15,32},
{96,102,126,117,104,115,119,85},
{246,138,215,133,143,142,143,185},
{219,251,248,247,250,236,240,153},
{123,52,122,98,111,96,41,75},
{230,158,152,159,154,148,255,169},
{205,215,210,49,40,46,35,253},
{76,6,11,4,28,5,27,41},
{198,203,196,220,221,223,223,234},
{124,113,99,98,120,117,126,80},
{207,217,203,207,196,205,208,224},
{252,246,254,227,229,250,168,205},
{233,245,241,254,247,209,213,219},
{134,162,220,220,215,221,200,234},
{70,93,68,66,79,88,71,107},
{215,169,211,170,172,165,164,152},
{234,236,239,230,246,192,190,219},
{180,183,199,55,54,52,35,253},
{35,39,44,37,38,61,57,10},
{217,197,193,206,199,192,218,235},
{147,209,219,210,158,152,220,179},
{112,46,47,116,118,126,114,65},
{108,96,121,27,49,59,41,85},
{42,57,48,59,34,32,45,7},
{107,56,57,59,68,61,63,7},
{170,212,224,188,191,190,223,138},
{97,110,103,120,96,100,98,77},
{69,103,67,58,60,58,40,10},
{62,33,63,37,33,46,63,9},
{101,98,124,108,124,122,119,81},
{16,4,113,101,67,74,74,41},
{79,92,4,114,103,96,121,42},
{206,238,202,205,233,234,190,129},
{144,156,148,219,163,180,207,248},
{11,74,76,66,92,85,24,43},
{184,190,179,166,160,186,183,145},
{9,70,56,4,5,91,91,101},
{254,231,224,241,215,227,227,145},
{9,70,56,33,5,6,7,101},
{186,190,164,162,175,184,160,139},
{20,18,19,27,28,244,169,123},
{230,246,173,217,235,228,198,131},
{199,222,217,196,194,207,216,234},
{185,178,179,173,165,171,182,153},
{65,64,65,66,64,91,37,112},
{96,120,124,115,101,96,127,72},
{17,30,23,114,119,118,108,61},
{184,171,176,179,187,195,210,151},
{219,164,213,222,214,214,222,234},
{109,50,74,75,105,79,78,1},
{213,218,211,201,205,213,206,249},
{104,97,126,120,116,98,124,72},
{116,111,116,114,127,72,81,91},
{218,195,217,220,237,200,218,181},
{53,7,92,1,33,32,28,106},
{231,235,165,245,186,251,167,131},
{44,33,57,76,124,98,111,21},
{120,42,39,32,33,59,57,5},
{183,190,251,131,177,239,238,217},
{220,218,215,208,200,202,195,245},
{78,51,54,52,53,40,97,1},
{230,231,235,168,214,197,196,133},
{253,129,144,140,209,210,210,221},
{126,102,98,127,97,102,124,79},
{193,187,195,189,186,199,184,241},
{118,112,111,114,109,108,102,64},
{124,97,111,101,44,97,97,8},
{197,216,222,211,197,195,199,240},
{170,178,189,161,174,167,164,138},
{238,240,246,239,235,232,225,195},
{236,158,147,153,144,138,150,165},
{38,38,36,62,126,110,114,73},
{38,65,56,66,31,64,65,111},
{71,76,94,88,67,80,89,107},
{91,20,89,93,67,80,89,107},
{170,187,244,185,232,163,176,138},
{55,51,62,63,51,64,62,91},
{245,239,183,185,184,178,204,141},
{30,7,0,17,21,26,9,53},
{156,156,128,141,158,215,209,170},
{248,253,133,133,141,131,153,177},
{5,7,6,84,85,10,11,53},
{144,146,147,149,201,233,150,161},
{48,47,54,93,13,2,19,29},
{143,136,152,197,136,154,158,234},
{177,170,167,160,189,190,179,133},
{219,197,196,197,218,203,193,243},
{192,187,196,181,190,182,182,137},
{209,195,199,204,197,220,218,233},
{73,70,79,91,93,82,68,101},
{215,207,161,140,150,139,131,224},
{68,87,82,177,168,171,170,125},
{61,38,60,40,48,54,59,21},
{122,106,126,104,96,108,105,10},
{74,106,83,65,89,109,87,56},
{24,19,28,26,2,15,111,42},
{251,243,253,254,250,231,171,202},
{248,251,229,162,168,185,231,201},
{129,149,131,160,146,144,156,239},
{66,65,95,69,93,92,86,112},
{219,163,221,223,166,194,200,235},
{89,22,14,15,72,64,66,42},
{71,85,91,85,82,22,87,51},
{158,242,175,141,244,137,246,193},
{159,153,145,219,213,148,234,175},
{143,144,150,155,148,143,140,184},
{209,222,215,40,48,59,49,253},
{228,226,227,250,179,164,184,209},
{79,176,174,183,170,249,169,127},
{54,43,54,60,32,38,43,5},
{234,227,254,253,252,226,233,202},
{236,235,239,208,207,132,145,221},
{139,130,139,147,145,139,150,161},
{41,51,48,12,24,34,73,91},
{224,183,231,236,229,253,228,201},
{203,235,232,231,234,252,224,137},
{37,38,123,125,124,127,126,73},
{144,222,192,147,235,250,249,176},
{210,192,205,154,134,156,226,183},
{134,252,177,177,188,129,141,219},
{137,198,204,221,131,156,129,167},
{177,179,175,248,228,250,243,213},
{203,200,193,211,220,218,194,231},
{124,88,32,39,34,36,54,16},
{224,255,230,240,142,226,191,205},
{18,18,16,242,178,162,190,125},
{205,205,192,197,201,134,193,161},
{252,247,246,226,254,234,250,205},
{121,118,127,106,110,109,118,85},
{73,78,77,87,92,85,76,120},
{10,3,21,25,5,28,8,42},
{83,74,74,82,85,84,94,120},
{255,236,146,135,163,224,225,203},
{169,168,211,212,213,212,242,152},
{125,112,113,64,62,14,82,93},
{117,126,127,108,112,119,106,85},
{49,62,47,88,23,14,3,29},
{155,152,131,144,153,130,152,173},
{225,250,249,228,179,227,240,202},
{108,84,73,25,82,83,87,95},
{100,96,98,113,116,107,114,85},
{21,30,5,10,18,14,18,53},
{123,124,81,126,101,109,113,24},
{185,159,141,153,139,187,137,234},
{160,79,78,50,76,104,74,255},
{101,100,29,29,66,96,121,42},
{73,169,168,167,177,177,179,127},
{252,231,227,240,249,227,231,205},
{202,180,128,220,223,166,193,234},
{181,164,165,220,167,222,185,234},
{185,167,172,165,188,191,187,138},
{244,140,244,134,142,243,241,187},
{120,111,106,69,79,65,70,29},
{226,236,161,213,196,188,196,135},
{242,235,236,228,244,242,255,217},
{54,127,104,116,113,79,89,24},
{93,88,94,73,13,113,31,41},
{96,99,99,96,119,14,62,85},
{185,178,169,172,178,171,182,153},
{157,146,131,152,149,158,133,177},
{93,82,91,70,64,91,70,113},
{178,207,147,108,55,49,53,253},
{117,43,42,83,44,87,38,25},
{37,89,72,57,101,102,68,5},
{252,167,198,238,234,249,174,136},
{238,206,147,149,234,202,158,161},
{7,3,1,17,16,31,9,53},
{157,225,230,129,254,131,134,173},
{38,31,13,29,89,71,91,117},
{73,95,69,66,64,7,111,42},
{117,82,98,118,113,40,68,1},
{233,144,147,232,233,228,233,216},
{56,60,62,57,57,38,38,9},
{85,74,24,76,92,82,74,97},
{189,190,174,172,176,183,170,149},
{129,189,160,189,161,191,184,209},
{185,191,180,179,227,153,180,213},
{11,29,25,22,31,16,12,51},
{58,59,60,61,98,63,40,10},
{121,5,107,21,49,110,110,89},
{197,222,196,192,216,219,211,237},
{154,158,135,140,158,159,131,169},
{145,199,199,53,52,44,103,253},
{56,79,51,41,53,73,39,17},
{244,208,204,180,160,172,160,189},
{202,201,235,190,184,190,178,133},
{76,74,78,169,173,162,178,125},
{182,172,245,235,247,240,235,211},
{76,64,88,65,80,86,91,117},
{37,44,44,53,46,53,49,23},
{201,205,194,203,215,215,205,224},
{73,69,10,116,101,65,103,40},
{61,37,36,33,54,41,50,21},
{145,139,141,140,150,147,136,161},
{244,238,227,236,244,255,242,193},
{193,134,248,196,153,198,199,165},
{93,87,78,68,73,66,89,101},
{199,201,176,203,180,144,202,247},
{46,33,41,85,58,96,60,7},
{97,107,104,104,117,37,119,89},
{14,20,14,4,9,2,3,37},
{99,100,25,28,22,30,16,42},
{69,74,90,89,84,66,79,105},
{58,24,69,71,71,65,78,115},
{8,112,2,10,15,13,16,56},
{186,169,139,216,217,219,164,229},
{20,19,49,111,111,47,81,91},
{151,133,153,229,242,245,244,183},
{102,24,63,42,62,57,98,72},
{22,239,239,162,190,164,218,127},
{171,181,179,169,167,169,174,197},
{122,124,100,19,111,109,113,75},
{66,92,42,26,71,20,54,115},
{245,233,243,225,224,234,148,197},
{218,219,165,221,161,217,201,234},
{83,77,24,74,71,64,65,99},
{37,82,89,85,64,63,31,106},
{101,127,122,105,112,118,123,85},
{70,94,83,92,68,64,71,113},
{230,154,226,229,157,158,151,169},
{213,204,202,41,44,51,42,253},
{229,238,240,246,251,244,239,215},
{224,254,128,175,209,171,211,221},
{62,52,57,43,47,47,49,23},
{40,127,114,104,101,101,51,65},
{73,15,95,84,93,68,71,113},
{202,214,204,164,128,156,132,234},
{59,59,62,59,58,57,42,10},
{84,177,182,181,170,168,165,127},
{237,209,206,213,202,200,197,223},
{232,247,243,192,201,202,210,221},
{23,23,21,125,120,103,25,35},
{161,188,187,167,165,185,161,145},
{6,11,4,31,26,31,31,42},
{44,58,32,38,43,60,117,7},
{188,197,205,199,196,204,209,243},
{88,78,94,121,83,95,93,57},
{200,198,139,243,226,225,224,169},
{145,183,182,49,72,59,59,253},
{219,220,222,192,216,215,217,234},
{192,187,186,195,185,182,190,137},
{90,9,89,86,95,73,72,115},
{93,65,4,22,10,6,18,96},
{224,169,228,230,248,245,254,208},
{248,133,167,160,161,255,255,201},
{86,89,90,80,29,97,15,57},
{117,126,97,18,48,49,56,77},
{225,238,231,231,225,224,252,205},
{9,117,71,101,29,30,31,41},
{43,39,42,43,39,108,18,71},
{61,37,62,57,61,50,62,13},
{57,49,119,127,103,112,54,16},
{250,169,183,188,181,175,171,153},
{123,102,107,100,101,127,127,73},
{74,52,93,93,94,95,28,106},
{237,247,255,227,251,251,226,197},
{7,89,90,67,95,69,95,112},
{215,211,218,218,196,216,198,224},
{157,134,159,132,130,143,152,170},
{163,234,231,248,177,249,248,197},
{170,173,165,242,239,237,231,131},
{108,111,98,97,12,49,63,88},
{178,145,136,223,143,132,141,159},
{251,231,236,253,182,170,178,202},
{133,145,148,139,146,144,157,183},
{131,135,140,157,214,151,210,170},
{102,107,124,97,110,123,104,74},
{228,231,230,180,233,237,233,213},
{190,189,180,185,160,219,245,138},
{40,47,43,44,51,120,109,25},
{200,215,168,211,170,172,212,151},
{137,136,139,143,132,230,201,160},
{244,228,250,128,156,130,252,157},
{132,241,229,195,202,202,200,170},
{239,248,231,250,179,254,228,199},
{62,66,58,68,60,57,70,113},
{35,52,125,52,63,36,41,3},
{12,17,8,105,60,110,99,61},
{102,107,124,53,120,44,124,74},
{125,39,35,39,38,43,72,17},
{82,90,69,64,95,70,89,106},
{90,95,67,89,71,67,80,106},
{202,203,207,212,201,212,210,248},
{112,118,118,108,114,108,106,64},
{9,42,34,59,47,60,3,74},
{13,75,65,84,17,87,93,45},
{113,13,26,29,101,25,102,81},
{97,112,118,123,108,37,56,88},
{205,194,203,220,221,222,200,225},
{117,117,106,105,116,111,107,65},
{128,147,151,156,149,143,135,185},
{146,157,159,159,128,252,217,170},
{36,93,85,95,92,68,89,107},
{186,185,164,191,190,184,198,147},
{38,33,36,42,57,39,59,21},
{238,233,240,246,251,237,233,215},
{169,187,175,165,184,237,243,200},
{104,97,125,121,97,127,124,72},
{90,79,94,84,89,74,3,117},
{163,189,189,189,191,191,160,139},
{168,174,163,172,179,178,191,129},
{169,179,177,181,179,169,191,129},
{161,186,204,221,220,167,166,145},
{32,36,33,36,59,95,122,17},
{135,140,157,214,150,209,204,171},
{247,240,234,227,236,241,236,215},
{129,251,254,242,254,237,176,200},
{246,236,242,161,241,254,247,217},
{6,91,92,92,33,94,66,106},
{89,71,91,35,52,18,19,121},
{48,45,44,38,88,100,64,3},
{195,217,196,195,222,217,221,235},
{28,8,16,22,27,11,8,55},
{130,132,155,152,145,139,138,181},
{237,242,243,227,248,255,251,197},
{75,72,65,95,93,71,89,103},
{170,191,182,148,201,202,211,221},
{59,84,118,123,114,125,105,21},
{27,2,12,114,97,31,1,42},
{170,137,220,142,131,140,145,159},
{49,53,58,43,100,123,39,24},
{25,61,62,98,29,101,31,80},
{193,218,222,212,199,195,208,234},
{187,178,190,181,182,181,214,138},
{99,71,101,26,22,29,9,42},
{111,36,99,115,105,107,125,3},
{48,44,54,12,1,10,11,29},
{182,135,143,143,134,138,145,223},
{184,177,171,174,177,168,183,152},
{162,212,197,194,199,192,161,138},
{138,199,195,206,207,195,144,170},
{252,250,247,240,234,226,240,213},
{141,135,194,194,197,205,138,232},
{221,223,166,193,201,192,203,237},
{9,89,11,73,67,74,6,41},
{27,12,69,15,10,108,97,59},
{234,234,250,238,248,240,252,153},
{242,245,140,170,171,135,128,195},
{229,228,156,228,231,158,128,170},
{248,250,251,229,225,238,231,201},
{53,62,38,42,41,42,52,21},
{178,162,160,173,190,247,245,138},
{110,3,2,125,122,121,120,49},
{225,248,255,254,224,246,255,201},
{129,138,139,149,157,150,142,161},
{240,216,200,206,195,212,152,223},
{146,159,129,158,154,134,156,170},
{214,171,212,165,173,171,174,153},
{81,81,81,87,73,6,12,99},
{201,49,44,54,48,45,44,255},
{189,184,186,165,209,198,223,138},
{109,38,110,86,72,66,60,93},
{77,78,87,67,88,67,71,101},
{26,247,169,178,173,172,183,127},
{169,166,175,176,190,167,184,133},
{157,158,188,152,197,185,198,241},
{88,5,37,91,37,92,94,104},
{212,213,210,175,167,145,146,155},
{254,231,238,224,240,246,251,213},
{91,7,85,85,91,90,94,106},
{214,44,33,42,49,52,48,255},
{71,95,90,73,80,86,91,117},
{245,245,248,253,241,190,192,153},
{28,26,23,16,0,12,16,53},
{136,150,155,168,176,158,154,237},
{169,162,184,190,189,161,187,137},
{177,187,186,176,176,168,212,129},
{205,140,140,134,206,206,137,163},
{187,185,184,161,174,190,160,138},
{198,201,219,223,212,221,196,240},
{44,33,47,43,51,51,43,0},
{126,109,108,21,73,74,17,33},
{99,98,101,126,101,99,98,80},
{120,121,100,45,62,34,35,72},
{151,147,158,159,147,32,94,251},
{8,13,14,21,17,30,14,57},
{79,64,65,88,66,65,92,103},
{197,247,235,224,181,171,183,145},
{181,176,168,183,178,175,167,129},
{13,8,11,116,119,127,28,61},
{101,113,121,5,18,109,109,87},
{238,206,234,237,201,202,158,161},
{178,171,248,229,235,225,176,138},
{227,244,189,165,254,228,233,195},
{93,66,78,66,13,113,102,41},
{143,135,159,136,135,137,208,234},
{81,45,91,86,84,95,79,97},
{9,2,24,21,6,23,23,41},
{29,67,92,21,94,67,80,106},
{22,107,105,105,105,111,113,89},
{107,121,36,37,122,84,121,10},
{22,74,74,90,75,83,22,56},
{241,254,128,175,141,173,211,221},
{134,135,160,139,137,137,149,225},
{126,96,32,52,40,54,72,17},
{109,119,20,58,49,56,126,88},
{206,193,194,200,133,249,203,161},
{220,221,194,193,193,193,218,237},
{152,152,147,133,128,159,134,169},
{38,42,101,42,40,43,40,67},
{188,177,186,187,161,161,191,144},
{149,157,130,133,129,155,159,173},
{166,188,181,157,181,151,185,207},
{141,134,152,137,137,147,151,181},
{169,170,181,177,172,171,182,129},
{193,220,195,198,221,217,214,240},
{131,175,162,164,173,133,173,197},
{87,75,79,68,77,87,95,97},
{6,10,69,57,86,33,89,99},
{180,178,171,213,238,242,236,131},
{147,136,138,131,149,145,158,184},
{153,214,137,136,148,136,152,247},
{136,149,193,223,212,221,199,240},
{31,26,30,25,28,3,26,45},
{239,228,237,245,254,252,241,195},
{223,201,203,203,208,197,201,247},
{108,113,104,117,113,126,119,89},
{191,187,191,171,224,226,237,136},
{89,86,95,74,74,77,86,117},
{128,175,168,142,211,171,172,223},
{196,207,140,193,193,204,209,170},
{177,206,187,187,183,181,168,128},
{154,239,193,199,204,219,139,171},
{3,27,26,29,5,1,14,40},
{224,230,235,228,229,255,250,201},
{56,59,63,60,58,37,81,8},
{128,131,138,156,128,158,224,185},
{82,71,99,89,88,35,127,13},
{251,231,234,250,248,245,230,208},
{185,182,191,170,175,174,182,149},
{165,187,182,189,163,167,186,141},
{20,105,103,85,88,75,74,93},
{84,71,70,80,46,67,31,109},
{59,103,53,53,59,58,62,10},
{62,34,33,60,39,35,48,10},
{151,135,132,156,140,152,169,229},
{23,19,15,77,95,189,161,123},
{172,147,136,142,131,140,145,159},
{84,9,115,3,12,14,7,56},
{74,69,70,68,9,117,98,37},
{199,195,195,201,215,148,158,245},
{189,227,252,225,238,255,168,202},
{235,241,232,201,200,206,195,221},
{101,102,126,96,102,123,126,77},
{237,206,226,236,248,190,162,153},
{168,142,211,213,213,214,211,225},
{140,209,218,212,204,186,175,224},
{194,226,191,160,160,221,162,141},
{165,249,133,146,147,146,145,216},
{81,67,87,93,64,21,11,48},
{128,137,147,151,143,151,146,160},
{195,196,197,194,191,183,161,138},
{181,166,239,160,172,182,187,149},
{161,183,160,179,183,188,181,151},
{158,153,133,129,142,135,136,170},
{245,250,255,249,241,182,188,205},
{69,72,86,75,75,85,81,119},
{83,77,78,118,98,100,15,33},
{235,247,243,255,234,249,255,195},
{174,176,176,161,160,170,212,133},
{52,77,50,79,79,176,183,123},
{166,162,165,183,160,242,242,213},
{195,206,195,214,191,149,149,245},
{233,196,192,194,220,156,144,170},
{120,121,100,45,62,34,35,72},
{162,186,186,186,163,188,164,138},
{8,70,74,95,84,93,64,112},
{67,85,93,93,64,71,88,107},
{126,115,99,127,103,99,112,74},
{91,77,73,36,37,63,59,9},
{67,78,65,65,68,78,72,117},
{227,245,253,170,183,133,143,219},
{99,103,108,125,54,120,105,74},
{152,135,158,148,153,136,136,181},
{130,205,217,195,205,219,217,170},
{96,106,96,121,97,101,126,81},
{145,175,131,193,192,202,180,229},
{44,42,39,56,32,42,84,5},
{233,243,247,252,239,239,239,217},
{100,54,59,52,47,39,43,25},
{215,214,213,247,211,212,242,152},
{38,91,83,93,94,90,71,105},
{159,152,204,208,206,176,193,234},
{99,108,116,109,115,122,96,67},
{62,107,118,123,110,105,102,88},
{52,49,49,72,21,78,67,93},
{252,225,177,251,180,250,250,200},
{57,69,43,44,45,47,47,25},
{171,176,174,178,179,179,254,216},
{170,179,188,161,174,183,165,138},
{174,167,176,147,136,142,131,157},
{39,58,37,33,46,39,56,10},
{254,227,183,229,252,248,253,202},
{227,155,227,228,159,224,129,170},
{81,30,96,112,112,46,12,61},
{233,232,244,181,185,170,246,216},
{85,26,24,27,24,22,91,117},
{107,21,46,50,44,106,118,69},
{129,147,135,141,144,197,219,224},
{123,101,34,40,57,103,96,74},
{167,170,168,163,162,199,181,151},
{57,65,61,65,68,76,65,112},
{91,82,69,65,78,94,65,106},
{38,43,36,62,63,61,61,10},
{98,105,109,116,11,51,46,87},
{62,83,44,8,9,10,86,97},
{197,242,199,209,210,192,212,160},
{159,156,186,131,145,137,205,231},
{138,130,154,128,158,148,153,179},
{99,30,62,47,41,44,48,89},
{131,149,145,252,253,227,252,209},
{159,130,128,141,134,158,130,170},
{56,63,34,61,60,58,55,17},
{234,176,236,145,238,215,211,219},
{66,64,90,88,85,94,95,113},
{123,124,52,117,121,106,54,24},
{184,178,204,165,220,167,222,145},
{192,193,223,217,197,192,223,232},
{215,203,179,220,130,166,156,234},
{170,190,178,171,243,233,245,207},
{208,215,202,213,209,222,215,249},
{251,133,253,255,255,159,230,203},
{229,161,221,202,232,233,234,128},
{196,199,207,175,157,189,188,237},
{4,3,30,25,29,18,27,45},
{243,237,246,234,225,210,245,129},
{36,118,123,108,37,60,105,89},
{3,4,5,2,127,119,97,74},
{137,138,143,140,146,231,247,184},
{21,49,10,30,0,70,90,97},
{21,12,14,114,108,119,122,61},
{24,29,24,5,1,14,7,41},
{237,238,245,225,228,251,226,197},
{178,172,172,168,181,252,184,215},
{41,13,14,86,82,84,86,96},
{126,100,105,98,121,124,126,71},
{24,81,78,25,0,13,30,40},
{57,58,33,34,36,59,35,17},
{155,142,195,223,210,211,223,173},
{147,156,131,132,152,138,144,179},
{173,183,176,188,164,185,185,133},
{65,69,74,91,20,92,13,104},
{113,111,107,104,97,125,124,69},
{5,0,25,0,2,28,26,48},
{37,120,127,124,122,115,103,73},
{8,2,124,72,21,105,22,33},
{3,4,5,2,127,119,97,74},
{133,249,232,196,224,155,228,165},
{82,92,94,67,44,14,19,106},
{249,241,141,226,157,185,231,208},
{130,155,128,141,134,154,155,170},
{108,104,99,78,96,120,120,5},
{74,67,68,92,94,70,93,106},
{101,100,29,100,24,22,0,42},
{158,148,153,138,195,216,138,183},
{217,158,139,149,150,174,186,247},
{140,143,134,249,240,242,237,189},
{0,6,11,4,26,14,30,49},
{187,185,163,167,172,165,189,136},
{216,217,218,135,128,129,222,232},
{132,130,128,145,148,139,146,181},
{116,111,107,104,97,121,114,69},
{102,41,102,100,111,108,98,8},
{233,243,250,246,234,242,238,193},
{9,117,27,64,65,30,30,41},
{36,95,90,64,68,74,83,109},
{47,53,46,16,22,11,15,29},
{41,50,63,18,20,18,15,29},
{54,90,90,92,34,94,38,105},
{99,102,125,100,98,111,120,74},
{7,0,1,27,27,5,0,39},
{56,39,114,60,49,58,42,13},
{17,26,2,7,1,27,1,49},
{69,78,84,93,66,91,94,101},
{180,182,174,168,214,186,186,133},
{17,30,15,56,39,33,111,61},
{138,143,197,130,136,153,199,233},
{84,95,81,69,95,91,66,101},
{205,177,160,191,190,158,159,237},
{131,154,151,136,193,223,140,181},
{37,54,120,106,57,116,116,21},
{37,42,58,59,112,34,47,9},
{4,31,26,9,16,22,27,53},
{63,34,32,45,62,33,37,10},
{176,174,236,240,238,255,168,202},
{240,241,226,242,241,236,247,216},
{121,3,2,125,125,125,120,73},
{17,20,9,27,13,9,6,32},
{123,54,72,81,40,85,84,21},
{23,9,27,15,5,15,20,103},
{52,57,50,51,45,43,38,24},
{127,124,99,122,103,99,112,74},
{15,76,70,83,13,22,11,33},
{26,31,25,6,84,24,0,43},
{71,74,90,88,85,70,15,113},
{89,93,65,89,92,91,71,104},
{5,13,22,109,112,107,111,61},
{230,182,242,246,253,179,179,149},
{179,171,180,182,174,164,169,131},
{24,30,19,6,6,6,27,49},
{195,198,221,196,192,199,193,234},
{110,39,44,61,118,105,34,10},
{4,5,125,123,119,104,96,75},
{151,181,207,202,201,49,47,251},
{20,30,75,40,36,44,99,61},
{91,91,88,89,95,95,80,106},
{153,153,131,139,243,228,194,168},
{44,86,86,88,91,82,75,101},
{133,196,186,138,214,132,166,227},
{113,126,119,80,74,86,74,93},
{159,181,181,168,243,153,176,217},
{247,229,249,147,181,175,169,215},
{207,176,238,180,183,177,177,128},
{0,17,90,23,21,88,10,32},
{221,217,197,220,197,193,206,232},
{120,123,100,97,99,97,122,77},
{134,157,152,135,158,148,153,179},
{202,180,128,162,130,223,185,234},
{220,165,173,167,164,172,177,147},
{66,90,93,70,95,89,72,106},
{186,178,185,254,172,153,143,219},
{188,177,186,162,161,166,175,144},
{233,234,247,245,236,235,246,193},
{14,20,106,127,7,119,112,51},
{161,178,251,225,176,170,167,129},
{105,46,36,108,62,115,60,73},
{155,130,128,141,134,158,129,170},
{249,243,251,255,250,238,242,201},
{71,87,84,76,92,72,27,53},
{17,30,23,118,119,113,108,61},
{95,123,4,127,120,11,9,51},
{66,67,97,62,63,32,88,11},
{93,65,61,42,84,42,47,96},
{91,34,35,34,33,94,57,106},
{174,165,168,162,190,167,189,205},
{17,109,79,21,17,22,22,33},
{197,206,213,216,220,193,217,229},
{206,228,192,195,187,190,190,135},
{253,240,252,252,253,241,196,144},
{38,43,33,37,55,32,35,10},
{124,119,120,124,113,96,99,77},
{54,59,63,37,63,37,33,7},
{240,235,243,246,237,244,247,216},
{20,3,26,25,29,18,27,45},
{130,143,144,150,155,140,197,183},
{135,181,234,183,176,146,145,216},
{49,52,126,115,100,45,111,80},
{200,215,209,200,213,215,215,224},
{27,27,5,1,14,7,24,42},
{247,241,233,138,168,169,160,197},
{251,168,208,172,172,170,189,151},
{2,25,5,0,31,6,28,42},
{1,10,16,22,14,31,20,33},
{201,207,209,222,215,49,49,251},
{99,100,101,98,31,23,1,42},
{51,57,51,33,124,125,34,80},
{107,25,26,1,29,24,7,48},
{115,102,43,39,42,43,39,69},
{132,130,143,152,153,138,128,173},
{203,52,47,81,119,118,106,255},
{109,121,110,113,117,122,115,85},
{81,45,58,61,69,57,71,113},
{217,226,246,232,174,178,176,138},
{228,187,248,191,162,189,176,143},
{95,178,179,179,175,164,173,127},
{131,144,156,154,129,130,152,175},
{154,152,149,158,128,129,146,179},
{98,48,120,125,98,111,120,74},
{230,229,228,157,228,152,150,169},
{118,111,108,86,72,78,67,93},
{255,249,229,225,238,252,232,202},
{236,150,232,225,152,229,154,165},
{25,101,30,21,28,31,1,41},
{69,74,67,93,94,93,68,105},
{153,157,146,155,129,141,132,176},
{250,134,254,136,240,245,138,181},
{143,159,196,178,161,223,192,234},
{32,86,59,103,67,61,65,8},
{169,173,167,196,211,172,209,152},
{189,246,189,160,236,190,179,141},
{227,226,229,237,145,254,159,202},
{141,148,159,155,132,146,153,165},
{230,186,189,188,193,185,168,138},
{106,123,52,116,45,99,112,74},
{228,250,132,147,177,238,239,217},
{27,0,13,30,87,83,3,43},
{209,245,246,212,211,172,171,152},
{176,171,175,164,173,183,181,129},
{98,120,127,125,97,125,121,74},
{189,187,186,186,174,178,176,138},
{107,117,109,80,72,78,67,93},
{117,118,111,109,113,13,26,77},
{175,164,173,183,179,184,166,131},
{133,157,134,145,149,154,147,181},
{152,134,139,83,104,120,102,253},
{129,144,146,136,133,151,149,161},
{246,154,155,192,156,194,224,169},
{161,174,190,160,169,190,179,141},
{156,193,189,194,193,194,195,240},
{205,215,209,220,196,220,219,229},
{75,79,71,181,175,196,236,125},
{233,230,239,249,241,243,228,197},
{194,217,212,198,215,219,217,234},
{83,28,87,72,79,92,70,99},
{59,68,61,56,62,63,62,10},
{58,71,66,72,73,84,29,117},
{36,42,55,73,114,102,120,23},
{36,46,80,89,88,35,34,13},
{76,67,79,74,83,61,30,121},
{111,114,9,59,39,20,57,91},
{80,28,29,7,12,5,29,40},
{51,37,45,81,63,95,125,11},
{33,37,42,35,59,38,57,8},
{151,147,130,200,182,219,162,229},
{234,233,237,238,241,134,147,219},
{127,120,102,125,96,123,122,77},
{119,48,124,115,103,108,101,71},
{80,72,67,97,77,10,22,37},
{85,83,92,82,80,91,81,57},
{8,1,27,28,30,6,25,40},
{203,205,178,207,205,53,53,251},
{209,214,211,202,200,197,206,224},
{146,233,233,212,207,178,130,221},
{239,249,253,232,233,234,241,189},
{218,167,175,169,170,174,179,149},
{192,213,205,132,152,134,193,161},
{100,108,111,80,65,95,94,93},
{173,179,179,165,187,188,162,133},
{163,159,189,226,156,229,224,207},
{97,110,103,104,96,121,98,77},
{227,182,224,237,230,231,226,202},
{123,109,98,127,122,105,112,83},
{90,75,5,11,78,48,28,106},
{125,91,35,93,36,89,46,17},
{38,25,8,11,3,123,73,31},
{225,224,190,154,229,154,230,208},
{119,112,113,107,109,111,116,87},
{166,251,253,252,254,248,224,202},
{43,44,45,114,47,24,22,27},
{102,68,52,56,61,56,48,10},
{212,217,202,210,213,221,161,248},
{192,195,214,201,202,215,211,249},
{17,70,90,72,54,35,36,101},
{15,25,29,72,73,80,91,93},
{101,120,117,102,47,58,58,83},
{68,73,66,90,90,88,69,104},
{94,91,92,37,45,39,36,17},
{41,85,59,60,97,63,99,9},
{90,89,64,93,91,94,70,105},
{206,209,212,203,210,208,221,247},
{59,38,80,95,94,34,92,13},
{253,180,202,223,216,209,245,147},
{4,15,27,85,91,30,96,57},
{31,7,2,1,24,30,19,45},
{122,51,125,117,98,111,96,74},
{90,95,92,71,70,89,81,107},
{115,121,98,47,43,38,39,64},
{128,151,238,222,196,201,158,184},
{72,77,74,75,52,62,54,1},
{204,238,200,218,204,205,219,184},
{116,110,35,63,50,51,63,77},
{156,147,139,136,129,155,153,165},
{244,254,128,169,168,171,172,221},
{74,52,92,1,2,95,28,106},
{20,110,111,80,84,83,80,93},
{21,30,2,1,18,14,12,53},
{78,78,84,13,19,15,24,42},
{217,216,219,223,193,164,148,235},
{137,138,139,143,146,233,219,184},
{88,50,46,55,45,32,17,63},
{184,235,160,162,173,174,188,202},
{99,32,94,32,43,45,37,15},
{66,93,89,86,69,74,79,115},
{131,129,138,159,141,159,202,177},
{143,153,139,143,132,141,149,160},
{60,34,32,45,62,35,48,10},
{251,253,249,224,241,189,161,205},
{225,238,231,225,225,224,225,205},
{215,217,133,222,211,213,219,231},
{247,240,137,139,133,143,144,184},
{11,5,15,8,64,1,21,106},
{100,100,101,113,116,107,114,85},
{149,134,154,136,246,198,154,165},
{184,164,186,196,240,212,215,152},
{250,229,228,229,248,230,253,202},
{115,16,77,26,27,28,20,31},
{66,91,95,84,93,64,71,113},
{171,163,147,186,168,164,184,197},
{134,132,143,140,130,207,175,234},
{66,91,71,93,71,65,66,106},
{179,128,137,155,136,145,140,159},
{89,91,7,88,85,87,89,105},
{86,65,69,74,67,85,95,103},
{65,30,102,2,7,0,0,45},
{219,212,204,204,204,43,53,251},
{232,206,207,157,151,159,145,161},
{233,174,234,254,245,178,250,141},
{101,127,42,116,121,106,35,85},
{156,158,131,152,135,134,144,170},
{227,255,244,246,226,225,228,203},
{255,227,227,226,235,244,232,207},
{82,87,80,78,85,87,84,96},
{147,208,218,183,233,234,243,189},
{92,93,69,68,78,48,63,106},
{31,0,108,95,67,92,86,45},
{9,26,4,7,29,25,22,48},
{205,134,207,44,33,42,53,253},
{77,64,88,75,80,86,91,117},
{176,185,167,164,185,167,162,144},
{165,170,163,189,180,163,184,137},
{197,241,219,213,219,209,210,177},
{36,63,59,56,49,50,41,21},
{248,249,181,193,208,239,238,155},
{141,241,159,249,248,251,131,173},
{97,110,103,120,104,96,122,77},
{141,143,139,244,245,250,237,189},
{2,3,15,68,58,87,46,97},
{63,42,50,43,35,47,52,23},
{29,31,30,29,7,108,68,37},
{33,57,63,36,34,47,56,10},
{253,249,250,229,170,191,161,200},
{31,0,24,20,7,3,16,42},
{111,121,36,82,71,99,89,10},
{41,13,45,15,81,92,84,96},
{65,91,69,65,78,71,88,106},
{194,205,206,220,145,237,252,173},
{225,213,241,242,242,252,163,147},
{221,208,209,32,94,75,76,253},
{179,187,177,169,180,183,183,129},
{165,170,163,189,190,184,162,137},
{255,146,132,150,150,150,139,223},
{5,83,89,85,91,64,44,105},
{137,245,228,227,193,159,159,169},
{69,88,67,22,64,77,94,104},
{136,138,138,143,137,139,145,185},
{80,2,15,24,6,2,30,45},
{68,112,84,87,47,76,110,27},
{227,233,228,230,244,138,186,208},
{110,106,119,25,51,61,47,87},
{104,112,113,110,119,108,102,64},
{234,185,236,230,152,129,248,195},
{10,117,41,117,115,123,120,67},
{179,139,173,180,176,178,148,193},
{114,13,81,119,118,117,121,59},
{181,219,221,220,167,222,192,234},
{2,21,16,15,22,108,97,59},
{235,168,162,191,225,250,179,197},
{230,206,198,218,200,201,223,165},
{200,193,210,216,199,223,218,232},
{106,117,110,124,96,101,101,5},
{55,48,51,23,77,77,74,120},
{133,133,136,141,129,206,176,233},
{238,169,217,212,213,209,203,223},
{104,110,99,108,119,118,127,65},
{106,57,41,57,59,61,62,74},
{245,186,175,177,178,178,166,219}
}
local _1l00I6365=""
for _00OIll1234=1,#_O0l109583 do
local _0Illl5870=_O0l109583[_00OIll1234]
local _1l10llO3631=_l01IOlO8765[_0Illl5870]
_1l00I6365=_1l00I6365.._01l0lO103131(_1l10llO3631,_1l10llO3631[#_1l10llO3631])
end
local _1II1lO019804=2 while _1II1lO019804<5 do _1II1lO019804=_1II1lO019804+1 end
local _010115598=86 if _010115598>142 then _010115598=_010115598+3 end
local _ll0IlOl4906=51 if _ll0IlOl4906>277 then _ll0IlOl4906=_ll0IlOl4906+10 end
local _Il110l2098=1 if _Il110l2098>238 then _Il110l2098=_Il110l2098+4 end
local _I11IO1532=loadstring or load
if _I11IO1532 then _I11IO1532(_1l00I6365)() else error("unsupported") end
